Query,Rank,Candidate,ALIKED_Score
A01_03_07_W_roh_BELLY.jpg,1,A08_06_08_W_roh_BELLY.jpg,0.13087522983551025
A01_03_07_W_roh_BELLY.jpg,2,A01_15_03_W_roh_BELLY.jpg,0.11445984989404678
A01_03_07_W_roh_BELLY.jpg,3,A08_15_14_W_roh_BELLY.jpg,0.11107929795980453
A01_03_07_W_roh_BELLY.jpg,4,A05_21_01_W_roh_BELLY.jpg,0.10889957845211029
A01_03_07_W_roh_BELLY.jpg,5,A01_18_14_W_roh_BELLY.jpg,0.10353527218103409
A01_03_07_W_roh_BELLY.jpg,6,A08_06_05_SA_roh_BELLY.jpg,0.09408734738826752
A01_03_07_W_roh_BELLY.jpg,7,A08_18_14_M_roh_BELLY.jpg,0.09306357800960541
A01_03_07_W_roh_BELLY.jpg,8,A04_06_01_M_roh_BELLY.jpg,0.09296883642673492
A01_03_07_W_roh_BELLY.jpg,9,A01_06_01_SA_roh_BELLY.jpg,0.09210318326950073
A01_03_07_W_roh_BELLY.jpg,10,A01_18_12_M_roh_BELLY.jpg,0.09093672782182693
A01_03_07_W_roh_BELLY.jpg,11,A02_06_03_M_roh_BELLY.jpg,0.09080803394317627
A01_03_07_W_roh_BELLY.jpg,12,A04_12_04_W_roh_BELLY.jpg,0.08918210119009018
A01_03_07_W_roh_BELLY.jpg,13,A03_12_03_M_roh_BELLY.jpg,0.08591997623443604
A01_03_07_W_roh_BELLY.jpg,14,A08_18_10_W_roh_BELLY.jpg,0.08512002974748611
A01_03_07_W_roh_BELLY.jpg,15,A08_06_02_SA_roh_BELLY.jpg,0.08434246480464935
A01_03_07_W_roh_BELLY.jpg,16,A05_15_03_W_roh_BELLY.jpg,0.08369147777557373
A01_03_07_W_roh_BELLY.jpg,17,A02_06_06_M_roh_BELLY.jpg,0.08330356329679489
A01_03_07_W_roh_BELLY.jpg,18,A03_18_07_M_roh_BELLY.jpg,0.08092524111270905
A01_03_07_W_roh_BELLY.jpg,19,A08_15_06_W_roh_BELLY.jpg,0.08075741678476334
A01_03_07_W_roh_BELLY.jpg,20,A08_06_10_M_roh_BELLY.jpg,0.08057622611522675
A01_05_03_W_roh_BELLY.jpg,1,A08_06_08_W_roh_BELLY.jpg,0.11980569362640381
A01_05_03_W_roh_BELLY.jpg,2,AT01_06_03_W_roh_BELLY.jpg,0.0829104483127594
A01_05_03_W_roh_BELLY.jpg,3,A08_18_04_W_roh_BELLY.jpg,0.08183012902736664
A01_05_03_W_roh_BELLY.jpg,4,A02_06_06_M_roh_BELLY.jpg,0.07440107315778732
A01_05_03_W_roh_BELLY.jpg,5,A08_15_14_W_roh_BELLY.jpg,0.07175444066524506
A01_05_03_W_roh_BELLY.jpg,6,A04_12_04_W_roh_BELLY.jpg,0.07085127383470535
A01_05_03_W_roh_BELLY.jpg,7,A08_06_02_SA_roh_BELLY.jpg,0.07028550654649734
A01_05_03_W_roh_BELLY.jpg,8,A08_06_05_SA_roh_BELLY.jpg,0.06913913786411285
A01_05_03_W_roh_BELLY.jpg,9,A08_06_10_M_roh_BELLY.jpg,0.0690629854798317
A01_05_03_W_roh_BELLY.jpg,10,A05_18_06_W_roh_BELLY.jpg,0.06588803231716156
A01_05_03_W_roh_BELLY.jpg,11,A05_21_01_W_roh_BELLY.jpg,0.06587324291467667
A01_05_03_W_roh_BELLY.jpg,12,A03_12_03_M_roh_BELLY.jpg,0.06541973352432251
A01_05_03_W_roh_BELLY.jpg,13,A04_06_02_M_roh_BELLY.jpg,0.06153806298971176
A01_05_03_W_roh_BELLY.jpg,14,A08_15_05_M_roh_BELLY.jpg,0.06133207306265831
A01_05_03_W_roh_BELLY.jpg,15,A08_12_05_W_roh_BELLY.jpg,0.060965780168771744
A01_05_03_W_roh_BELLY.jpg,16,A05_18_04_W_roh_BELLY.jpg,0.060812219977378845
A01_05_03_W_roh_BELLY.jpg,17,A08_15_04_M_roh_BELLY.jpg,0.06031336262822151
A01_05_03_W_roh_BELLY.jpg,18,A08_12_15_W_roh_BELLY.jpg,0.06020818650722504
A01_05_03_W_roh_BELLY.jpg,19,A04_15_06_M_roh_BELLY.jpg,0.05980075150728226
A01_05_03_W_roh_BELLY.jpg,20,A08_18_17_W_roh_BELLY.jpg,0.05953755974769592
A01_06_01_SA_roh_BELLY.jpg,1,A04_06_01_M_roh_BELLY.jpg,0.15462806820869446
A01_06_01_SA_roh_BELLY.jpg,2,A08_06_02_SA_roh_BELLY.jpg,0.14720797538757324
A01_06_01_SA_roh_BELLY.jpg,3,A04_06_02_M_roh_BELLY.jpg,0.13667123019695282
A01_06_01_SA_roh_BELLY.jpg,4,A08_06_05_SA_roh_BELLY.jpg,0.1258021891117096
A01_06_01_SA_roh_BELLY.jpg,5,AT01_06_03_W_roh_BELLY.jpg,0.12340562790632248
A01_06_01_SA_roh_BELLY.jpg,6,A05_21_01_W_roh_BELLY.jpg,0.11828669160604477
A01_06_01_SA_roh_BELLY.jpg,7,A01_18_14_W_roh_BELLY.jpg,0.10769380629062653
A01_06_01_SA_roh_BELLY.jpg,8,A08_12_13_W_roh_BELLY.jpg,0.1063373014330864
A01_06_01_SA_roh_BELLY.jpg,9,A08_06_08_W_roh_BELLY.jpg,0.10217442363500595
A01_06_01_SA_roh_BELLY.jpg,10,A03_12_03_M_roh_BELLY.jpg,0.10131371021270752
A01_06_01_SA_roh_BELLY.jpg,11,A02_03_02_M_roh_BELLY.jpg,0.09993265569210052
A01_06_01_SA_roh_BELLY.jpg,12,A02_06_06_M_roh_BELLY.jpg,0.09957776963710785
A01_06_01_SA_roh_BELLY.jpg,13,A04_12_04_W_roh_BELLY.jpg,0.09237927198410034
A01_06_01_SA_roh_BELLY.jpg,14,A01_03_07_W_roh_BELLY.jpg,0.09210318326950073
A01_06_01_SA_roh_BELLY.jpg,15,A01_18_03_W_roh_BELLY.jpg,0.09183096885681152
A01_06_01_SA_roh_BELLY.jpg,16,A08_18_04_W_roh_BELLY.jpg,0.0909671038389206
A01_06_01_SA_roh_BELLY.jpg,17,A02_06_03_M_roh_BELLY.jpg,0.09002741426229477
A01_06_01_SA_roh_BELLY.jpg,18,A08_06_10_M_roh_BELLY.jpg,0.08718277513980865
A01_06_01_SA_roh_BELLY.jpg,19,A01_15_03_W_roh_BELLY.jpg,0.08643854409456253
A01_06_01_SA_roh_BELLY.jpg,20,A01_15_01_W_roh_BELLY.jpg,0.08612169325351715
A01_08_01_W_roh_BELLY.jpg,1,A08_06_08_W_roh_BELLY.jpg,0.10440297424793243
A01_08_01_W_roh_BELLY.jpg,2,A08_06_02_SA_roh_BELLY.jpg,0.0848005935549736
A01_08_01_W_roh_BELLY.jpg,3,A04_12_04_W_roh_BELLY.jpg,0.08273643255233765
A01_08_01_W_roh_BELLY.jpg,4,A05_21_01_W_roh_BELLY.jpg,0.07706105709075928
A01_08_01_W_roh_BELLY.jpg,5,A02_06_06_M_roh_BELLY.jpg,0.07393649965524673
A01_08_01_W_roh_BELLY.jpg,6,A08_06_05_SA_roh_BELLY.jpg,0.07293380051851273
A01_08_01_W_roh_BELLY.jpg,7,A08_12_15_W_roh_BELLY.jpg,0.06737324595451355
A01_08_01_W_roh_BELLY.jpg,8,A01_15_03_W_roh_BELLY.jpg,0.06640364974737167
A01_08_01_W_roh_BELLY.jpg,9,AT01_06_03_W_roh_BELLY.jpg,0.06598993390798569
A01_08_01_W_roh_BELLY.jpg,10,A01_18_14_W_roh_BELLY.jpg,0.05990825220942497
A01_08_01_W_roh_BELLY.jpg,11,A06_15_03_W_roh_BELLY.jpg,0.059797901660203934
A01_08_01_W_roh_BELLY.jpg,12,A08_18_23_W_roh_BELLY.jpg,0.05751074105501175
A01_08_01_W_roh_BELLY.jpg,13,A08_12_05_W_roh_BELLY.jpg,0.05735289677977562
A01_08_01_W_roh_BELLY.jpg,14,A04_06_01_M_roh_BELLY.jpg,0.05662975832819939
A01_08_01_W_roh_BELLY.jpg,15,A08_18_17_W_roh_BELLY.jpg,0.05426529049873352
A01_08_01_W_roh_BELLY.jpg,16,A08_18_19_W_roh_BELLY.jpg,0.053375594317913055
A01_08_01_W_roh_BELLY.jpg,17,A03_12_03_M_roh_BELLY.jpg,0.053098659962415695
A01_08_01_W_roh_BELLY.jpg,18,A08_15_04_M_roh_BELLY.jpg,0.05286721512675285
A01_08_01_W_roh_BELLY.jpg,19,A08_15_05_M_roh_BELLY.jpg,0.051687899976968765
A01_08_01_W_roh_BELLY.jpg,20,A08_18_02_W_roh_BELLY.jpg,0.05168430879712105
A01_09_21_W_roh_BELLY.jpg,1,A08_06_08_W_roh_BELLY.jpg,0.09424032270908356
A01_09_21_W_roh_BELLY.jpg,2,A05_21_01_W_roh_BELLY.jpg,0.07067034393548965
A01_09_21_W_roh_BELLY.jpg,3,A04_12_04_W_roh_BELLY.jpg,0.06849601864814758
A01_09_21_W_roh_BELLY.jpg,4,A08_06_02_SA_roh_BELLY.jpg,0.06812986731529236
A01_09_21_W_roh_BELLY.jpg,5,A08_15_04_M_roh_BELLY.jpg,0.06770166009664536
A01_09_21_W_roh_BELLY.jpg,6,A01_18_14_W_roh_BELLY.jpg,0.06727069616317749
A01_09_21_W_roh_BELLY.jpg,7,A08_06_05_SA_roh_BELLY.jpg,0.06570038944482803
A01_09_21_W_roh_BELLY.jpg,8,A08_18_12_W_roh_BELLY.jpg,0.06260616332292557
A01_09_21_W_roh_BELLY.jpg,9,A05_15_03_W_roh_BELLY.jpg,0.060707539319992065
A01_09_21_W_roh_BELLY.jpg,10,A02_06_06_M_roh_BELLY.jpg,0.06034449487924576
A01_09_21_W_roh_BELLY.jpg,11,A08_06_10_M_roh_BELLY.jpg,0.06015634909272194
A01_09_21_W_roh_BELLY.jpg,12,A08_18_04_W_roh_BELLY.jpg,0.06013290584087372
A01_09_21_W_roh_BELLY.jpg,13,A08_12_15_W_roh_BELLY.jpg,0.059574369341135025
A01_09_21_W_roh_BELLY.jpg,14,A02_06_03_M_roh_BELLY.jpg,0.058731112629175186
A01_09_21_W_roh_BELLY.jpg,15,AT01_06_03_W_roh_BELLY.jpg,0.057906124740839005
A01_09_21_W_roh_BELLY.jpg,16,A08_18_17_W_roh_BELLY.jpg,0.05782824009656906
A01_09_21_W_roh_BELLY.jpg,17,A05_18_04_W_roh_BELLY.jpg,0.057580940425395966
A01_09_21_W_roh_BELLY.jpg,18,A01_15_06_W_roh_BELLY.jpg,0.056887343525886536
A01_09_21_W_roh_BELLY.jpg,19,A08_18_23_W_roh_BELLY.jpg,0.05647360906004906
A01_09_21_W_roh_BELLY.jpg,20,A08_12_13_W_roh_BELLY.jpg,0.05439218133687973
A01_12_01_M_roh_BELLY.jpg,1,A08_06_08_W_roh_BELLY.jpg,0.1217416524887085
A01_12_01_M_roh_BELLY.jpg,2,AT01_06_03_W_roh_BELLY.jpg,0.10134392231702805
A01_12_01_M_roh_BELLY.jpg,3,A05_21_01_W_roh_BELLY.jpg,0.09806028008460999
A01_12_01_M_roh_BELLY.jpg,4,A08_12_05_W_roh_BELLY.jpg,0.0910605639219284
A01_12_01_M_roh_BELLY.jpg,5,A02_06_06_M_roh_BELLY.jpg,0.09078888595104218
A01_12_01_M_roh_BELLY.jpg,6,A08_06_02_SA_roh_BELLY.jpg,0.08976918458938599
A01_12_01_M_roh_BELLY.jpg,7,A02_06_03_M_roh_BELLY.jpg,0.08758857846260071
A01_12_01_M_roh_BELLY.jpg,8,A08_06_10_M_roh_BELLY.jpg,0.08288410305976868
A01_12_01_M_roh_BELLY.jpg,9,A04_12_04_W_roh_BELLY.jpg,0.08083592355251312
A01_12_01_M_roh_BELLY.jpg,10,A01_18_14_W_roh_BELLY.jpg,0.07981202751398087
A01_12_01_M_roh_BELLY.jpg,11,A08_06_05_SA_roh_BELLY.jpg,0.07943175733089447
A01_12_01_M_roh_BELLY.jpg,12,A03_12_03_M_roh_BELLY.jpg,0.07855477184057236
A01_12_01_M_roh_BELLY.jpg,13,A08_12_15_W_roh_BELLY.jpg,0.07835408300161362
A01_12_01_M_roh_BELLY.jpg,14,A01_15_03_W_roh_BELLY.jpg,0.07678020745515823
A01_12_01_M_roh_BELLY.jpg,15,A04_06_02_M_roh_BELLY.jpg,0.07639502733945847
A01_12_01_M_roh_BELLY.jpg,16,A08_18_13_W_roh_BELLY.jpg,0.07321479171514511
A01_12_01_M_roh_BELLY.jpg,17,A05_18_04_W_roh_BELLY.jpg,0.07185059785842896
A01_12_01_M_roh_BELLY.jpg,18,A06_12_04_W_roh_BELLY.jpg,0.07146400213241577
A01_12_01_M_roh_BELLY.jpg,19,A01_06_01_SA_roh_BELLY.jpg,0.07104524970054626
A01_12_01_M_roh_BELLY.jpg,20,A08_15_14_W_roh_BELLY.jpg,0.06974846124649048
A01_15_01_W_roh_BELLY.jpg,1,A08_06_08_W_roh_BELLY.jpg,0.11372663080692291
A01_15_01_W_roh_BELLY.jpg,2,A04_06_02_M_roh_BELLY.jpg,0.10621844232082367
A01_15_01_W_roh_BELLY.jpg,3,A08_06_05_SA_roh_BELLY.jpg,0.10458581149578094
A01_15_01_W_roh_BELLY.jpg,4,A01_18_14_W_roh_BELLY.jpg,0.0990993082523346
A01_15_01_W_roh_BELLY.jpg,5,A02_06_03_M_roh_BELLY.jpg,0.09508771449327469
A01_15_01_W_roh_BELLY.jpg,6,A05_21_01_W_roh_BELLY.jpg,0.09224078059196472
A01_15_01_W_roh_BELLY.jpg,7,A02_03_02_M_roh_BELLY.jpg,0.09216167032718658
A01_15_01_W_roh_BELLY.jpg,8,A08_15_14_W_roh_BELLY.jpg,0.09072282165288925
A01_15_01_W_roh_BELLY.jpg,9,A03_12_03_M_roh_BELLY.jpg,0.09014849364757538
A01_15_01_W_roh_BELLY.jpg,10,A01_18_03_W_roh_BELLY.jpg,0.08857348561286926
A01_15_01_W_roh_BELLY.jpg,11,A01_06_01_SA_roh_BELLY.jpg,0.08612169325351715
A01_15_01_W_roh_BELLY.jpg,12,A02_06_06_M_roh_BELLY.jpg,0.08582351356744766
A01_15_01_W_roh_BELLY.jpg,13,A08_06_10_M_roh_BELLY.jpg,0.08569907397031784
A01_15_01_W_roh_BELLY.jpg,14,A01_15_03_W_roh_BELLY.jpg,0.08409381657838821
A01_15_01_W_roh_BELLY.jpg,15,A01_15_07_W_roh_BELLY.jpg,0.08349402993917465
A01_15_01_W_roh_BELLY.jpg,16,A05_15_03_W_roh_BELLY.jpg,0.0798746645450592
A01_15_01_W_roh_BELLY.jpg,17,A08_18_13_W_roh_BELLY.jpg,0.07823092490434647
A01_15_01_W_roh_BELLY.jpg,18,AT01_06_03_W_roh_BELLY.jpg,0.07795736193656921
A01_15_01_W_roh_BELLY.jpg,19,A08_15_05_M_roh_BELLY.jpg,0.07695706188678741
A01_15_01_W_roh_BELLY.jpg,20,A08_12_15_W_roh_BELLY.jpg,0.07692267745733261
A01_15_03_W_roh_BELLY.jpg,1,A08_18_04_W_roh_BELLY.jpg,0.14826931059360504
A01_15_03_W_roh_BELLY.jpg,2,A08_15_14_W_roh_BELLY.jpg,0.1352948695421219
A01_15_03_W_roh_BELLY.jpg,3,AT01_03_02_W_roh_BELLY.jpg,0.12183231115341187
A01_15_03_W_roh_BELLY.jpg,4,A03_12_03_M_roh_BELLY.jpg,0.12110529839992523
A01_15_03_W_roh_BELLY.jpg,5,A05_15_03_W_roh_BELLY.jpg,0.11908780038356781
A01_15_03_W_roh_BELLY.jpg,6,A08_06_02_SA_roh_BELLY.jpg,0.1159411296248436
A01_15_03_W_roh_BELLY.jpg,7,A01_03_07_W_roh_BELLY.jpg,0.11445984989404678
A01_15_03_W_roh_BELLY.jpg,8,A01_18_14_W_roh_BELLY.jpg,0.1144300103187561
A01_15_03_W_roh_BELLY.jpg,9,A08_06_10_M_roh_BELLY.jpg,0.11015341430902481
A01_15_03_W_roh_BELLY.jpg,10,A04_12_04_W_roh_BELLY.jpg,0.10976264625787735
A01_15_03_W_roh_BELLY.jpg,11,A08_06_08_W_roh_BELLY.jpg,0.10903846472501755
A01_15_03_W_roh_BELLY.jpg,12,A08_15_05_M_roh_BELLY.jpg,0.10755495727062225
A01_15_03_W_roh_BELLY.jpg,13,A08_12_13_W_roh_BELLY.jpg,0.10444406419992447
A01_15_03_W_roh_BELLY.jpg,14,A02_06_06_M_roh_BELLY.jpg,0.10430525243282318
A01_15_03_W_roh_BELLY.jpg,15,A07_18_01_W_roh_BELLY.jpg,0.10140018910169601
A01_15_03_W_roh_BELLY.jpg,16,A04_15_05_W_roh_BELLY.jpg,0.09976936131715775
A01_15_03_W_roh_BELLY.jpg,17,A02_06_03_M_roh_BELLY.jpg,0.09975266456604004
A01_15_03_W_roh_BELLY.jpg,18,A08_15_19_M_roh_BELLY.jpg,0.0997297540307045
A01_15_03_W_roh_BELLY.jpg,19,A02_06_07_M_roh_BELLY.jpg,0.09743943810462952
A01_15_03_W_roh_BELLY.jpg,20,A08_18_13_W_roh_BELLY.jpg,0.09616795927286148
A01_15_06_W_roh_BELLY.jpg,1,A01_18_14_W_roh_BELLY.jpg,0.11099132895469666
A01_15_06_W_roh_BELLY.jpg,2,A08_06_08_W_roh_BELLY.jpg,0.10838736593723297
A01_15_06_W_roh_BELLY.jpg,3,A08_06_10_M_roh_BELLY.jpg,0.09936125576496124
A01_15_06_W_roh_BELLY.jpg,4,A08_06_05_SA_roh_BELLY.jpg,0.09677082300186157
A01_15_06_W_roh_BELLY.jpg,5,A05_21_01_W_roh_BELLY.jpg,0.09483905136585236
A01_15_06_W_roh_BELLY.jpg,6,A02_06_06_M_roh_BELLY.jpg,0.09212951362133026
A01_15_06_W_roh_BELLY.jpg,7,AT01_06_03_W_roh_BELLY.jpg,0.0886484831571579
A01_15_06_W_roh_BELLY.jpg,8,A08_15_14_W_roh_BELLY.jpg,0.08814390003681183
A01_15_06_W_roh_BELLY.jpg,9,A01_15_03_W_roh_BELLY.jpg,0.087740458548069
A01_15_06_W_roh_BELLY.jpg,10,A08_18_10_W_roh_BELLY.jpg,0.08387552201747894
A01_15_06_W_roh_BELLY.jpg,11,A04_12_04_W_roh_BELLY.jpg,0.08358540385961533
A01_15_06_W_roh_BELLY.jpg,12,A02_06_03_M_roh_BELLY.jpg,0.08236362785100937
A01_15_06_W_roh_BELLY.jpg,13,A08_18_04_W_roh_BELLY.jpg,0.08127974718809128
A01_15_06_W_roh_BELLY.jpg,14,A08_15_05_M_roh_BELLY.jpg,0.07905983924865723
A01_15_06_W_roh_BELLY.jpg,15,A08_15_19_M_roh_BELLY.jpg,0.07547862082719803
A01_15_06_W_roh_BELLY.jpg,16,A02_06_07_M_roh_BELLY.jpg,0.07502099871635437
A01_15_06_W_roh_BELLY.jpg,17,A01_18_05_W_roh_BELLY.jpg,0.07474850863218307
A01_15_06_W_roh_BELLY.jpg,18,A03_12_03_M_roh_BELLY.jpg,0.07466575503349304
A01_15_06_W_roh_BELLY.jpg,19,A01_03_07_W_roh_BELLY.jpg,0.07360382378101349
A01_15_06_W_roh_BELLY.jpg,20,A04_06_02_M_roh_BELLY.jpg,0.07267247885465622
A01_15_07_W_roh_BELLY.jpg,1,A01_18_03_W_roh_BELLY.jpg,0.1769143044948578
A01_15_07_W_roh_BELLY.jpg,2,A08_06_08_W_roh_BELLY.jpg,0.1110629290342331
A01_15_07_W_roh_BELLY.jpg,3,A08_06_05_SA_roh_BELLY.jpg,0.10644792765378952
A01_15_07_W_roh_BELLY.jpg,4,A01_18_14_W_roh_BELLY.jpg,0.1045379713177681
A01_15_07_W_roh_BELLY.jpg,5,A02_06_06_M_roh_BELLY.jpg,0.10093922168016434
A01_15_07_W_roh_BELLY.jpg,6,A05_15_03_W_roh_BELLY.jpg,0.09773209691047668
A01_15_07_W_roh_BELLY.jpg,7,A08_06_10_M_roh_BELLY.jpg,0.09509944915771484
A01_15_07_W_roh_BELLY.jpg,8,A03_12_03_M_roh_BELLY.jpg,0.09484072774648666
A01_15_07_W_roh_BELLY.jpg,9,A08_18_13_W_roh_BELLY.jpg,0.09387718141078949
A01_15_07_W_roh_BELLY.jpg,10,A02_06_03_M_roh_BELLY.jpg,0.09160924702882767
A01_15_07_W_roh_BELLY.jpg,11,A08_15_05_M_roh_BELLY.jpg,0.09026139974594116
A01_15_07_W_roh_BELLY.jpg,12,AT01_06_03_W_roh_BELLY.jpg,0.0882524698972702
A01_15_07_W_roh_BELLY.jpg,13,A01_15_03_W_roh_BELLY.jpg,0.08774891495704651
A01_15_07_W_roh_BELLY.jpg,14,A05_21_01_W_roh_BELLY.jpg,0.08436041325330734
A01_15_07_W_roh_BELLY.jpg,15,A01_15_01_W_roh_BELLY.jpg,0.08349402993917465
A01_15_07_W_roh_BELLY.jpg,16,A08_15_14_W_roh_BELLY.jpg,0.08303108811378479
A01_15_07_W_roh_BELLY.jpg,17,A04_15_05_W_roh_BELLY.jpg,0.08276233822107315
A01_15_07_W_roh_BELLY.jpg,18,A08_06_02_SA_roh_BELLY.jpg,0.08194771409034729
A01_15_07_W_roh_BELLY.jpg,19,A04_06_01_M_roh_BELLY.jpg,0.08032050728797913
A01_15_07_W_roh_BELLY.jpg,20,A04_06_02_M_roh_BELLY.jpg,0.0799398124217987
A01_17_01_W_roh_BELLY.jpg,1,A08_06_08_W_roh_BELLY.jpg,0.10916126519441605
A01_17_01_W_roh_BELLY.jpg,2,A04_06_02_M_roh_BELLY.jpg,0.08287201076745987
A01_17_01_W_roh_BELLY.jpg,3,A03_12_03_M_roh_BELLY.jpg,0.0827413871884346
A01_17_01_W_roh_BELLY.jpg,4,A08_12_15_W_roh_BELLY.jpg,0.08219824731349945
A01_17_01_W_roh_BELLY.jpg,5,A02_06_03_M_roh_BELLY.jpg,0.08161845803260803
A01_17_01_W_roh_BELLY.jpg,6,A01_18_14_W_roh_BELLY.jpg,0.08117256313562393
A01_17_01_W_roh_BELLY.jpg,7,A08_06_05_SA_roh_BELLY.jpg,0.08098193258047104
A01_17_01_W_roh_BELLY.jpg,8,A05_21_01_W_roh_BELLY.jpg,0.07833479344844818
A01_17_01_W_roh_BELLY.jpg,9,A08_06_02_SA_roh_BELLY.jpg,0.0760892778635025
A01_17_01_W_roh_BELLY.jpg,10,A08_18_04_W_roh_BELLY.jpg,0.07086718827486038
A01_17_01_W_roh_BELLY.jpg,11,A04_12_04_W_roh_BELLY.jpg,0.0697084292769432
A01_17_01_W_roh_BELLY.jpg,12,A08_18_17_W_roh_BELLY.jpg,0.06909459084272385
A01_17_01_W_roh_BELLY.jpg,13,A04_06_01_M_roh_BELLY.jpg,0.06847972422838211
A01_17_01_W_roh_BELLY.jpg,14,AT01_03_02_W_roh_BELLY.jpg,0.06835644692182541
A01_17_01_W_roh_BELLY.jpg,15,A08_18_13_W_roh_BELLY.jpg,0.06806663423776627
A01_17_01_W_roh_BELLY.jpg,16,AT01_06_03_W_roh_BELLY.jpg,0.06769604980945587
A01_17_01_W_roh_BELLY.jpg,17,A02_06_06_M_roh_BELLY.jpg,0.06294669210910797
A01_17_01_W_roh_BELLY.jpg,18,A08_18_12_W_roh_BELLY.jpg,0.06235095486044884
A01_17_01_W_roh_BELLY.jpg,19,A08_06_10_M_roh_BELLY.jpg,0.06115256994962692
A01_17_01_W_roh_BELLY.jpg,20,A08_18_19_W_roh_BELLY.jpg,0.060420192778110504
A01_18_01_W_roh_BELLY.jpg,1,A08_12_05_W_roh_BELLY.jpg,0.09672911465167999
A01_18_01_W_roh_BELLY.jpg,2,A04_12_04_W_roh_BELLY.jpg,0.08610465377569199
A01_18_01_W_roh_BELLY.jpg,3,A02_06_03_M_roh_BELLY.jpg,0.08563713729381561
A01_18_01_W_roh_BELLY.jpg,4,A08_06_05_SA_roh_BELLY.jpg,0.08558714389801025
A01_18_01_W_roh_BELLY.jpg,5,A08_06_08_W_roh_BELLY.jpg,0.08526191115379333
A01_18_01_W_roh_BELLY.jpg,6,A02_06_06_M_roh_BELLY.jpg,0.0820012018084526
A01_18_01_W_roh_BELLY.jpg,7,A08_06_02_SA_roh_BELLY.jpg,0.07812920212745667
A01_18_01_W_roh_BELLY.jpg,8,A08_12_15_W_roh_BELLY.jpg,0.07340874522924423
A01_18_01_W_roh_BELLY.jpg,9,A05_21_01_W_roh_BELLY.jpg,0.07312609255313873
A01_18_01_W_roh_BELLY.jpg,10,A02_06_07_M_roh_BELLY.jpg,0.07201450318098068
A01_18_01_W_roh_BELLY.jpg,11,A08_18_17_W_roh_BELLY.jpg,0.07093165069818497
A01_18_01_W_roh_BELLY.jpg,12,A03_12_03_M_roh_BELLY.jpg,0.06955470144748688
A01_18_01_W_roh_BELLY.jpg,13,A08_15_14_W_roh_BELLY.jpg,0.06905458122491837
A01_18_01_W_roh_BELLY.jpg,14,AT01_06_03_W_roh_BELLY.jpg,0.06774036586284637
A01_18_01_W_roh_BELLY.jpg,15,A04_15_04_M_roh_BELLY.jpg,0.06770147383213043
A01_18_01_W_roh_BELLY.jpg,16,A08_06_10_M_roh_BELLY.jpg,0.06702714413404465
A01_18_01_W_roh_BELLY.jpg,17,A01_18_14_W_roh_BELLY.jpg,0.06385626643896103
A01_18_01_W_roh_BELLY.jpg,18,A08_12_13_W_roh_BELLY.jpg,0.0633222907781601
A01_18_01_W_roh_BELLY.jpg,19,A08_18_22_W_roh_BELLY.jpg,0.06318441033363342
A01_18_01_W_roh_BELLY.jpg,20,A06_15_03_W_roh_BELLY.jpg,0.06239785626530647
A01_18_02_M_roh_BELLY.jpg,1,A08_06_08_W_roh_BELLY.jpg,0.12154527008533478
A01_18_02_M_roh_BELLY.jpg,2,A08_06_05_SA_roh_BELLY.jpg,0.10430198907852173
A01_18_02_M_roh_BELLY.jpg,3,A08_06_02_SA_roh_BELLY.jpg,0.10048992931842804
A01_18_02_M_roh_BELLY.jpg,4,A03_12_03_M_roh_BELLY.jpg,0.09748188406229019
A01_18_02_M_roh_BELLY.jpg,5,A01_18_14_W_roh_BELLY.jpg,0.09472049027681351
A01_18_02_M_roh_BELLY.jpg,6,A04_15_05_W_roh_BELLY.jpg,0.09163551777601242
A01_18_02_M_roh_BELLY.jpg,7,A05_21_01_W_roh_BELLY.jpg,0.08483298867940903
A01_18_02_M_roh_BELLY.jpg,8,A02_06_03_M_roh_BELLY.jpg,0.083613820374012
A01_18_02_M_roh_BELLY.jpg,9,A08_18_04_W_roh_BELLY.jpg,0.08239291608333588
A01_18_02_M_roh_BELLY.jpg,10,A05_18_07_W_roh_BELLY.jpg,0.07977411895990372
A01_18_02_M_roh_BELLY.jpg,11,A06_18_04_W_roh_BELLY.jpg,0.07836180180311203
A01_18_02_M_roh_BELLY.jpg,12,A08_18_10_W_roh_BELLY.jpg,0.07737468928098679
A01_18_02_M_roh_BELLY.jpg,13,A02_06_06_M_roh_BELLY.jpg,0.07235387712717056
A01_18_02_M_roh_BELLY.jpg,14,A05_18_04_W_roh_BELLY.jpg,0.07210903614759445
A01_18_02_M_roh_BELLY.jpg,15,A08_18_17_W_roh_BELLY.jpg,0.07198856770992279
A01_18_02_M_roh_BELLY.jpg,16,A08_18_06_W_roh_BELLY.jpg,0.0713958740234375
A01_18_02_M_roh_BELLY.jpg,17,A03_15_06_W_roh_BELLY.jpg,0.07110075652599335
A01_18_02_M_roh_BELLY.jpg,18,A04_12_04_W_roh_BELLY.jpg,0.07099161297082901
A01_18_02_M_roh_BELLY.jpg,19,A08_06_10_M_roh_BELLY.jpg,0.06905176490545273
A01_18_02_M_roh_BELLY.jpg,20,A01_06_01_SA_roh_BELLY.jpg,0.06892379373311996
A01_18_03_W_roh_BELLY.jpg,1,A01_15_07_W_roh_BELLY.jpg,0.1769143044948578
A01_18_03_W_roh_BELLY.jpg,2,A08_06_08_W_roh_BELLY.jpg,0.1092662438750267
A01_18_03_W_roh_BELLY.jpg,3,A01_18_14_W_roh_BELLY.jpg,0.10261541604995728
A01_18_03_W_roh_BELLY.jpg,4,A05_21_01_W_roh_BELLY.jpg,0.09833469986915588
A01_18_03_W_roh_BELLY.jpg,5,A08_06_05_SA_roh_BELLY.jpg,0.09758012741804123
A01_18_03_W_roh_BELLY.jpg,6,A03_12_03_M_roh_BELLY.jpg,0.0946488156914711
A01_18_03_W_roh_BELLY.jpg,7,A02_06_03_M_roh_BELLY.jpg,0.09268099814653397
A01_18_03_W_roh_BELLY.jpg,8,A08_18_04_W_roh_BELLY.jpg,0.09259603917598724
A01_18_03_W_roh_BELLY.jpg,9,A01_06_01_SA_roh_BELLY.jpg,0.09183096885681152
A01_18_03_W_roh_BELLY.jpg,10,A01_15_01_W_roh_BELLY.jpg,0.08857348561286926
A01_18_03_W_roh_BELLY.jpg,11,A08_06_02_SA_roh_BELLY.jpg,0.082924984395504
A01_18_03_W_roh_BELLY.jpg,12,A08_18_13_W_roh_BELLY.jpg,0.08187590539455414
A01_18_03_W_roh_BELLY.jpg,13,A01_15_03_W_roh_BELLY.jpg,0.0814344510436058
A01_18_03_W_roh_BELLY.jpg,14,A08_06_10_M_roh_BELLY.jpg,0.0813780426979065
A01_18_03_W_roh_BELLY.jpg,15,A08_12_05_W_roh_BELLY.jpg,0.07929503917694092
A01_18_03_W_roh_BELLY.jpg,16,A08_15_04_M_roh_BELLY.jpg,0.07850472629070282
A01_18_03_W_roh_BELLY.jpg,17,A08_12_13_W_roh_BELLY.jpg,0.07813356816768646
A01_18_03_W_roh_BELLY.jpg,18,A02_06_06_M_roh_BELLY.jpg,0.07684101909399033
A01_18_03_W_roh_BELLY.jpg,19,A08_18_20_W_roh_BELLY.jpg,0.07638344913721085
A01_18_03_W_roh_BELLY.jpg,20,A08_15_14_W_roh_BELLY.jpg,0.07462327182292938
A01_18_04_M_roh_BELLY.jpg,1,A08_06_08_W_roh_BELLY.jpg,0.09483984112739563
A01_18_04_M_roh_BELLY.jpg,2,A05_21_01_W_roh_BELLY.jpg,0.09362776577472687
A01_18_04_M_roh_BELLY.jpg,3,A03_12_03_M_roh_BELLY.jpg,0.09228353202342987
A01_18_04_M_roh_BELLY.jpg,4,A08_06_02_SA_roh_BELLY.jpg,0.08994495123624802
A01_18_04_M_roh_BELLY.jpg,5,A02_06_06_M_roh_BELLY.jpg,0.08861438930034637
A01_18_04_M_roh_BELLY.jpg,6,A08_06_10_M_roh_BELLY.jpg,0.08555405586957932
A01_18_04_M_roh_BELLY.jpg,7,A08_06_05_SA_roh_BELLY.jpg,0.08547265082597733
A01_18_04_M_roh_BELLY.jpg,8,AT01_06_03_W_roh_BELLY.jpg,0.08504772186279297
A01_18_04_M_roh_BELLY.jpg,9,A01_18_14_W_roh_BELLY.jpg,0.08470720797777176
A01_18_04_M_roh_BELLY.jpg,10,A08_12_13_W_roh_BELLY.jpg,0.0843300148844719
A01_18_04_M_roh_BELLY.jpg,11,A08_15_05_M_roh_BELLY.jpg,0.08329253643751144
A01_18_04_M_roh_BELLY.jpg,12,A05_15_03_W_roh_BELLY.jpg,0.0824611559510231
A01_18_04_M_roh_BELLY.jpg,13,A08_18_04_W_roh_BELLY.jpg,0.0799996554851532
A01_18_04_M_roh_BELLY.jpg,14,A02_06_03_M_roh_BELLY.jpg,0.0784461498260498
A01_18_04_M_roh_BELLY.jpg,15,A04_15_05_W_roh_BELLY.jpg,0.0775006115436554
A01_18_04_M_roh_BELLY.jpg,16,A08_15_14_W_roh_BELLY.jpg,0.07259500026702881
A01_18_04_M_roh_BELLY.jpg,17,A01_06_01_SA_roh_BELLY.jpg,0.0717381089925766
A01_18_04_M_roh_BELLY.jpg,18,A04_06_01_M_roh_BELLY.jpg,0.06710930913686752
A01_18_04_M_roh_BELLY.jpg,19,A08_18_10_W_roh_BELLY.jpg,0.06668975949287415
A01_18_04_M_roh_BELLY.jpg,20,A08_12_15_W_roh_BELLY.jpg,0.06630442291498184
A01_18_05_W_roh_BELLY.jpg,1,A08_06_08_W_roh_BELLY.jpg,0.11231828480958939
A01_18_05_W_roh_BELLY.jpg,2,A02_06_03_M_roh_BELLY.jpg,0.1042001023888588
A01_18_05_W_roh_BELLY.jpg,3,A08_18_04_W_roh_BELLY.jpg,0.09996347874403
A01_18_05_W_roh_BELLY.jpg,4,A01_18_14_W_roh_BELLY.jpg,0.09561017900705338
A01_18_05_W_roh_BELLY.jpg,5,A02_06_06_M_roh_BELLY.jpg,0.09343105554580688
A01_18_05_W_roh_BELLY.jpg,6,A08_15_14_W_roh_BELLY.jpg,0.0924651026725769
A01_18_05_W_roh_BELLY.jpg,7,A08_06_10_M_roh_BELLY.jpg,0.09228473901748657
A01_18_05_W_roh_BELLY.jpg,8,A08_06_05_SA_roh_BELLY.jpg,0.08895058929920197
A01_18_05_W_roh_BELLY.jpg,9,A08_18_17_W_roh_BELLY.jpg,0.08857346326112747
A01_18_05_W_roh_BELLY.jpg,10,A05_21_01_W_roh_BELLY.jpg,0.08844230324029922
A01_18_05_W_roh_BELLY.jpg,11,A06_18_04_W_roh_BELLY.jpg,0.08432012051343918
A01_18_05_W_roh_BELLY.jpg,12,A03_12_03_M_roh_BELLY.jpg,0.08411841839551926
A01_18_05_W_roh_BELLY.jpg,13,A08_18_22_W_roh_BELLY.jpg,0.07887110114097595
A01_18_05_W_roh_BELLY.jpg,14,A01_15_06_W_roh_BELLY.jpg,0.07474850863218307
A01_18_05_W_roh_BELLY.jpg,15,A04_12_04_W_roh_BELLY.jpg,0.0732584148645401
A01_18_05_W_roh_BELLY.jpg,16,A08_06_02_SA_roh_BELLY.jpg,0.07215771824121475
A01_18_05_W_roh_BELLY.jpg,17,A08_18_13_W_roh_BELLY.jpg,0.07202864438295364
A01_18_05_W_roh_BELLY.jpg,18,A03_12_02_W_roh_BELLY.jpg,0.07175230979919434
A01_18_05_W_roh_BELLY.jpg,19,A08_15_05_M_roh_BELLY.jpg,0.07033852487802505
A01_18_05_W_roh_BELLY.jpg,20,A01_15_01_W_roh_BELLY.jpg,0.07000885158777237
A01_18_07_W_roh_BELLY.jpg,1,A08_06_10_M_roh_BELLY.jpg,0.11619716882705688
A01_18_07_W_roh_BELLY.jpg,2,A08_06_08_W_roh_BELLY.jpg,0.11490511149168015
A01_18_07_W_roh_BELLY.jpg,3,A02_06_06_M_roh_BELLY.jpg,0.10813357681035995
A01_18_07_W_roh_BELLY.jpg,4,A04_15_05_W_roh_BELLY.jpg,0.09786441177129745
A01_18_07_W_roh_BELLY.jpg,5,A05_21_01_W_roh_BELLY.jpg,0.09351281076669693
A01_18_07_W_roh_BELLY.jpg,6,A08_15_19_M_roh_BELLY.jpg,0.0926136001944542
A01_18_07_W_roh_BELLY.jpg,7,A03_12_03_M_roh_BELLY.jpg,0.09049982577562332
A01_18_07_W_roh_BELLY.jpg,8,A01_18_14_W_roh_BELLY.jpg,0.09010135382413864
A01_18_07_W_roh_BELLY.jpg,9,A08_06_02_SA_roh_BELLY.jpg,0.08919966220855713
A01_18_07_W_roh_BELLY.jpg,10,A08_18_04_W_roh_BELLY.jpg,0.0885411947965622
A01_18_07_W_roh_BELLY.jpg,11,A08_06_05_SA_roh_BELLY.jpg,0.08501126617193222
A01_18_07_W_roh_BELLY.jpg,12,A04_06_02_M_roh_BELLY.jpg,0.08453629165887833
A01_18_07_W_roh_BELLY.jpg,13,A05_18_08_W_roh_BELLY.jpg,0.08167552947998047
A01_18_07_W_roh_BELLY.jpg,14,A08_15_14_W_roh_BELLY.jpg,0.08052513748407364
A01_18_07_W_roh_BELLY.jpg,15,A08_15_05_M_roh_BELLY.jpg,0.07775980234146118
A01_18_07_W_roh_BELLY.jpg,16,A04_15_04_M_roh_BELLY.jpg,0.0768604502081871
A01_18_07_W_roh_BELLY.jpg,17,A02_06_03_M_roh_BELLY.jpg,0.07333914190530777
A01_18_07_W_roh_BELLY.jpg,18,A05_18_06_W_roh_BELLY.jpg,0.07285474240779877
A01_18_07_W_roh_BELLY.jpg,19,A01_15_07_W_roh_BELLY.jpg,0.07229968160390854
A01_18_07_W_roh_BELLY.jpg,20,AT01_06_03_W_roh_BELLY.jpg,0.07220343500375748
A01_18_12_M_roh_BELLY.jpg,1,A02_06_03_M_roh_BELLY.jpg,0.11359546333551407
A01_18_12_M_roh_BELLY.jpg,2,A03_12_03_M_roh_BELLY.jpg,0.10802289098501205
A01_18_12_M_roh_BELLY.jpg,3,A08_15_14_W_roh_BELLY.jpg,0.10703475773334503
A01_18_12_M_roh_BELLY.jpg,4,A08_06_02_SA_roh_BELLY.jpg,0.10512644052505493
A01_18_12_M_roh_BELLY.jpg,5,A08_06_08_W_roh_BELLY.jpg,0.09686217457056046
A01_18_12_M_roh_BELLY.jpg,6,A08_06_05_SA_roh_BELLY.jpg,0.0958029255270958
A01_18_12_M_roh_BELLY.jpg,7,A01_03_07_W_roh_BELLY.jpg,0.09093672782182693
A01_18_12_M_roh_BELLY.jpg,8,A08_06_10_M_roh_BELLY.jpg,0.08914509415626526
A01_18_12_M_roh_BELLY.jpg,9,A02_06_07_M_roh_BELLY.jpg,0.08860033005475998
A01_18_12_M_roh_BELLY.jpg,10,A02_06_04_M_roh_BELLY.jpg,0.08781547844409943
A01_18_12_M_roh_BELLY.jpg,11,A05_21_01_W_roh_BELLY.jpg,0.08629985898733139
A01_18_12_M_roh_BELLY.jpg,12,A01_15_03_W_roh_BELLY.jpg,0.08530855923891068
A01_18_12_M_roh_BELLY.jpg,13,A05_18_04_W_roh_BELLY.jpg,0.08433160930871964
A01_18_12_M_roh_BELLY.jpg,14,A02_06_06_M_roh_BELLY.jpg,0.08424799889326096
A01_18_12_M_roh_BELLY.jpg,15,A08_12_05_W_roh_BELLY.jpg,0.08310738950967789
A01_18_12_M_roh_BELLY.jpg,16,AT01_06_03_W_roh_BELLY.jpg,0.08205973356962204
A01_18_12_M_roh_BELLY.jpg,17,A05_18_06_W_roh_BELLY.jpg,0.08188550174236298
A01_18_12_M_roh_BELLY.jpg,18,A08_18_20_W_roh_BELLY.jpg,0.079600028693676
A01_18_12_M_roh_BELLY.jpg,19,A01_18_14_W_roh_BELLY.jpg,0.07954832911491394
A01_18_12_M_roh_BELLY.jpg,20,AT01_03_02_W_roh_BELLY.jpg,0.07890651375055313
A01_18_14_W_roh_BELLY.jpg,1,A08_06_08_W_roh_BELLY.jpg,0.1243276298046112
A01_18_14_W_roh_BELLY.jpg,2,A02_06_06_M_roh_BELLY.jpg,0.12275075167417526
A01_18_14_W_roh_BELLY.jpg,3,A01_15_03_W_roh_BELLY.jpg,0.1144300103187561
A01_18_14_W_roh_BELLY.jpg,4,A01_15_06_W_roh_BELLY.jpg,0.11099132895469666
A01_18_14_W_roh_BELLY.jpg,5,A01_06_01_SA_roh_BELLY.jpg,0.10769380629062653
A01_18_14_W_roh_BELLY.jpg,6,A02_06_03_M_roh_BELLY.jpg,0.10759948939085007
A01_18_14_W_roh_BELLY.jpg,7,AT01_06_03_W_roh_BELLY.jpg,0.1070181205868721
A01_18_14_W_roh_BELLY.jpg,8,A01_15_07_W_roh_BELLY.jpg,0.1045379713177681
A01_18_14_W_roh_BELLY.jpg,9,A01_03_07_W_roh_BELLY.jpg,0.10353527218103409
A01_18_14_W_roh_BELLY.jpg,10,A01_18_03_W_roh_BELLY.jpg,0.10261541604995728
A01_18_14_W_roh_BELLY.jpg,11,A08_06_05_SA_roh_BELLY.jpg,0.09926250576972961
A01_18_14_W_roh_BELLY.jpg,12,A01_15_01_W_roh_BELLY.jpg,0.0990993082523346
A01_18_14_W_roh_BELLY.jpg,13,A08_15_14_W_roh_BELLY.jpg,0.09881067276000977
A01_18_14_W_roh_BELLY.jpg,14,A05_21_01_W_roh_BELLY.jpg,0.09718131273984909
A01_18_14_W_roh_BELLY.jpg,15,A08_06_02_SA_roh_BELLY.jpg,0.09700383991003036
A01_18_14_W_roh_BELLY.jpg,16,A01_18_05_W_roh_BELLY.jpg,0.09561017900705338
A01_18_14_W_roh_BELLY.jpg,17,A01_18_02_M_roh_BELLY.jpg,0.09472049027681351
A01_18_14_W_roh_BELLY.jpg,18,A08_12_13_W_roh_BELLY.jpg,0.09443486481904984
A01_18_14_W_roh_BELLY.jpg,19,A04_06_02_M_roh_BELLY.jpg,0.09443485736846924
A01_18_14_W_roh_BELLY.jpg,20,A03_12_03_M_roh_BELLY.jpg,0.0926639586687088
A02_03_01_W_roh_BELLY.jpg,1,A08_06_05_SA_roh_BELLY.jpg,0.11425155401229858
A02_03_01_W_roh_BELLY.jpg,2,A08_06_08_W_roh_BELLY.jpg,0.10365861654281616
A02_03_01_W_roh_BELLY.jpg,3,A04_15_05_W_roh_BELLY.jpg,0.09657815843820572
A02_03_01_W_roh_BELLY.jpg,4,A08_15_05_M_roh_BELLY.jpg,0.09416289627552032
A02_03_01_W_roh_BELLY.jpg,5,A08_18_04_W_roh_BELLY.jpg,0.0933910682797432
A02_03_01_W_roh_BELLY.jpg,6,A08_06_10_M_roh_BELLY.jpg,0.09030145406723022
A02_03_01_W_roh_BELLY.jpg,7,A08_18_14_M_roh_BELLY.jpg,0.08953721076250076
A02_03_01_W_roh_BELLY.jpg,8,A02_06_06_M_roh_BELLY.jpg,0.08392980694770813
A02_03_01_W_roh_BELLY.jpg,9,A08_18_20_W_roh_BELLY.jpg,0.08383163064718246
A02_03_01_W_roh_BELLY.jpg,10,A04_12_04_W_roh_BELLY.jpg,0.08190493285655975
A02_03_01_W_roh_BELLY.jpg,11,A08_06_02_SA_roh_BELLY.jpg,0.07873264700174332
A02_03_01_W_roh_BELLY.jpg,12,AT01_06_03_W_roh_BELLY.jpg,0.07816212624311447
A02_03_01_W_roh_BELLY.jpg,13,A02_06_03_M_roh_BELLY.jpg,0.075187087059021
A02_03_01_W_roh_BELLY.jpg,14,A06_03_02_W_roh_BELLY.jpg,0.07446907460689545
A02_03_01_W_roh_BELLY.jpg,15,A05_15_03_W_roh_BELLY.jpg,0.07370764762163162
A02_03_01_W_roh_BELLY.jpg,16,A03_15_06_W_roh_BELLY.jpg,0.07270389050245285
A02_03_01_W_roh_BELLY.jpg,17,A08_12_15_W_roh_BELLY.jpg,0.07244027405977249
A02_03_01_W_roh_BELLY.jpg,18,A04_06_02_M_roh_BELLY.jpg,0.07177901268005371
A02_03_01_W_roh_BELLY.jpg,19,A08_18_23_W_roh_BELLY.jpg,0.07115039974451065
A02_03_01_W_roh_BELLY.jpg,20,A05_18_04_W_roh_BELLY.jpg,0.07083841413259506
A02_03_02_M_roh_BELLY.jpg,1,A08_06_08_W_roh_BELLY.jpg,0.15265361964702606
A02_03_02_M_roh_BELLY.jpg,2,A08_06_05_SA_roh_BELLY.jpg,0.14281491935253143
A02_03_02_M_roh_BELLY.jpg,3,AT01_06_03_W_roh_BELLY.jpg,0.1293138563632965
A02_03_02_M_roh_BELLY.jpg,4,A05_21_01_W_roh_BELLY.jpg,0.10780633240938187
A02_03_02_M_roh_BELLY.jpg,5,A08_06_02_SA_roh_BELLY.jpg,0.1061820462346077
A02_03_02_M_roh_BELLY.jpg,6,A01_06_01_SA_roh_BELLY.jpg,0.09993265569210052
A02_03_02_M_roh_BELLY.jpg,7,A08_18_04_W_roh_BELLY.jpg,0.0986911952495575
A02_03_02_M_roh_BELLY.jpg,8,A01_15_01_W_roh_BELLY.jpg,0.09216167032718658
A02_03_02_M_roh_BELLY.jpg,9,A02_06_06_M_roh_BELLY.jpg,0.0903407409787178
A02_03_02_M_roh_BELLY.jpg,10,A04_06_02_M_roh_BELLY.jpg,0.09005571156740189
A02_03_02_M_roh_BELLY.jpg,11,A08_12_05_W_roh_BELLY.jpg,0.08970701694488525
A02_03_02_M_roh_BELLY.jpg,12,A08_18_13_W_roh_BELLY.jpg,0.08907859027385712
A02_03_02_M_roh_BELLY.jpg,13,A08_18_17_W_roh_BELLY.jpg,0.08890113234519958
A02_03_02_M_roh_BELLY.jpg,14,A04_06_01_M_roh_BELLY.jpg,0.08859553933143616
A02_03_02_M_roh_BELLY.jpg,15,A04_12_04_W_roh_BELLY.jpg,0.08582688868045807
A02_03_02_M_roh_BELLY.jpg,16,A08_06_10_M_roh_BELLY.jpg,0.08383941650390625
A02_03_02_M_roh_BELLY.jpg,17,A04_15_05_W_roh_BELLY.jpg,0.08229503035545349
A02_03_02_M_roh_BELLY.jpg,18,A03_12_03_M_roh_BELLY.jpg,0.08223611861467361
A02_03_02_M_roh_BELLY.jpg,19,A08_15_14_W_roh_BELLY.jpg,0.08017230778932571
A02_03_02_M_roh_BELLY.jpg,20,A01_18_14_W_roh_BELLY.jpg,0.07974951714277267
A02_06_03_M_roh_BELLY.jpg,1,A08_06_08_W_roh_BELLY.jpg,0.13661371171474457
A02_06_03_M_roh_BELLY.jpg,2,A02_06_06_M_roh_BELLY.jpg,0.12694033980369568
A02_06_03_M_roh_BELLY.jpg,3,A01_18_12_M_roh_BELLY.jpg,0.11359546333551407
A02_06_03_M_roh_BELLY.jpg,4,A08_06_05_SA_roh_BELLY.jpg,0.11269263178110123
A02_06_03_M_roh_BELLY.jpg,5,A01_18_14_W_roh_BELLY.jpg,0.10759948939085007
A02_06_03_M_roh_BELLY.jpg,6,A01_18_05_W_roh_BELLY.jpg,0.1042001023888588
A02_06_03_M_roh_BELLY.jpg,7,A08_18_13_W_roh_BELLY.jpg,0.10230110585689545
A02_06_03_M_roh_BELLY.jpg,8,A08_15_07_W_roh_BELLY.jpg,0.101041778922081
A02_06_03_M_roh_BELLY.jpg,9,A01_15_03_W_roh_BELLY.jpg,0.09975266456604004
A02_06_03_M_roh_BELLY.jpg,10,A08_12_13_W_roh_BELLY.jpg,0.09785337001085281
A02_06_03_M_roh_BELLY.jpg,11,A08_18_04_W_roh_BELLY.jpg,0.09523728489875793
A02_06_03_M_roh_BELLY.jpg,12,A01_15_01_W_roh_BELLY.jpg,0.09508771449327469
A02_06_03_M_roh_BELLY.jpg,13,A08_06_02_SA_roh_BELLY.jpg,0.09362573176622391
A02_06_03_M_roh_BELLY.jpg,14,A02_06_07_M_roh_BELLY.jpg,0.09340514242649078
A02_06_03_M_roh_BELLY.jpg,15,A01_18_03_W_roh_BELLY.jpg,0.09268099814653397
A02_06_03_M_roh_BELLY.jpg,16,A01_15_07_W_roh_BELLY.jpg,0.09160924702882767
A02_06_03_M_roh_BELLY.jpg,17,A08_15_14_W_roh_BELLY.jpg,0.09093286842107773
A02_06_03_M_roh_BELLY.jpg,18,A01_03_07_W_roh_BELLY.jpg,0.09080803394317627
A02_06_03_M_roh_BELLY.jpg,19,A08_18_17_W_roh_BELLY.jpg,0.09067939221858978
A02_06_03_M_roh_BELLY.jpg,20,A01_06_01_SA_roh_BELLY.jpg,0.09002741426229477
A02_06_04_M_roh_BELLY.jpg,1,A08_06_10_M_roh_BELLY.jpg,0.11665191501379013
A02_06_04_M_roh_BELLY.jpg,2,A03_12_03_M_roh_BELLY.jpg,0.11660296469926834
A02_06_04_M_roh_BELLY.jpg,3,A08_06_08_W_roh_BELLY.jpg,0.11037582904100418
A02_06_04_M_roh_BELLY.jpg,4,A05_21_01_W_roh_BELLY.jpg,0.09970599412918091
A02_06_04_M_roh_BELLY.jpg,5,A02_06_06_M_roh_BELLY.jpg,0.096103735268116
A02_06_04_M_roh_BELLY.jpg,6,A08_18_13_W_roh_BELLY.jpg,0.09189958870410919
A02_06_04_M_roh_BELLY.jpg,7,A08_18_04_W_roh_BELLY.jpg,0.08888097107410431
A02_06_04_M_roh_BELLY.jpg,8,A01_18_12_M_roh_BELLY.jpg,0.08781547844409943
A02_06_04_M_roh_BELLY.jpg,9,AT01_06_03_W_roh_BELLY.jpg,0.08767443895339966
A02_06_04_M_roh_BELLY.jpg,10,A08_06_05_SA_roh_BELLY.jpg,0.0870649516582489
A02_06_04_M_roh_BELLY.jpg,11,A02_06_07_M_roh_BELLY.jpg,0.08591999113559723
A02_06_04_M_roh_BELLY.jpg,12,A04_12_04_W_roh_BELLY.jpg,0.0841069370508194
A02_06_04_M_roh_BELLY.jpg,13,A08_12_05_W_roh_BELLY.jpg,0.08190787583589554
A02_06_04_M_roh_BELLY.jpg,14,AT01_03_02_W_roh_BELLY.jpg,0.08050505071878433
A02_06_04_M_roh_BELLY.jpg,15,A04_06_02_M_roh_BELLY.jpg,0.07968050241470337
A02_06_04_M_roh_BELLY.jpg,16,A08_06_02_SA_roh_BELLY.jpg,0.07911420613527298
A02_06_04_M_roh_BELLY.jpg,17,A01_15_03_W_roh_BELLY.jpg,0.0788545161485672
A02_06_04_M_roh_BELLY.jpg,18,A08_15_04_M_roh_BELLY.jpg,0.07836618274450302
A02_06_04_M_roh_BELLY.jpg,19,A08_18_17_W_roh_BELLY.jpg,0.07803008705377579
A02_06_04_M_roh_BELLY.jpg,20,A05_18_06_W_roh_BELLY.jpg,0.07743478566408157
A02_06_06_M_roh_BELLY.jpg,1,A08_06_08_W_roh_BELLY.jpg,0.19025017321109772
A02_06_06_M_roh_BELLY.jpg,2,A04_06_02_M_roh_BELLY.jpg,0.1302376538515091
A02_06_06_M_roh_BELLY.jpg,3,A05_21_01_W_roh_BELLY.jpg,0.13018573820590973
A02_06_06_M_roh_BELLY.jpg,4,A08_18_04_W_roh_BELLY.jpg,0.1269664317369461
A02_06_06_M_roh_BELLY.jpg,5,A02_06_03_M_roh_BELLY.jpg,0.12694033980369568
A02_06_06_M_roh_BELLY.jpg,6,A01_18_14_W_roh_BELLY.jpg,0.12275075167417526
A02_06_06_M_roh_BELLY.jpg,7,A02_06_07_M_roh_BELLY.jpg,0.11316236108541489
A02_06_06_M_roh_BELLY.jpg,8,A08_06_02_SA_roh_BELLY.jpg,0.1117749810218811
A02_06_06_M_roh_BELLY.jpg,9,A01_18_07_W_roh_BELLY.jpg,0.10813357681035995
A02_06_06_M_roh_BELLY.jpg,10,A04_15_05_W_roh_BELLY.jpg,0.10554783046245575
A02_06_06_M_roh_BELLY.jpg,11,A01_15_03_W_roh_BELLY.jpg,0.10430525243282318
A02_06_06_M_roh_BELLY.jpg,12,A01_15_07_W_roh_BELLY.jpg,0.10093922168016434
A02_06_06_M_roh_BELLY.jpg,13,A08_06_05_SA_roh_BELLY.jpg,0.09997066855430603
A02_06_06_M_roh_BELLY.jpg,14,A01_06_01_SA_roh_BELLY.jpg,0.09957776963710785
A02_06_06_M_roh_BELLY.jpg,15,A07_18_01_W_roh_BELLY.jpg,0.09791824221611023
A02_06_06_M_roh_BELLY.jpg,16,A08_06_10_M_roh_BELLY.jpg,0.09673644602298737
A02_06_06_M_roh_BELLY.jpg,17,AT01_03_02_W_roh_BELLY.jpg,0.09647176414728165
A02_06_06_M_roh_BELLY.jpg,18,A02_06_04_M_roh_BELLY.jpg,0.096103735268116
A02_06_06_M_roh_BELLY.jpg,19,A01_18_05_W_roh_BELLY.jpg,0.09343105554580688
A02_06_06_M_roh_BELLY.jpg,20,A01_15_06_W_roh_BELLY.jpg,0.09212951362133026
A02_06_07_M_roh_BELLY.jpg,1,A08_06_08_W_roh_BELLY.jpg,0.13729076087474823
A02_06_07_M_roh_BELLY.jpg,2,A08_06_05_SA_roh_BELLY.jpg,0.1337306946516037
A02_06_07_M_roh_BELLY.jpg,3,A03_12_03_M_roh_BELLY.jpg,0.11997824907302856
A02_06_07_M_roh_BELLY.jpg,4,A04_06_02_M_roh_BELLY.jpg,0.11856433004140854
A02_06_07_M_roh_BELLY.jpg,5,AT01_06_03_W_roh_BELLY.jpg,0.11854329705238342
A02_06_07_M_roh_BELLY.jpg,6,A08_18_04_W_roh_BELLY.jpg,0.11356328427791595
A02_06_07_M_roh_BELLY.jpg,7,A02_06_06_M_roh_BELLY.jpg,0.11316236108541489
A02_06_07_M_roh_BELLY.jpg,8,A08_06_10_M_roh_BELLY.jpg,0.10705749690532684
A02_06_07_M_roh_BELLY.jpg,9,A08_12_15_W_roh_BELLY.jpg,0.10418815165758133
A02_06_07_M_roh_BELLY.jpg,10,A04_12_04_W_roh_BELLY.jpg,0.1041828989982605
A02_06_07_M_roh_BELLY.jpg,11,A04_06_01_M_roh_BELLY.jpg,0.09914445132017136
A02_06_07_M_roh_BELLY.jpg,12,A01_15_03_W_roh_BELLY.jpg,0.09743943810462952
A02_06_07_M_roh_BELLY.jpg,13,A08_18_13_W_roh_BELLY.jpg,0.09567208588123322
A02_06_07_M_roh_BELLY.jpg,14,A05_21_01_W_roh_BELLY.jpg,0.09484482556581497
A02_06_07_M_roh_BELLY.jpg,15,A02_06_03_M_roh_BELLY.jpg,0.09340514242649078
A02_06_07_M_roh_BELLY.jpg,16,A08_06_02_SA_roh_BELLY.jpg,0.08976969122886658
A02_06_07_M_roh_BELLY.jpg,17,A01_18_12_M_roh_BELLY.jpg,0.08860033005475998
A02_06_07_M_roh_BELLY.jpg,18,AT01_03_02_W_roh_BELLY.jpg,0.087980717420578
A02_06_07_M_roh_BELLY.jpg,19,A04_15_06_M_roh_BELLY.jpg,0.0860852375626564
A02_06_07_M_roh_BELLY.jpg,20,A02_06_04_M_roh_BELLY.jpg,0.08591999113559723
A02_08_05_M_roh_BELLY.jpg,1,A08_06_08_W_roh_BELLY.jpg,0.13527481257915497
A02_08_05_M_roh_BELLY.jpg,2,A04_12_04_W_roh_BELLY.jpg,0.10758933424949646
A02_08_05_M_roh_BELLY.jpg,3,A08_06_05_SA_roh_BELLY.jpg,0.09624935686588287
A02_08_05_M_roh_BELLY.jpg,4,A05_21_01_W_roh_BELLY.jpg,0.09589444100856781
A02_08_05_M_roh_BELLY.jpg,5,A08_06_10_M_roh_BELLY.jpg,0.08235883712768555
A02_08_05_M_roh_BELLY.jpg,6,A03_12_03_M_roh_BELLY.jpg,0.08057434111833572
A02_08_05_M_roh_BELLY.jpg,7,A08_18_17_W_roh_BELLY.jpg,0.0793965682387352
A02_08_05_M_roh_BELLY.jpg,8,A08_18_04_W_roh_BELLY.jpg,0.07925275713205338
A02_08_05_M_roh_BELLY.jpg,9,A08_12_15_W_roh_BELLY.jpg,0.0763595700263977
A02_08_05_M_roh_BELLY.jpg,10,A06_18_04_W_roh_BELLY.jpg,0.07404504716396332
A02_08_05_M_roh_BELLY.jpg,11,A04_06_01_M_roh_BELLY.jpg,0.07174699753522873
A02_08_05_M_roh_BELLY.jpg,12,A04_15_04_M_roh_BELLY.jpg,0.06833153963088989
A02_08_05_M_roh_BELLY.jpg,13,AT01_06_03_W_roh_BELLY.jpg,0.06804026663303375
A02_08_05_M_roh_BELLY.jpg,14,AT01_03_02_W_roh_BELLY.jpg,0.06639893352985382
A02_08_05_M_roh_BELLY.jpg,15,A05_18_08_W_roh_BELLY.jpg,0.06490662693977356
A02_08_05_M_roh_BELLY.jpg,16,A06_15_02_W_roh_BELLY.jpg,0.06483472138643265
A02_08_05_M_roh_BELLY.jpg,17,A08_18_13_W_roh_BELLY.jpg,0.06434820592403412
A02_08_05_M_roh_BELLY.jpg,18,A04_06_02_M_roh_BELLY.jpg,0.06337198615074158
A02_08_05_M_roh_BELLY.jpg,19,A08_15_19_M_roh_BELLY.jpg,0.0618431493639946
A02_08_05_M_roh_BELLY.jpg,20,A08_06_02_SA_roh_BELLY.jpg,0.06180885061621666
A03_12_01_M_roh_BELLY.jpg,1,A08_06_08_W_roh_BELLY.jpg,0.09105975925922394
A03_12_01_M_roh_BELLY.jpg,2,A05_21_01_W_roh_BELLY.jpg,0.08028864115476608
A03_12_01_M_roh_BELLY.jpg,3,A08_12_15_W_roh_BELLY.jpg,0.07772817462682724
A03_12_01_M_roh_BELLY.jpg,4,A04_12_04_W_roh_BELLY.jpg,0.07427798211574554
A03_12_01_M_roh_BELLY.jpg,5,A05_18_04_W_roh_BELLY.jpg,0.07334885001182556
A03_12_01_M_roh_BELLY.jpg,6,A08_06_05_SA_roh_BELLY.jpg,0.07231684774160385
A03_12_01_M_roh_BELLY.jpg,7,A06_18_04_W_roh_BELLY.jpg,0.06998071074485779
A03_12_01_M_roh_BELLY.jpg,8,A02_06_03_M_roh_BELLY.jpg,0.06982679665088654
A03_12_01_M_roh_BELLY.jpg,9,A08_06_02_SA_roh_BELLY.jpg,0.06886531412601471
A03_12_01_M_roh_BELLY.jpg,10,A08_06_10_M_roh_BELLY.jpg,0.06778179109096527
A03_12_01_M_roh_BELLY.jpg,11,A08_12_05_W_roh_BELLY.jpg,0.06648595631122589
A03_12_01_M_roh_BELLY.jpg,12,A08_18_13_W_roh_BELLY.jpg,0.06618285179138184
A03_12_01_M_roh_BELLY.jpg,13,A04_15_06_M_roh_BELLY.jpg,0.06615735590457916
A03_12_01_M_roh_BELLY.jpg,14,AT01_06_03_W_roh_BELLY.jpg,0.06565574556589127
A03_12_01_M_roh_BELLY.jpg,15,A08_18_06_W_roh_BELLY.jpg,0.06203625351190567
A03_12_01_M_roh_BELLY.jpg,16,A08_18_17_W_roh_BELLY.jpg,0.05789635702967644
A03_12_01_M_roh_BELLY.jpg,17,A01_06_01_SA_roh_BELLY.jpg,0.056538548320531845
A03_12_01_M_roh_BELLY.jpg,18,A03_12_02_W_roh_BELLY.jpg,0.055927153676748276
A03_12_01_M_roh_BELLY.jpg,19,A04_15_05_W_roh_BELLY.jpg,0.055814288556575775
A03_12_01_M_roh_BELLY.jpg,20,A03_12_03_M_roh_BELLY.jpg,0.05570658668875694
A03_12_02_W_roh_BELLY.jpg,1,AT01_06_03_W_roh_BELLY.jpg,0.11926983296871185
A03_12_02_W_roh_BELLY.jpg,2,A04_12_04_W_roh_BELLY.jpg,0.10711770504713058
A03_12_02_W_roh_BELLY.jpg,3,A08_06_08_W_roh_BELLY.jpg,0.10175115615129471
A03_12_02_W_roh_BELLY.jpg,4,A05_21_01_W_roh_BELLY.jpg,0.0928683951497078
A03_12_02_W_roh_BELLY.jpg,5,AT01_03_02_W_roh_BELLY.jpg,0.08423185348510742
A03_12_02_W_roh_BELLY.jpg,6,A08_06_10_M_roh_BELLY.jpg,0.08016570657491684
A03_12_02_W_roh_BELLY.jpg,7,A08_12_13_W_roh_BELLY.jpg,0.0798439085483551
A03_12_02_W_roh_BELLY.jpg,8,A01_15_03_W_roh_BELLY.jpg,0.07806355506181717
A03_12_02_W_roh_BELLY.jpg,9,A08_12_15_W_roh_BELLY.jpg,0.07805656641721725
A03_12_02_W_roh_BELLY.jpg,10,A04_06_02_M_roh_BELLY.jpg,0.07692250609397888
A03_12_02_W_roh_BELLY.jpg,11,A03_12_03_M_roh_BELLY.jpg,0.07574054598808289
A03_12_02_W_roh_BELLY.jpg,12,A02_06_07_M_roh_BELLY.jpg,0.07471667975187302
A03_12_02_W_roh_BELLY.jpg,13,A05_18_08_W_roh_BELLY.jpg,0.07433171570301056
A03_12_02_W_roh_BELLY.jpg,14,A08_06_02_SA_roh_BELLY.jpg,0.07320094108581543
A03_12_02_W_roh_BELLY.jpg,15,A01_18_05_W_roh_BELLY.jpg,0.07175230979919434
A03_12_02_W_roh_BELLY.jpg,16,A02_06_03_M_roh_BELLY.jpg,0.06863653659820557
A03_12_02_W_roh_BELLY.jpg,17,A08_06_05_SA_roh_BELLY.jpg,0.06847447156906128
A03_12_02_W_roh_BELLY.jpg,18,A04_15_05_W_roh_BELLY.jpg,0.0678468719124794
A03_12_02_W_roh_BELLY.jpg,19,A01_15_06_W_roh_BELLY.jpg,0.06755375117063522
A03_12_02_W_roh_BELLY.jpg,20,A08_12_05_W_roh_BELLY.jpg,0.06697402149438858
A03_12_03_M_roh_BELLY.jpg,1,A08_06_08_W_roh_BELLY.jpg,0.16390085220336914
A03_12_03_M_roh_BELLY.jpg,2,A05_18_06_W_roh_BELLY.jpg,0.13771724700927734
A03_12_03_M_roh_BELLY.jpg,3,A01_15_03_W_roh_BELLY.jpg,0.12110529839992523
A03_12_03_M_roh_BELLY.jpg,4,A02_06_07_M_roh_BELLY.jpg,0.11997824907302856
A03_12_03_M_roh_BELLY.jpg,5,A08_18_04_W_roh_BELLY.jpg,0.1189519539475441
A03_12_03_M_roh_BELLY.jpg,6,A02_06_04_M_roh_BELLY.jpg,0.11660296469926834
A03_12_03_M_roh_BELLY.jpg,7,A01_18_12_M_roh_BELLY.jpg,0.10802289098501205
A03_12_03_M_roh_BELLY.jpg,8,AT01_03_02_W_roh_BELLY.jpg,0.10764879733324051
A03_12_03_M_roh_BELLY.jpg,9,A04_12_04_W_roh_BELLY.jpg,0.10609738528728485
A03_12_03_M_roh_BELLY.jpg,10,A08_06_05_SA_roh_BELLY.jpg,0.10488610714673996
A03_12_03_M_roh_BELLY.jpg,11,A01_06_01_SA_roh_BELLY.jpg,0.10131371021270752
A03_12_03_M_roh_BELLY.jpg,12,A08_18_13_W_roh_BELLY.jpg,0.1007651835680008
A03_12_03_M_roh_BELLY.jpg,13,A01_18_02_M_roh_BELLY.jpg,0.09748188406229019
A03_12_03_M_roh_BELLY.jpg,14,A05_21_01_W_roh_BELLY.jpg,0.0953584760427475
A03_12_03_M_roh_BELLY.jpg,15,A01_15_07_W_roh_BELLY.jpg,0.09484072774648666
A03_12_03_M_roh_BELLY.jpg,16,A01_18_03_W_roh_BELLY.jpg,0.0946488156914711
A03_12_03_M_roh_BELLY.jpg,17,A08_15_14_W_roh_BELLY.jpg,0.09365750849246979
A03_12_03_M_roh_BELLY.jpg,18,A08_12_15_W_roh_BELLY.jpg,0.09277157485485077
A03_12_03_M_roh_BELLY.jpg,19,A01_18_14_W_roh_BELLY.jpg,0.0926639586687088
A03_12_03_M_roh_BELLY.jpg,20,A01_18_04_M_roh_BELLY.jpg,0.09228353202342987
A03_15_04_W_roh_BELLY.jpg,1,A08_06_10_M_roh_BELLY.jpg,0.10778781026601791
A03_15_04_W_roh_BELLY.jpg,2,A08_06_08_W_roh_BELLY.jpg,0.10597338527441025
A03_15_04_W_roh_BELLY.jpg,3,A04_15_06_M_roh_BELLY.jpg,0.08935154229402542
A03_15_04_W_roh_BELLY.jpg,4,A05_21_01_W_roh_BELLY.jpg,0.08258228003978729
A03_15_04_W_roh_BELLY.jpg,5,A08_06_05_SA_roh_BELLY.jpg,0.07936748117208481
A03_15_04_W_roh_BELLY.jpg,6,AT01_06_03_W_roh_BELLY.jpg,0.07915184646844864
A03_15_04_W_roh_BELLY.jpg,7,A08_12_05_W_roh_BELLY.jpg,0.07833752036094666
A03_15_04_W_roh_BELLY.jpg,8,A04_15_05_W_roh_BELLY.jpg,0.07296013087034225
A03_15_04_W_roh_BELLY.jpg,9,A08_18_06_W_roh_BELLY.jpg,0.07268001139163971
A03_15_04_W_roh_BELLY.jpg,10,A08_15_14_W_roh_BELLY.jpg,0.0702526792883873
A03_15_04_W_roh_BELLY.jpg,11,A08_06_02_SA_roh_BELLY.jpg,0.0685349628329277
A03_15_04_W_roh_BELLY.jpg,12,A08_15_05_M_roh_BELLY.jpg,0.06768210977315903
A03_15_04_W_roh_BELLY.jpg,13,A08_18_04_W_roh_BELLY.jpg,0.06761142611503601
A03_15_04_W_roh_BELLY.jpg,14,A04_12_04_W_roh_BELLY.jpg,0.06686805188655853
A03_15_04_W_roh_BELLY.jpg,15,A01_06_01_SA_roh_BELLY.jpg,0.06458394974470139
A03_15_04_W_roh_BELLY.jpg,16,A01_15_03_W_roh_BELLY.jpg,0.06346741318702698
A03_15_04_W_roh_BELLY.jpg,17,A01_18_05_W_roh_BELLY.jpg,0.06331219524145126
A03_15_04_W_roh_BELLY.jpg,18,A08_12_15_W_roh_BELLY.jpg,0.06313303858041763
A03_15_04_W_roh_BELLY.jpg,19,A04_06_02_M_roh_BELLY.jpg,0.06280642747879028
A03_15_04_W_roh_BELLY.jpg,20,A08_18_13_W_roh_BELLY.jpg,0.06274043023586273
A03_15_06_W_roh_BELLY.jpg,1,A04_15_06_M_roh_BELLY.jpg,0.1117744892835617
A03_15_06_W_roh_BELLY.jpg,2,A08_06_08_W_roh_BELLY.jpg,0.10440297424793243
A03_15_06_W_roh_BELLY.jpg,3,A08_06_05_SA_roh_BELLY.jpg,0.09991827607154846
A03_15_06_W_roh_BELLY.jpg,4,A08_18_20_W_roh_BELLY.jpg,0.08918127417564392
A03_15_06_W_roh_BELLY.jpg,5,AT01_03_02_W_roh_BELLY.jpg,0.08813636004924774
A03_15_06_W_roh_BELLY.jpg,6,A08_15_14_W_roh_BELLY.jpg,0.0860879123210907
A03_15_06_W_roh_BELLY.jpg,7,A08_06_10_M_roh_BELLY.jpg,0.08398985117673874
A03_15_06_W_roh_BELLY.jpg,8,A05_21_01_W_roh_BELLY.jpg,0.08258241415023804
A03_15_06_W_roh_BELLY.jpg,9,A05_18_07_W_roh_BELLY.jpg,0.0806146040558815
A03_15_06_W_roh_BELLY.jpg,10,AT01_06_03_W_roh_BELLY.jpg,0.07864389568567276
A03_15_06_W_roh_BELLY.jpg,11,A04_12_04_W_roh_BELLY.jpg,0.07708022743463516
A03_15_06_W_roh_BELLY.jpg,12,A08_06_02_SA_roh_BELLY.jpg,0.07569972425699234
A03_15_06_W_roh_BELLY.jpg,13,A05_18_06_W_roh_BELLY.jpg,0.07521531730890274
A03_15_06_W_roh_BELLY.jpg,14,A04_15_05_W_roh_BELLY.jpg,0.07423049956560135
A03_15_06_W_roh_BELLY.jpg,15,A02_03_01_W_roh_BELLY.jpg,0.07270389050245285
A03_15_06_W_roh_BELLY.jpg,16,A01_18_12_M_roh_BELLY.jpg,0.07213272899389267
A03_15_06_W_roh_BELLY.jpg,17,A03_18_07_M_roh_BELLY.jpg,0.07183504849672318
A03_15_06_W_roh_BELLY.jpg,18,A08_18_06_W_roh_BELLY.jpg,0.07163988798856735
A03_15_06_W_roh_BELLY.jpg,19,A02_06_07_M_roh_BELLY.jpg,0.07135118544101715
A03_15_06_W_roh_BELLY.jpg,20,A01_18_02_M_roh_BELLY.jpg,0.07110075652599335
A03_18_06_W_roh_BELLY.jpg,1,A08_06_08_W_roh_BELLY.jpg,0.11499962955713272
A03_18_06_W_roh_BELLY.jpg,2,A08_06_02_SA_roh_BELLY.jpg,0.09594891965389252
A03_18_06_W_roh_BELLY.jpg,3,A05_18_04_W_roh_BELLY.jpg,0.08863140642642975
A03_18_06_W_roh_BELLY.jpg,4,AT01_06_03_W_roh_BELLY.jpg,0.0870378389954567
A03_18_06_W_roh_BELLY.jpg,5,A08_18_23_W_roh_BELLY.jpg,0.08566803485155106
A03_18_06_W_roh_BELLY.jpg,6,A05_21_01_W_roh_BELLY.jpg,0.08443863689899445
A03_18_06_W_roh_BELLY.jpg,7,A06_18_04_W_roh_BELLY.jpg,0.08144555985927582
A03_18_06_W_roh_BELLY.jpg,8,A08_12_05_W_roh_BELLY.jpg,0.08036895841360092
A03_18_06_W_roh_BELLY.jpg,9,A04_12_04_W_roh_BELLY.jpg,0.07927286624908447
A03_18_06_W_roh_BELLY.jpg,10,A08_06_10_M_roh_BELLY.jpg,0.07830598950386047
A03_18_06_W_roh_BELLY.jpg,11,A08_18_06_W_roh_BELLY.jpg,0.07285267859697342
A03_18_06_W_roh_BELLY.jpg,12,A03_18_07_M_roh_BELLY.jpg,0.07188926637172699
A03_18_06_W_roh_BELLY.jpg,13,A04_15_05_W_roh_BELLY.jpg,0.0717732235789299
A03_18_06_W_roh_BELLY.jpg,14,A08_18_20_W_roh_BELLY.jpg,0.06983190029859543
A03_18_06_W_roh_BELLY.jpg,15,A01_06_01_SA_roh_BELLY.jpg,0.06940726190805435
A03_18_06_W_roh_BELLY.jpg,16,A08_18_13_W_roh_BELLY.jpg,0.0671573355793953
A03_18_06_W_roh_BELLY.jpg,17,A08_18_04_W_roh_BELLY.jpg,0.06655480712652206
A03_18_06_W_roh_BELLY.jpg,18,A08_15_04_M_roh_BELLY.jpg,0.0657164603471756
A03_18_06_W_roh_BELLY.jpg,19,A02_06_03_M_roh_BELLY.jpg,0.06453319638967514
A03_18_06_W_roh_BELLY.jpg,20,A01_15_03_W_roh_BELLY.jpg,0.0643823891878128
A03_18_07_M_roh_BELLY.jpg,1,A08_06_08_W_roh_BELLY.jpg,0.11161694675683975
A03_18_07_M_roh_BELLY.jpg,2,A05_21_01_W_roh_BELLY.jpg,0.10301218181848526
A03_18_07_M_roh_BELLY.jpg,3,A08_06_05_SA_roh_BELLY.jpg,0.08515793085098267
A03_18_07_M_roh_BELLY.jpg,4,A04_12_04_W_roh_BELLY.jpg,0.08151093870401382
A03_18_07_M_roh_BELLY.jpg,5,A01_03_07_W_roh_BELLY.jpg,0.08092524111270905
A03_18_07_M_roh_BELLY.jpg,6,A02_06_03_M_roh_BELLY.jpg,0.08014984428882599
A03_18_07_M_roh_BELLY.jpg,7,A08_18_04_W_roh_BELLY.jpg,0.07965369522571564
A03_18_07_M_roh_BELLY.jpg,8,A08_12_05_W_roh_BELLY.jpg,0.07864312827587128
A03_18_07_M_roh_BELLY.jpg,9,A05_18_04_W_roh_BELLY.jpg,0.07851056754589081
A03_18_07_M_roh_BELLY.jpg,10,AT01_06_03_W_roh_BELLY.jpg,0.07563608884811401
A03_18_07_M_roh_BELLY.jpg,11,A08_06_10_M_roh_BELLY.jpg,0.07544605433940887
A03_18_07_M_roh_BELLY.jpg,12,A08_06_02_SA_roh_BELLY.jpg,0.07417919486761093
A03_18_07_M_roh_BELLY.jpg,13,A08_18_06_W_roh_BELLY.jpg,0.07407359033823013
A03_18_07_M_roh_BELLY.jpg,14,A05_18_06_W_roh_BELLY.jpg,0.07307106256484985
A03_18_07_M_roh_BELLY.jpg,15,A08_18_21_M_roh_BELLY.jpg,0.07214950025081635
A03_18_07_M_roh_BELLY.jpg,16,A03_18_06_W_roh_BELLY.jpg,0.07188926637172699
A03_18_07_M_roh_BELLY.jpg,17,A01_18_14_W_roh_BELLY.jpg,0.07183859497308731
A03_18_07_M_roh_BELLY.jpg,18,A03_15_06_W_roh_BELLY.jpg,0.07183504849672318
A03_18_07_M_roh_BELLY.jpg,19,A01_15_07_W_roh_BELLY.jpg,0.07169153541326523
A03_18_07_M_roh_BELLY.jpg,20,A08_12_13_W_roh_BELLY.jpg,0.07124046236276627
A04_03_01_W_roh_BELLY.jpg,1,A08_06_08_W_roh_BELLY.jpg,0.14119376242160797
A04_03_01_W_roh_BELLY.jpg,2,A08_06_05_SA_roh_BELLY.jpg,0.1384599655866623
A04_03_01_W_roh_BELLY.jpg,3,A05_18_07_W_roh_BELLY.jpg,0.13353243470191956
A04_03_01_W_roh_BELLY.jpg,4,A08_18_13_W_roh_BELLY.jpg,0.10382790863513947
A04_03_01_W_roh_BELLY.jpg,5,AT01_06_03_W_roh_BELLY.jpg,0.10107763856649399
A04_03_01_W_roh_BELLY.jpg,6,A04_06_01_M_roh_BELLY.jpg,0.09840547293424606
A04_03_01_W_roh_BELLY.jpg,7,A08_06_02_SA_roh_BELLY.jpg,0.09783940762281418
A04_03_01_W_roh_BELLY.jpg,8,A08_06_10_M_roh_BELLY.jpg,0.09588973224163055
A04_03_01_W_roh_BELLY.jpg,9,A05_21_01_W_roh_BELLY.jpg,0.09529392421245575
A04_03_01_W_roh_BELLY.jpg,10,A04_12_04_W_roh_BELLY.jpg,0.07604586333036423
A04_03_01_W_roh_BELLY.jpg,11,A08_12_15_W_roh_BELLY.jpg,0.07580849528312683
A04_03_01_W_roh_BELLY.jpg,12,A08_12_13_W_roh_BELLY.jpg,0.0756930336356163
A04_03_01_W_roh_BELLY.jpg,13,A03_12_03_M_roh_BELLY.jpg,0.07530349493026733
A04_03_01_W_roh_BELLY.jpg,14,A04_06_02_M_roh_BELLY.jpg,0.07458293437957764
A04_03_01_W_roh_BELLY.jpg,15,A08_18_17_W_roh_BELLY.jpg,0.07330472022294998
A04_03_01_W_roh_BELLY.jpg,16,A01_06_01_SA_roh_BELLY.jpg,0.07271524518728256
A04_03_01_W_roh_BELLY.jpg,17,A01_18_12_M_roh_BELLY.jpg,0.07206566631793976
A04_03_01_W_roh_BELLY.jpg,18,A07_18_01_W_roh_BELLY.jpg,0.07071211189031601
A04_03_01_W_roh_BELLY.jpg,19,A02_03_02_M_roh_BELLY.jpg,0.0706583559513092
A04_03_01_W_roh_BELLY.jpg,20,AT01_03_02_W_roh_BELLY.jpg,0.06857052445411682
A04_06_01_M_roh_BELLY.jpg,1,A01_06_01_SA_roh_BELLY.jpg,0.15462806820869446
A04_06_01_M_roh_BELLY.jpg,2,A05_21_01_W_roh_BELLY.jpg,0.14709068834781647
A04_06_01_M_roh_BELLY.jpg,3,AT01_06_03_W_roh_BELLY.jpg,0.1144394725561142
A04_06_01_M_roh_BELLY.jpg,4,A04_06_02_M_roh_BELLY.jpg,0.10345608741044998
A04_06_01_M_roh_BELLY.jpg,5,A08_06_05_SA_roh_BELLY.jpg,0.1032692939043045
A04_06_01_M_roh_BELLY.jpg,6,A02_06_07_M_roh_BELLY.jpg,0.09914445132017136
A04_06_01_M_roh_BELLY.jpg,7,A08_06_08_W_roh_BELLY.jpg,0.09913349896669388
A04_06_01_M_roh_BELLY.jpg,8,A04_03_01_W_roh_BELLY.jpg,0.09840547293424606
A04_06_01_M_roh_BELLY.jpg,9,A01_03_07_W_roh_BELLY.jpg,0.09296883642673492
A04_06_01_M_roh_BELLY.jpg,10,A02_03_02_M_roh_BELLY.jpg,0.08859553933143616
A04_06_01_M_roh_BELLY.jpg,11,A03_12_03_M_roh_BELLY.jpg,0.08608473837375641
A04_06_01_M_roh_BELLY.jpg,12,A07_18_01_W_roh_BELLY.jpg,0.08169393986463547
A04_06_01_M_roh_BELLY.jpg,13,A04_12_04_W_roh_BELLY.jpg,0.08130578696727753
A04_06_01_M_roh_BELLY.jpg,14,A01_15_07_W_roh_BELLY.jpg,0.08032050728797913
A04_06_01_M_roh_BELLY.jpg,15,A07_18_03_W_roh_BELLY.jpg,0.07933726906776428
A04_06_01_M_roh_BELLY.jpg,16,IMG-20250910-WA0063_BELLY.jpg,0.07905587553977966
A04_06_01_M_roh_BELLY.jpg,17,A08_06_02_SA_roh_BELLY.jpg,0.0785105898976326
A04_06_01_M_roh_BELLY.jpg,18,A08_15_07_W_roh_BELLY.jpg,0.07824409753084183
A04_06_01_M_roh_BELLY.jpg,19,A08_18_10_W_roh_BELLY.jpg,0.07517576962709427
A04_06_01_M_roh_BELLY.jpg,20,A08_12_05_W_roh_BELLY.jpg,0.07434988766908646
A04_06_02_M_roh_BELLY.jpg,1,A01_06_01_SA_roh_BELLY.jpg,0.13667123019695282
A04_06_02_M_roh_BELLY.jpg,2,A08_06_05_SA_roh_BELLY.jpg,0.13569532334804535
A04_06_02_M_roh_BELLY.jpg,3,A02_06_06_M_roh_BELLY.jpg,0.1302376538515091
A04_06_02_M_roh_BELLY.jpg,4,A05_21_01_W_roh_BELLY.jpg,0.12207742780447006
A04_06_02_M_roh_BELLY.jpg,5,A02_06_07_M_roh_BELLY.jpg,0.11856433004140854
A04_06_02_M_roh_BELLY.jpg,6,A08_06_02_SA_roh_BELLY.jpg,0.11727454513311386
A04_06_02_M_roh_BELLY.jpg,7,A08_06_08_W_roh_BELLY.jpg,0.11081632226705551
A04_06_02_M_roh_BELLY.jpg,8,A01_15_01_W_roh_BELLY.jpg,0.10621844232082367
A04_06_02_M_roh_BELLY.jpg,9,A04_12_04_W_roh_BELLY.jpg,0.10513410717248917
A04_06_02_M_roh_BELLY.jpg,10,A08_12_15_W_roh_BELLY.jpg,0.10502015799283981
A04_06_02_M_roh_BELLY.jpg,11,AT01_06_03_W_roh_BELLY.jpg,0.10418561100959778
A04_06_02_M_roh_BELLY.jpg,12,A04_06_01_M_roh_BELLY.jpg,0.10345608741044998
A04_06_02_M_roh_BELLY.jpg,13,A08_18_13_W_roh_BELLY.jpg,0.09555760025978088
A04_06_02_M_roh_BELLY.jpg,14,A08_18_23_W_roh_BELLY.jpg,0.0955459401011467
A04_06_02_M_roh_BELLY.jpg,15,A08_18_04_W_roh_BELLY.jpg,0.0944899320602417
A04_06_02_M_roh_BELLY.jpg,16,A01_18_14_W_roh_BELLY.jpg,0.09443485736846924
A04_06_02_M_roh_BELLY.jpg,17,A08_15_19_M_roh_BELLY.jpg,0.09128644317388535
A04_06_02_M_roh_BELLY.jpg,18,A02_03_02_M_roh_BELLY.jpg,0.09005571156740189
A04_06_02_M_roh_BELLY.jpg,19,A08_12_13_W_roh_BELLY.jpg,0.08857158571481705
A04_06_02_M_roh_BELLY.jpg,20,A02_06_03_M_roh_BELLY.jpg,0.08692789822816849
A04_12_02_M_roh_BELLY.jpg,1,A05_21_01_W_roh_BELLY.jpg,0.09182799607515335
A04_12_02_M_roh_BELLY.jpg,2,A04_12_04_W_roh_BELLY.jpg,0.09094059467315674
A04_12_02_M_roh_BELLY.jpg,3,A08_06_08_W_roh_BELLY.jpg,0.09035656601190567
A04_12_02_M_roh_BELLY.jpg,4,A08_18_04_W_roh_BELLY.jpg,0.08888078480958939
A04_12_02_M_roh_BELLY.jpg,5,A08_06_10_M_roh_BELLY.jpg,0.0850737914443016
A04_12_02_M_roh_BELLY.jpg,6,A08_12_15_W_roh_BELLY.jpg,0.08321096003055573
A04_12_02_M_roh_BELLY.jpg,7,A08_06_05_SA_roh_BELLY.jpg,0.08082118630409241
A04_12_02_M_roh_BELLY.jpg,8,AT01_06_03_W_roh_BELLY.jpg,0.07666055113077164
A04_12_02_M_roh_BELLY.jpg,9,A08_18_13_W_roh_BELLY.jpg,0.07645466178655624
A04_12_02_M_roh_BELLY.jpg,10,A02_06_03_M_roh_BELLY.jpg,0.07073058187961578
A04_12_02_M_roh_BELLY.jpg,11,A08_12_05_W_roh_BELLY.jpg,0.06607919186353683
A04_12_02_M_roh_BELLY.jpg,12,A08_12_13_W_roh_BELLY.jpg,0.06566525995731354
A04_12_02_M_roh_BELLY.jpg,13,A08_06_02_SA_roh_BELLY.jpg,0.06555808335542679
A04_12_02_M_roh_BELLY.jpg,14,A03_12_03_M_roh_BELLY.jpg,0.06521856784820557
A04_12_02_M_roh_BELLY.jpg,15,A01_15_03_W_roh_BELLY.jpg,0.06476403772830963
A04_12_02_M_roh_BELLY.jpg,16,A01_18_14_W_roh_BELLY.jpg,0.06452272087335587
A04_12_02_M_roh_BELLY.jpg,17,A04_15_06_M_roh_BELLY.jpg,0.06274331361055374
A04_12_02_M_roh_BELLY.jpg,18,A04_06_01_M_roh_BELLY.jpg,0.06172066181898117
A04_12_02_M_roh_BELLY.jpg,19,A05_18_04_W_roh_BELLY.jpg,0.06083967164158821
A04_12_02_M_roh_BELLY.jpg,20,A04_06_02_M_roh_BELLY.jpg,0.06044755503535271
A04_12_04_W_roh_BELLY.jpg,1,A05_21_01_W_roh_BELLY.jpg,0.11227121204137802
A04_12_04_W_roh_BELLY.jpg,2,A01_15_03_W_roh_BELLY.jpg,0.10976264625787735
A04_12_04_W_roh_BELLY.jpg,3,A02_08_05_M_roh_BELLY.jpg,0.10758933424949646
A04_12_04_W_roh_BELLY.jpg,4,A03_12_02_W_roh_BELLY.jpg,0.10711770504713058
A04_12_04_W_roh_BELLY.jpg,5,A03_12_03_M_roh_BELLY.jpg,0.10609738528728485
A04_12_04_W_roh_BELLY.jpg,6,A04_06_02_M_roh_BELLY.jpg,0.10513410717248917
A04_12_04_W_roh_BELLY.jpg,7,A02_06_07_M_roh_BELLY.jpg,0.1041828989982605
A04_12_04_W_roh_BELLY.jpg,8,A08_06_08_W_roh_BELLY.jpg,0.1021735742688179
A04_12_04_W_roh_BELLY.jpg,9,A01_06_01_SA_roh_BELLY.jpg,0.09237927198410034
A04_12_04_W_roh_BELLY.jpg,10,A02_06_06_M_roh_BELLY.jpg,0.09192997217178345
A04_12_04_W_roh_BELLY.jpg,11,A04_12_02_M_roh_BELLY.jpg,0.09094059467315674
A04_12_04_W_roh_BELLY.jpg,12,A08_12_15_W_roh_BELLY.jpg,0.09056974947452545
A04_12_04_W_roh_BELLY.jpg,13,A01_03_07_W_roh_BELLY.jpg,0.08918210119009018
A04_12_04_W_roh_BELLY.jpg,14,A08_06_02_SA_roh_BELLY.jpg,0.08825860172510147
A04_12_04_W_roh_BELLY.jpg,15,A01_18_01_W_roh_BELLY.jpg,0.08610465377569199
A04_12_04_W_roh_BELLY.jpg,16,A02_03_02_M_roh_BELLY.jpg,0.08582688868045807
A04_12_04_W_roh_BELLY.jpg,17,A08_06_05_SA_roh_BELLY.jpg,0.08536414057016373
A04_12_04_W_roh_BELLY.jpg,18,A08_12_05_W_roh_BELLY.jpg,0.08449576795101166
A04_12_04_W_roh_BELLY.jpg,19,A05_18_06_W_roh_BELLY.jpg,0.08412427455186844
A04_12_04_W_roh_BELLY.jpg,20,A02_06_04_M_roh_BELLY.jpg,0.0841069370508194
A04_15_03_M_roh_BELLY.jpg,1,A05_21_01_W_roh_BELLY.jpg,0.10479346662759781
A04_15_03_M_roh_BELLY.jpg,2,A08_06_08_W_roh_BELLY.jpg,0.10364387929439545
A04_15_03_M_roh_BELLY.jpg,3,A08_06_10_M_roh_BELLY.jpg,0.07984419912099838
A04_15_03_M_roh_BELLY.jpg,4,A08_06_02_SA_roh_BELLY.jpg,0.07917872071266174
A04_15_03_M_roh_BELLY.jpg,5,A08_18_17_W_roh_BELLY.jpg,0.07886546105146408
A04_15_03_M_roh_BELLY.jpg,6,A08_18_23_W_roh_BELLY.jpg,0.07607220858335495
A04_15_03_M_roh_BELLY.jpg,7,AT01_06_03_W_roh_BELLY.jpg,0.07309293001890182
A04_15_03_M_roh_BELLY.jpg,8,A08_15_14_W_roh_BELLY.jpg,0.07060281932353973
A04_15_03_M_roh_BELLY.jpg,9,A01_06_01_SA_roh_BELLY.jpg,0.06952811032533646
A04_15_03_M_roh_BELLY.jpg,10,A02_06_03_M_roh_BELLY.jpg,0.06752025336027145
A04_15_03_M_roh_BELLY.jpg,11,A01_15_03_W_roh_BELLY.jpg,0.06737833470106125
A04_15_03_M_roh_BELLY.jpg,12,A08_18_04_W_roh_BELLY.jpg,0.06726443022489548
A04_15_03_M_roh_BELLY.jpg,13,A08_18_19_W_roh_BELLY.jpg,0.06671927124261856
A04_15_03_M_roh_BELLY.jpg,14,A08_12_15_W_roh_BELLY.jpg,0.06652620434761047
A04_15_03_M_roh_BELLY.jpg,15,A02_06_06_M_roh_BELLY.jpg,0.06502996385097504
A04_15_03_M_roh_BELLY.jpg,16,A07_18_01_W_roh_BELLY.jpg,0.06399775296449661
A04_15_03_M_roh_BELLY.jpg,17,A03_12_02_W_roh_BELLY.jpg,0.06103077903389931
A04_15_03_M_roh_BELLY.jpg,18,A02_08_05_M_roh_BELLY.jpg,0.0606597401201725
A04_15_03_M_roh_BELLY.jpg,19,A08_12_13_W_roh_BELLY.jpg,0.060554102063179016
A04_15_03_M_roh_BELLY.jpg,20,A06_15_03_W_roh_BELLY.jpg,0.059992726892232895
A04_15_04_M_roh_BELLY.jpg,1,A08_06_10_M_roh_BELLY.jpg,0.09787159413099289
A04_15_04_M_roh_BELLY.jpg,2,A08_06_08_W_roh_BELLY.jpg,0.09393545240163803
A04_15_04_M_roh_BELLY.jpg,3,A08_06_05_SA_roh_BELLY.jpg,0.08437331020832062
A04_15_04_M_roh_BELLY.jpg,4,A08_18_04_W_roh_BELLY.jpg,0.08193330466747284
A04_15_04_M_roh_BELLY.jpg,5,A01_18_14_W_roh_BELLY.jpg,0.08180571347475052
A04_15_04_M_roh_BELLY.jpg,6,A08_15_14_W_roh_BELLY.jpg,0.07941284775733948
A04_15_04_M_roh_BELLY.jpg,7,A08_18_13_W_roh_BELLY.jpg,0.0791422501206398
A04_15_04_M_roh_BELLY.jpg,8,A02_06_03_M_roh_BELLY.jpg,0.07911717891693115
A04_15_04_M_roh_BELLY.jpg,9,A03_12_03_M_roh_BELLY.jpg,0.07792781293392181
A04_15_04_M_roh_BELLY.jpg,10,A01_03_07_W_roh_BELLY.jpg,0.07741942256689072
A04_15_04_M_roh_BELLY.jpg,11,A01_18_07_W_roh_BELLY.jpg,0.0768604502081871
A04_15_04_M_roh_BELLY.jpg,12,A04_06_02_M_roh_BELLY.jpg,0.07662346959114075
A04_15_04_M_roh_BELLY.jpg,13,A08_12_05_W_roh_BELLY.jpg,0.07657729834318161
A04_15_04_M_roh_BELLY.jpg,14,AT01_06_03_W_roh_BELLY.jpg,0.0765337198972702
A04_15_04_M_roh_BELLY.jpg,15,A08_12_13_W_roh_BELLY.jpg,0.0761033445596695
A04_15_04_M_roh_BELLY.jpg,16,A08_06_02_SA_roh_BELLY.jpg,0.07417917251586914
A04_15_04_M_roh_BELLY.jpg,17,A08_18_17_W_roh_BELLY.jpg,0.07141700387001038
A04_15_04_M_roh_BELLY.jpg,18,A08_18_22_W_roh_BELLY.jpg,0.06855661422014236
A04_15_04_M_roh_BELLY.jpg,19,A02_08_05_M_roh_BELLY.jpg,0.06833153963088989
A04_15_04_M_roh_BELLY.jpg,20,A05_21_01_W_roh_BELLY.jpg,0.06820498406887054
A04_15_05_W_roh_BELLY.jpg,1,A05_18_06_W_roh_BELLY.jpg,0.17353352904319763
A04_15_05_W_roh_BELLY.jpg,2,A08_06_08_W_roh_BELLY.jpg,0.13811534643173218
A04_15_05_W_roh_BELLY.jpg,3,A02_06_06_M_roh_BELLY.jpg,0.10554783046245575
A04_15_05_W_roh_BELLY.jpg,4,A08_06_02_SA_roh_BELLY.jpg,0.10512644052505493
A04_15_05_W_roh_BELLY.jpg,5,A01_15_03_W_roh_BELLY.jpg,0.09976936131715775
A04_15_05_W_roh_BELLY.jpg,6,A01_18_07_W_roh_BELLY.jpg,0.09786441177129745
A04_15_05_W_roh_BELLY.jpg,7,A02_03_01_W_roh_BELLY.jpg,0.09657815843820572
A04_15_05_W_roh_BELLY.jpg,8,A08_15_06_W_roh_BELLY.jpg,0.09516853094100952
A04_15_05_W_roh_BELLY.jpg,9,A08_06_05_SA_roh_BELLY.jpg,0.09349368512630463
A04_15_05_W_roh_BELLY.jpg,10,A08_18_14_M_roh_BELLY.jpg,0.09297973662614822
A04_15_05_W_roh_BELLY.jpg,11,A08_06_10_M_roh_BELLY.jpg,0.09287464618682861
A04_15_05_W_roh_BELLY.jpg,12,A01_18_02_M_roh_BELLY.jpg,0.09163551777601242
A04_15_05_W_roh_BELLY.jpg,13,A08_18_20_W_roh_BELLY.jpg,0.08976954966783524
A04_15_05_W_roh_BELLY.jpg,14,AT01_03_02_W_roh_BELLY.jpg,0.0896623507142067
A04_15_05_W_roh_BELLY.jpg,15,A03_12_03_M_roh_BELLY.jpg,0.08769935369491577
A04_15_05_W_roh_BELLY.jpg,16,A04_15_06_M_roh_BELLY.jpg,0.08634496480226517
A04_15_05_W_roh_BELLY.jpg,17,A08_18_04_W_roh_BELLY.jpg,0.08511195331811905
A04_15_05_W_roh_BELLY.jpg,18,A08_15_05_M_roh_BELLY.jpg,0.08331407606601715
A04_15_05_W_roh_BELLY.jpg,19,A05_15_03_W_roh_BELLY.jpg,0.08318626880645752
A04_15_05_W_roh_BELLY.jpg,20,A01_15_07_W_roh_BELLY.jpg,0.08276233822107315
A04_15_06_M_roh_BELLY.jpg,1,A05_21_01_W_roh_BELLY.jpg,0.11615248769521713
A04_15_06_M_roh_BELLY.jpg,2,A03_15_06_W_roh_BELLY.jpg,0.1117744892835617
A04_15_06_M_roh_BELLY.jpg,3,A08_06_08_W_roh_BELLY.jpg,0.11176411807537079
A04_15_06_M_roh_BELLY.jpg,4,A08_18_17_W_roh_BELLY.jpg,0.09807167947292328
A04_15_06_M_roh_BELLY.jpg,5,A08_06_05_SA_roh_BELLY.jpg,0.09129897505044937
A04_15_06_M_roh_BELLY.jpg,6,A03_15_04_W_roh_BELLY.jpg,0.08935154229402542
A04_15_06_M_roh_BELLY.jpg,7,A04_15_05_W_roh_BELLY.jpg,0.08634496480226517
A04_15_06_M_roh_BELLY.jpg,8,A02_06_07_M_roh_BELLY.jpg,0.0860852375626564
A04_15_06_M_roh_BELLY.jpg,9,A08_06_10_M_roh_BELLY.jpg,0.08057592809200287
A04_15_06_M_roh_BELLY.jpg,10,A08_18_04_W_roh_BELLY.jpg,0.07996935397386551
A04_15_06_M_roh_BELLY.jpg,11,AT01_06_03_W_roh_BELLY.jpg,0.0785054937005043
A04_15_06_M_roh_BELLY.jpg,12,A04_12_04_W_roh_BELLY.jpg,0.07409527152776718
A04_15_06_M_roh_BELLY.jpg,13,A08_15_21_M_roh_BELLY.jpg,0.07250499725341797
A04_15_06_M_roh_BELLY.jpg,14,A01_06_01_SA_roh_BELLY.jpg,0.07198791205883026
A04_15_06_M_roh_BELLY.jpg,15,A01_03_07_W_roh_BELLY.jpg,0.07163696736097336
A04_15_06_M_roh_BELLY.jpg,16,A08_15_14_W_roh_BELLY.jpg,0.07060270756483078
A04_15_06_M_roh_BELLY.jpg,17,A05_18_07_W_roh_BELLY.jpg,0.06987597793340683
A04_15_06_M_roh_BELLY.jpg,18,A08_18_22_W_roh_BELLY.jpg,0.06958083063364029
A04_15_06_M_roh_BELLY.jpg,19,A03_12_03_M_roh_BELLY.jpg,0.06921249628067017
A04_15_06_M_roh_BELLY.jpg,20,A08_15_05_M_roh_BELLY.jpg,0.06824993342161179
A04_17_01_W_roh_BELLY.jpg,1,A08_06_08_W_roh_BELLY.jpg,0.0910598486661911
A04_17_01_W_roh_BELLY.jpg,2,A08_06_02_SA_roh_BELLY.jpg,0.07294619828462601
A04_17_01_W_roh_BELLY.jpg,3,A08_06_05_SA_roh_BELLY.jpg,0.07185763120651245
A04_17_01_W_roh_BELLY.jpg,4,A06_15_03_W_roh_BELLY.jpg,0.06599961966276169
A04_17_01_W_roh_BELLY.jpg,5,AT01_06_03_W_roh_BELLY.jpg,0.06436840444803238
A04_17_01_W_roh_BELLY.jpg,6,A05_21_01_W_roh_BELLY.jpg,0.06200430914759636
A04_17_01_W_roh_BELLY.jpg,7,A08_06_10_M_roh_BELLY.jpg,0.05791325122117996
A04_17_01_W_roh_BELLY.jpg,8,A05_18_06_W_roh_BELLY.jpg,0.05711645260453224
A04_17_01_W_roh_BELLY.jpg,9,A08_18_19_W_roh_BELLY.jpg,0.056956417858600616
A04_17_01_W_roh_BELLY.jpg,10,A08_12_05_W_roh_BELLY.jpg,0.05536997690796852
A04_17_01_W_roh_BELLY.jpg,11,A08_12_15_W_roh_BELLY.jpg,0.05510735884308815
A04_17_01_W_roh_BELLY.jpg,12,A08_15_03_W_roh_BELLY.jpg,0.05488109216094017
A04_17_01_W_roh_BELLY.jpg,13,A08_18_23_W_roh_BELLY.jpg,0.05344056338071823
A04_17_01_W_roh_BELLY.jpg,14,A08_12_13_W_roh_BELLY.jpg,0.051600974053144455
A04_17_01_W_roh_BELLY.jpg,15,A05_18_04_W_roh_BELLY.jpg,0.05078680068254471
A04_17_01_W_roh_BELLY.jpg,16,A08_18_17_W_roh_BELLY.jpg,0.04958394914865494
A04_17_01_W_roh_BELLY.jpg,17,A08_18_08_M_roh_BELLY.jpg,0.04895429313182831
A04_17_01_W_roh_BELLY.jpg,18,A05_18_07_W_roh_BELLY.jpg,0.04832857847213745
A04_17_01_W_roh_BELLY.jpg,19,A06_18_04_W_roh_BELLY.jpg,0.04771468788385391
A04_17_01_W_roh_BELLY.jpg,20,A08_15_05_M_roh_BELLY.jpg,0.04698251560330391
A04_17_02_W_roh_BELLY.jpg,1,A08_06_08_W_roh_BELLY.jpg,0.07492518424987793
A04_17_02_W_roh_BELLY.jpg,2,A05_21_01_W_roh_BELLY.jpg,0.07309885323047638
A04_17_02_W_roh_BELLY.jpg,3,A08_15_03_W_roh_BELLY.jpg,0.07166686654090881
A04_17_02_W_roh_BELLY.jpg,4,A08_18_23_W_roh_BELLY.jpg,0.06751197576522827
A04_17_02_W_roh_BELLY.jpg,5,A08_06_10_M_roh_BELLY.jpg,0.05910208076238632
A04_17_02_W_roh_BELLY.jpg,6,A08_18_08_M_roh_BELLY.jpg,0.05857804790139198
A04_17_02_W_roh_BELLY.jpg,7,A08_06_05_SA_roh_BELLY.jpg,0.058520711958408356
A04_17_02_W_roh_BELLY.jpg,8,A08_06_02_SA_roh_BELLY.jpg,0.05840383470058441
A04_17_02_W_roh_BELLY.jpg,9,A06_18_04_W_roh_BELLY.jpg,0.05760948732495308
A04_17_02_W_roh_BELLY.jpg,10,A08_12_15_W_roh_BELLY.jpg,0.05638142302632332
A04_17_02_W_roh_BELLY.jpg,11,A08_12_13_W_roh_BELLY.jpg,0.05427628010511398
A04_17_02_W_roh_BELLY.jpg,12,A08_18_04_W_roh_BELLY.jpg,0.053494106978178024
A04_17_02_W_roh_BELLY.jpg,13,A08_15_04_M_roh_BELLY.jpg,0.052924975752830505
A04_17_02_W_roh_BELLY.jpg,14,AT01_03_02_W_roh_BELLY.jpg,0.051645923405885696
A04_17_02_W_roh_BELLY.jpg,15,A08_18_20_W_roh_BELLY.jpg,0.05084959417581558
A04_17_02_W_roh_BELLY.jpg,16,A08_15_14_W_roh_BELLY.jpg,0.050518251955509186
A04_17_02_W_roh_BELLY.jpg,17,A08_15_07_W_roh_BELLY.jpg,0.04993963614106178
A04_17_02_W_roh_BELLY.jpg,18,A04_12_04_W_roh_BELLY.jpg,0.04939683899283409
A04_17_02_W_roh_BELLY.jpg,19,A08_18_09_M_roh_BELLY.jpg,0.049067333340644836
A04_17_02_W_roh_BELLY.jpg,20,A08_18_17_W_roh_BELLY.jpg,0.04893963411450386
A05_12_03_W_roh_BELLY.jpg,1,A05_18_06_W_roh_BELLY.jpg,0.14325328171253204
A05_12_03_W_roh_BELLY.jpg,2,A08_06_08_W_roh_BELLY.jpg,0.0964890718460083
A05_12_03_W_roh_BELLY.jpg,3,A05_21_01_W_roh_BELLY.jpg,0.07767265290021896
A05_12_03_W_roh_BELLY.jpg,4,A08_18_04_W_roh_BELLY.jpg,0.07732219994068146
A05_12_03_W_roh_BELLY.jpg,5,AT01_06_03_W_roh_BELLY.jpg,0.07433173060417175
A05_12_03_W_roh_BELLY.jpg,6,A08_12_05_W_roh_BELLY.jpg,0.07149076461791992
A05_12_03_W_roh_BELLY.jpg,7,A01_06_01_SA_roh_BELLY.jpg,0.07148261368274689
A05_12_03_W_roh_BELLY.jpg,8,A08_15_14_W_roh_BELLY.jpg,0.0710114985704422
A05_12_03_W_roh_BELLY.jpg,9,A08_06_05_SA_roh_BELLY.jpg,0.07025137543678284
A05_12_03_W_roh_BELLY.jpg,10,A08_12_13_W_roh_BELLY.jpg,0.06848830729722977
A05_12_03_W_roh_BELLY.jpg,11,A05_18_04_W_roh_BELLY.jpg,0.06615167111158371
A05_12_03_W_roh_BELLY.jpg,12,A08_12_15_W_roh_BELLY.jpg,0.0650935173034668
A05_12_03_W_roh_BELLY.jpg,13,A08_06_02_SA_roh_BELLY.jpg,0.06502261757850647
A05_12_03_W_roh_BELLY.jpg,14,A05_18_07_W_roh_BELLY.jpg,0.06415744125843048
A05_12_03_W_roh_BELLY.jpg,15,A04_15_05_W_roh_BELLY.jpg,0.06409133225679398
A05_12_03_W_roh_BELLY.jpg,16,A08_15_04_M_roh_BELLY.jpg,0.06301461905241013
A05_12_03_W_roh_BELLY.jpg,17,A08_18_17_W_roh_BELLY.jpg,0.06286194175481796
A05_12_03_W_roh_BELLY.jpg,18,A08_15_05_M_roh_BELLY.jpg,0.061578791588544846
A05_12_03_W_roh_BELLY.jpg,19,A02_06_06_M_roh_BELLY.jpg,0.06149497628211975
A05_12_03_W_roh_BELLY.jpg,20,A02_06_04_M_roh_BELLY.jpg,0.06120852008461952
A05_15_03_W_roh_BELLY.jpg,1,A01_15_03_W_roh_BELLY.jpg,0.11908780038356781
A05_15_03_W_roh_BELLY.jpg,2,A05_21_01_W_roh_BELLY.jpg,0.1023869439959526
A05_15_03_W_roh_BELLY.jpg,3,A08_06_10_M_roh_BELLY.jpg,0.10222349315881729
A05_15_03_W_roh_BELLY.jpg,4,A01_15_07_W_roh_BELLY.jpg,0.09773209691047668
A05_15_03_W_roh_BELLY.jpg,5,A08_15_14_W_roh_BELLY.jpg,0.0946974977850914
A05_15_03_W_roh_BELLY.jpg,6,A08_18_04_W_roh_BELLY.jpg,0.09107530117034912
A05_15_03_W_roh_BELLY.jpg,7,A06_03_01_M_roh_BELLY.jpg,0.0886114314198494
A05_15_03_W_roh_BELLY.jpg,8,A08_06_05_SA_roh_BELLY.jpg,0.08588020503520966
A05_15_03_W_roh_BELLY.jpg,9,AT01_06_03_W_roh_BELLY.jpg,0.08500312268733978
A05_15_03_W_roh_BELLY.jpg,10,A01_03_07_W_roh_BELLY.jpg,0.08369147777557373
A05_15_03_W_roh_BELLY.jpg,11,A04_15_05_W_roh_BELLY.jpg,0.08318626880645752
A05_15_03_W_roh_BELLY.jpg,12,A08_15_19_M_roh_BELLY.jpg,0.08250466734170914
A05_15_03_W_roh_BELLY.jpg,13,A01_18_04_M_roh_BELLY.jpg,0.0824611559510231
A05_15_03_W_roh_BELLY.jpg,14,A08_15_06_W_roh_BELLY.jpg,0.08071122318506241
A05_15_03_W_roh_BELLY.jpg,15,A08_06_02_SA_roh_BELLY.jpg,0.08029177784919739
A05_15_03_W_roh_BELLY.jpg,16,A01_15_01_W_roh_BELLY.jpg,0.0798746645450592
A05_15_03_W_roh_BELLY.jpg,17,A08_18_20_W_roh_BELLY.jpg,0.07816092669963837
A05_15_03_W_roh_BELLY.jpg,18,AT01_03_02_W_roh_BELLY.jpg,0.07679226994514465
A05_15_03_W_roh_BELLY.jpg,19,A05_18_06_W_roh_BELLY.jpg,0.07657652348279953
A05_15_03_W_roh_BELLY.jpg,20,A02_06_03_M_roh_BELLY.jpg,0.07646738737821579
A05_18_04_W_roh_BELLY.jpg,1,A08_15_04_M_roh_BELLY.jpg,0.11344853788614273
A05_18_04_W_roh_BELLY.jpg,2,A05_21_01_W_roh_BELLY.jpg,0.1028977632522583
A05_18_04_W_roh_BELLY.jpg,3,A08_06_08_W_roh_BELLY.jpg,0.098112553358078
A05_18_04_W_roh_BELLY.jpg,4,A08_06_05_SA_roh_BELLY.jpg,0.09349443763494492
A05_18_04_W_roh_BELLY.jpg,5,A08_12_15_W_roh_BELLY.jpg,0.09001711755990982
A05_18_04_W_roh_BELLY.jpg,6,A03_18_06_W_roh_BELLY.jpg,0.08863140642642975
A05_18_04_W_roh_BELLY.jpg,7,A02_06_06_M_roh_BELLY.jpg,0.08799047023057938
A05_18_04_W_roh_BELLY.jpg,8,A01_18_14_W_roh_BELLY.jpg,0.0869143009185791
A05_18_04_W_roh_BELLY.jpg,9,A06_18_04_W_roh_BELLY.jpg,0.08483536541461945
A05_18_04_W_roh_BELLY.jpg,10,A01_18_12_M_roh_BELLY.jpg,0.08433160930871964
A05_18_04_W_roh_BELLY.jpg,11,A06_12_04_W_roh_BELLY.jpg,0.08365475386381149
A05_18_04_W_roh_BELLY.jpg,12,AT01_06_03_W_roh_BELLY.jpg,0.08336836099624634
A05_18_04_W_roh_BELLY.jpg,13,A08_06_02_SA_roh_BELLY.jpg,0.07855737209320068
A05_18_04_W_roh_BELLY.jpg,14,A03_18_07_M_roh_BELLY.jpg,0.07851056754589081
A05_18_04_W_roh_BELLY.jpg,15,A08_12_05_W_roh_BELLY.jpg,0.07826310396194458
A05_18_04_W_roh_BELLY.jpg,16,A02_06_03_M_roh_BELLY.jpg,0.07717243582010269
A05_18_04_W_roh_BELLY.jpg,17,A04_06_02_M_roh_BELLY.jpg,0.07621945440769196
A05_18_04_W_roh_BELLY.jpg,18,A01_18_03_W_roh_BELLY.jpg,0.0736444890499115
A05_18_04_W_roh_BELLY.jpg,19,A03_12_01_M_roh_BELLY.jpg,0.07334885001182556
A05_18_04_W_roh_BELLY.jpg,20,A04_15_05_W_roh_BELLY.jpg,0.07258524000644684
A05_18_05_W_roh_BELLY.jpg,1,A08_06_08_W_roh_BELLY.jpg,0.09811190515756607
A05_18_05_W_roh_BELLY.jpg,2,A05_21_01_W_roh_BELLY.jpg,0.09239307790994644
A05_18_05_W_roh_BELLY.jpg,3,A08_06_05_SA_roh_BELLY.jpg,0.08587931096553802
A05_18_05_W_roh_BELLY.jpg,4,A08_06_10_M_roh_BELLY.jpg,0.08356475085020065
A05_18_05_W_roh_BELLY.jpg,5,AT01_06_03_W_roh_BELLY.jpg,0.08182447403669357
A05_18_05_W_roh_BELLY.jpg,6,A06_18_04_W_roh_BELLY.jpg,0.0726475641131401
A05_18_05_W_roh_BELLY.jpg,7,A08_12_13_W_roh_BELLY.jpg,0.07235915958881378
A05_18_05_W_roh_BELLY.jpg,8,A08_12_05_W_roh_BELLY.jpg,0.06926655769348145
A05_18_05_W_roh_BELLY.jpg,9,A08_12_15_W_roh_BELLY.jpg,0.06867942214012146
A05_18_05_W_roh_BELLY.jpg,10,A03_12_03_M_roh_BELLY.jpg,0.0686454027891159
A05_18_05_W_roh_BELLY.jpg,11,A01_18_14_W_roh_BELLY.jpg,0.06791723519563675
A05_18_05_W_roh_BELLY.jpg,12,A08_06_02_SA_roh_BELLY.jpg,0.06590206921100616
A05_18_05_W_roh_BELLY.jpg,13,A08_18_19_W_roh_BELLY.jpg,0.06487415730953217
A05_18_05_W_roh_BELLY.jpg,14,A08_18_23_W_roh_BELLY.jpg,0.06433241069316864
A05_18_05_W_roh_BELLY.jpg,15,A05_18_06_W_roh_BELLY.jpg,0.06354297697544098
A05_18_05_W_roh_BELLY.jpg,16,A03_15_06_W_roh_BELLY.jpg,0.06233248487114906
A05_18_05_W_roh_BELLY.jpg,17,AT01_03_02_W_roh_BELLY.jpg,0.062111712992191315
A05_18_05_W_roh_BELLY.jpg,18,A08_18_17_W_roh_BELLY.jpg,0.062064386904239655
A05_18_05_W_roh_BELLY.jpg,19,A05_18_07_W_roh_BELLY.jpg,0.0618823878467083
A05_18_05_W_roh_BELLY.jpg,20,A01_15_06_W_roh_BELLY.jpg,0.061703018844127655
A05_18_06_W_roh_BELLY.jpg,1,A04_15_05_W_roh_BELLY.jpg,0.17353352904319763
A05_18_06_W_roh_BELLY.jpg,2,A05_12_03_W_roh_BELLY.jpg,0.14325328171253204
A05_18_06_W_roh_BELLY.jpg,3,A03_12_03_M_roh_BELLY.jpg,0.13771724700927734
A05_18_06_W_roh_BELLY.jpg,4,A08_06_08_W_roh_BELLY.jpg,0.1311853677034378
A05_18_06_W_roh_BELLY.jpg,5,AT01_06_03_W_roh_BELLY.jpg,0.10176096856594086
A05_18_06_W_roh_BELLY.jpg,6,A08_12_13_W_roh_BELLY.jpg,0.09966479241847992
A05_18_06_W_roh_BELLY.jpg,7,A01_15_03_W_roh_BELLY.jpg,0.09142369031906128
A05_18_06_W_roh_BELLY.jpg,8,A08_15_14_W_roh_BELLY.jpg,0.08977065235376358
A05_18_06_W_roh_BELLY.jpg,9,AT01_03_02_W_roh_BELLY.jpg,0.08963838219642639
A05_18_06_W_roh_BELLY.jpg,10,A08_06_10_M_roh_BELLY.jpg,0.08859308809041977
A05_18_06_W_roh_BELLY.jpg,11,A05_21_01_W_roh_BELLY.jpg,0.08801205456256866
A05_18_06_W_roh_BELLY.jpg,12,A01_18_14_W_roh_BELLY.jpg,0.08531925082206726
A05_18_06_W_roh_BELLY.jpg,13,A04_12_04_W_roh_BELLY.jpg,0.08412427455186844
A05_18_06_W_roh_BELLY.jpg,14,A01_18_12_M_roh_BELLY.jpg,0.08188550174236298
A05_18_06_W_roh_BELLY.jpg,15,A08_18_13_W_roh_BELLY.jpg,0.08185086399316788
A05_18_06_W_roh_BELLY.jpg,16,A08_12_15_W_roh_BELLY.jpg,0.08041694015264511
A05_18_06_W_roh_BELLY.jpg,17,A02_06_03_M_roh_BELLY.jpg,0.07853059470653534
A05_18_06_W_roh_BELLY.jpg,18,A08_12_05_W_roh_BELLY.jpg,0.0782354399561882
A05_18_06_W_roh_BELLY.jpg,19,A02_06_04_M_roh_BELLY.jpg,0.07743478566408157
A05_18_06_W_roh_BELLY.jpg,20,A05_15_03_W_roh_BELLY.jpg,0.07657652348279953
A05_18_07_W_roh_BELLY.jpg,1,A04_03_01_W_roh_BELLY.jpg,0.13353243470191956
A05_18_07_W_roh_BELLY.jpg,2,A08_06_05_SA_roh_BELLY.jpg,0.10488539189100266
A05_18_07_W_roh_BELLY.jpg,3,A08_06_08_W_roh_BELLY.jpg,0.10431338101625443
A05_18_07_W_roh_BELLY.jpg,4,A05_21_01_W_roh_BELLY.jpg,0.10039513558149338
A05_18_07_W_roh_BELLY.jpg,5,A08_18_13_W_roh_BELLY.jpg,0.0969824492931366
A05_18_07_W_roh_BELLY.jpg,6,AT01_06_03_W_roh_BELLY.jpg,0.08878874033689499
A05_18_07_W_roh_BELLY.jpg,7,A08_06_02_SA_roh_BELLY.jpg,0.08128269761800766
A05_18_07_W_roh_BELLY.jpg,8,A02_06_07_M_roh_BELLY.jpg,0.08120482414960861
A05_18_07_W_roh_BELLY.jpg,9,A03_15_06_W_roh_BELLY.jpg,0.0806146040558815
A05_18_07_W_roh_BELLY.jpg,10,A01_18_02_M_roh_BELLY.jpg,0.07977411895990372
A05_18_07_W_roh_BELLY.jpg,11,A01_15_07_W_roh_BELLY.jpg,0.07871368527412415
A05_18_07_W_roh_BELLY.jpg,12,A08_15_06_W_roh_BELLY.jpg,0.07814868539571762
A05_18_07_W_roh_BELLY.jpg,13,A08_12_05_W_roh_BELLY.jpg,0.07631395757198334
A05_18_07_W_roh_BELLY.jpg,14,A01_18_12_M_roh_BELLY.jpg,0.07577726989984512
A05_18_07_W_roh_BELLY.jpg,15,A08_15_14_W_roh_BELLY.jpg,0.07537045329809189
A05_18_07_W_roh_BELLY.jpg,16,AT01_03_02_W_roh_BELLY.jpg,0.07443822920322418
A05_18_07_W_roh_BELLY.jpg,17,A08_12_15_W_roh_BELLY.jpg,0.07434353232383728
A05_18_07_W_roh_BELLY.jpg,18,A08_18_17_W_roh_BELLY.jpg,0.07237044721841812
A05_18_07_W_roh_BELLY.jpg,19,A04_15_06_M_roh_BELLY.jpg,0.06987597793340683
A05_18_07_W_roh_BELLY.jpg,20,A01_18_14_W_roh_BELLY.jpg,0.06928986310958862
A05_18_08_W_roh_BELLY.jpg,1,A08_06_10_M_roh_BELLY.jpg,0.1130460798740387
A05_18_08_W_roh_BELLY.jpg,2,A08_06_08_W_roh_BELLY.jpg,0.10970061272382736
A05_18_08_W_roh_BELLY.jpg,3,AT01_06_03_W_roh_BELLY.jpg,0.10463924705982208
A05_18_08_W_roh_BELLY.jpg,4,A05_21_01_W_roh_BELLY.jpg,0.10289766639471054
A05_18_08_W_roh_BELLY.jpg,5,A01_15_03_W_roh_BELLY.jpg,0.09205645322799683
A05_18_08_W_roh_BELLY.jpg,6,A08_18_04_W_roh_BELLY.jpg,0.09055279195308685
A05_18_08_W_roh_BELLY.jpg,7,A08_12_13_W_roh_BELLY.jpg,0.08820640295743942
A05_18_08_W_roh_BELLY.jpg,8,A08_12_05_W_roh_BELLY.jpg,0.08411812782287598
A05_18_08_W_roh_BELLY.jpg,9,A08_06_05_SA_roh_BELLY.jpg,0.08271279186010361
A05_18_08_W_roh_BELLY.jpg,10,A01_18_07_W_roh_BELLY.jpg,0.08167552947998047
A05_18_08_W_roh_BELLY.jpg,11,A08_06_02_SA_roh_BELLY.jpg,0.0798933207988739
A05_18_08_W_roh_BELLY.jpg,12,AT01_03_02_W_roh_BELLY.jpg,0.07853837311267853
A05_18_08_W_roh_BELLY.jpg,13,A08_12_15_W_roh_BELLY.jpg,0.0756862461566925
A05_18_08_W_roh_BELLY.jpg,14,A03_12_02_W_roh_BELLY.jpg,0.07433171570301056
A05_18_08_W_roh_BELLY.jpg,15,A08_15_14_W_roh_BELLY.jpg,0.07389739900827408
A05_18_08_W_roh_BELLY.jpg,16,A08_15_19_M_roh_BELLY.jpg,0.07207202166318893
A05_18_08_W_roh_BELLY.jpg,17,A02_03_02_M_roh_BELLY.jpg,0.0717155858874321
A05_18_08_W_roh_BELLY.jpg,18,A06_18_04_W_roh_BELLY.jpg,0.07114163786172867
A05_18_08_W_roh_BELLY.jpg,19,A04_06_02_M_roh_BELLY.jpg,0.06979864090681076
A05_18_08_W_roh_BELLY.jpg,20,A08_18_19_W_roh_BELLY.jpg,0.06917393207550049
A05_21_01_W_roh_BELLY.jpg,1,AT01_06_03_W_roh_BELLY.jpg,0.15952236950397491
A05_21_01_W_roh_BELLY.jpg,2,A04_06_01_M_roh_BELLY.jpg,0.14709068834781647
A05_21_01_W_roh_BELLY.jpg,3,A02_06_06_M_roh_BELLY.jpg,0.13018573820590973
A05_21_01_W_roh_BELLY.jpg,4,A08_06_08_W_roh_BELLY.jpg,0.12914299964904785
A05_21_01_W_roh_BELLY.jpg,5,A04_06_02_M_roh_BELLY.jpg,0.12207742780447006
A05_21_01_W_roh_BELLY.jpg,6,A01_06_01_SA_roh_BELLY.jpg,0.11828669160604477
A05_21_01_W_roh_BELLY.jpg,7,A04_15_06_M_roh_BELLY.jpg,0.11615248769521713
A05_21_01_W_roh_BELLY.jpg,8,A04_12_04_W_roh_BELLY.jpg,0.11227121204137802
A05_21_01_W_roh_BELLY.jpg,9,A01_03_07_W_roh_BELLY.jpg,0.10889957845211029
A05_21_01_W_roh_BELLY.jpg,10,A08_06_05_SA_roh_BELLY.jpg,0.108075812458992
A05_21_01_W_roh_BELLY.jpg,11,A02_03_02_M_roh_BELLY.jpg,0.10780633240938187
A05_21_01_W_roh_BELLY.jpg,12,A04_15_03_M_roh_BELLY.jpg,0.10479346662759781
A05_21_01_W_roh_BELLY.jpg,13,A03_18_07_M_roh_BELLY.jpg,0.10301218181848526
A05_21_01_W_roh_BELLY.jpg,14,A05_18_04_W_roh_BELLY.jpg,0.1028977632522583
A05_21_01_W_roh_BELLY.jpg,15,A05_18_08_W_roh_BELLY.jpg,0.10289766639471054
A05_21_01_W_roh_BELLY.jpg,16,A05_15_03_W_roh_BELLY.jpg,0.1023869439959526
A05_21_01_W_roh_BELLY.jpg,17,A05_18_07_W_roh_BELLY.jpg,0.10039513558149338
A05_21_01_W_roh_BELLY.jpg,18,A02_06_04_M_roh_BELLY.jpg,0.09970599412918091
A05_21_01_W_roh_BELLY.jpg,19,A01_18_03_W_roh_BELLY.jpg,0.09833469986915588
A05_21_01_W_roh_BELLY.jpg,20,A01_12_01_M_roh_BELLY.jpg,0.09806028008460999
A06_03_01_M_roh_BELLY.jpg,1,A08_06_05_SA_roh_BELLY.jpg,0.1151580959558487
A06_03_01_M_roh_BELLY.jpg,2,A08_06_08_W_roh_BELLY.jpg,0.10116086155176163
A06_03_01_M_roh_BELLY.jpg,3,A08_18_04_W_roh_BELLY.jpg,0.09676139801740646
A06_03_01_M_roh_BELLY.jpg,4,A08_06_10_M_roh_BELLY.jpg,0.08999279886484146
A06_03_01_M_roh_BELLY.jpg,5,A05_15_03_W_roh_BELLY.jpg,0.0886114314198494
A06_03_01_M_roh_BELLY.jpg,6,A08_15_14_W_roh_BELLY.jpg,0.08425047248601913
A06_03_01_M_roh_BELLY.jpg,7,A08_06_02_SA_roh_BELLY.jpg,0.08416850119829178
A06_03_01_M_roh_BELLY.jpg,8,A08_15_05_M_roh_BELLY.jpg,0.08255096524953842
A06_03_01_M_roh_BELLY.jpg,9,AT01_03_02_W_roh_BELLY.jpg,0.07898535579442978
A06_03_01_M_roh_BELLY.jpg,10,AT01_06_03_W_roh_BELLY.jpg,0.07701104879379272
A06_03_01_M_roh_BELLY.jpg,11,A08_18_17_W_roh_BELLY.jpg,0.07413315027952194
A06_03_01_M_roh_BELLY.jpg,12,A01_06_01_SA_roh_BELLY.jpg,0.07310444116592407
A06_03_01_M_roh_BELLY.jpg,13,A01_15_03_W_roh_BELLY.jpg,0.0691382959485054
A06_03_01_M_roh_BELLY.jpg,14,A07_18_03_W_roh_BELLY.jpg,0.06834521889686584
A06_03_01_M_roh_BELLY.jpg,15,A08_18_14_M_roh_BELLY.jpg,0.06834385544061661
A06_03_01_M_roh_BELLY.jpg,16,A01_03_07_W_roh_BELLY.jpg,0.06681448966264725
A06_03_01_M_roh_BELLY.jpg,17,A08_12_05_W_roh_BELLY.jpg,0.06550175696611404
A06_03_01_M_roh_BELLY.jpg,18,A08_18_20_W_roh_BELLY.jpg,0.06538917869329453
A06_03_01_M_roh_BELLY.jpg,19,A08_18_13_W_roh_BELLY.jpg,0.06528756022453308
A06_03_01_M_roh_BELLY.jpg,20,A04_15_05_W_roh_BELLY.jpg,0.06472120434045792
A06_03_02_W_roh_BELLY.jpg,1,A08_06_08_W_roh_BELLY.jpg,0.12136020511388779
A06_03_02_W_roh_BELLY.jpg,2,A08_15_05_M_roh_BELLY.jpg,0.119077667593956
A06_03_02_W_roh_BELLY.jpg,3,AT01_03_02_W_roh_BELLY.jpg,0.10745704174041748
A06_03_02_W_roh_BELLY.jpg,4,A08_12_15_W_roh_BELLY.jpg,0.0893615111708641
A06_03_02_W_roh_BELLY.jpg,5,A08_18_14_M_roh_BELLY.jpg,0.0863102599978447
A06_03_02_W_roh_BELLY.jpg,6,A08_18_04_W_roh_BELLY.jpg,0.08507576584815979
A06_03_02_W_roh_BELLY.jpg,7,A01_15_03_W_roh_BELLY.jpg,0.07859457284212112
A06_03_02_W_roh_BELLY.jpg,8,A08_06_10_M_roh_BELLY.jpg,0.07829355448484421
A06_03_02_W_roh_BELLY.jpg,9,A08_06_02_SA_roh_BELLY.jpg,0.07829005271196365
A06_03_02_W_roh_BELLY.jpg,10,AT01_06_03_W_roh_BELLY.jpg,0.07645871490240097
A06_03_02_W_roh_BELLY.jpg,11,A03_12_03_M_roh_BELLY.jpg,0.07522335648536682
A06_03_02_W_roh_BELLY.jpg,12,A02_03_01_W_roh_BELLY.jpg,0.07446907460689545
A06_03_02_W_roh_BELLY.jpg,13,A08_18_20_W_roh_BELLY.jpg,0.07047766447067261
A06_03_02_W_roh_BELLY.jpg,14,A08_06_05_SA_roh_BELLY.jpg,0.06948346644639969
A06_03_02_W_roh_BELLY.jpg,15,A08_15_04_M_roh_BELLY.jpg,0.06840319186449051
A06_03_02_W_roh_BELLY.jpg,16,A08_15_19_M_roh_BELLY.jpg,0.06776808947324753
A06_03_02_W_roh_BELLY.jpg,17,A08_18_06_W_roh_BELLY.jpg,0.06617717444896698
A06_03_02_W_roh_BELLY.jpg,18,A01_03_07_W_roh_BELLY.jpg,0.06590176373720169
A06_03_02_W_roh_BELLY.jpg,19,A03_15_06_W_roh_BELLY.jpg,0.06582005321979523
A06_03_02_W_roh_BELLY.jpg,20,A06_12_04_W_roh_BELLY.jpg,0.06570157408714294
A06_08_04_W_roh_BELLY.jpg,1,A08_06_08_W_roh_BELLY.jpg,0.09659945219755173
A06_08_04_W_roh_BELLY.jpg,2,AT01_06_03_W_roh_BELLY.jpg,0.07057725638151169
A06_08_04_W_roh_BELLY.jpg,3,A08_06_05_SA_roh_BELLY.jpg,0.0698709487915039
A06_08_04_W_roh_BELLY.jpg,4,A08_06_02_SA_roh_BELLY.jpg,0.06953460723161697
A06_08_04_W_roh_BELLY.jpg,5,A06_18_04_W_roh_BELLY.jpg,0.06936376541852951
A06_08_04_W_roh_BELLY.jpg,6,A08_12_15_W_roh_BELLY.jpg,0.06493730843067169
A06_08_04_W_roh_BELLY.jpg,7,A08_18_23_W_roh_BELLY.jpg,0.06332707405090332
A06_08_04_W_roh_BELLY.jpg,8,A08_15_05_M_roh_BELLY.jpg,0.06185004860162735
A06_08_04_W_roh_BELLY.jpg,9,A08_18_04_W_roh_BELLY.jpg,0.06150784343481064
A06_08_04_W_roh_BELLY.jpg,10,A08_15_04_M_roh_BELLY.jpg,0.06098002940416336
A06_08_04_W_roh_BELLY.jpg,11,A08_12_05_W_roh_BELLY.jpg,0.06045559421181679
A06_08_04_W_roh_BELLY.jpg,12,A08_18_06_W_roh_BELLY.jpg,0.05580009147524834
A06_08_04_W_roh_BELLY.jpg,13,A05_21_01_W_roh_BELLY.jpg,0.05549193173646927
A06_08_04_W_roh_BELLY.jpg,14,A08_15_19_M_roh_BELLY.jpg,0.05316915735602379
A06_08_04_W_roh_BELLY.jpg,15,A08_06_10_M_roh_BELLY.jpg,0.05285666510462761
A06_08_04_W_roh_BELLY.jpg,16,A08_18_02_W_roh_BELLY.jpg,0.0523906871676445
A06_08_04_W_roh_BELLY.jpg,17,A08_18_17_W_roh_BELLY.jpg,0.05189471319317818
A06_08_04_W_roh_BELLY.jpg,18,A08_18_19_W_roh_BELLY.jpg,0.05128738284111023
A06_08_04_W_roh_BELLY.jpg,19,A08_18_20_W_roh_BELLY.jpg,0.05095471814274788
A06_08_04_W_roh_BELLY.jpg,20,A08_18_22_W_roh_BELLY.jpg,0.050252918154001236
A06_12_01_W_roh_BELLY.jpg,1,A06_15_02_W_roh_BELLY.jpg,0.14385661482810974
A06_12_01_W_roh_BELLY.jpg,2,A08_06_08_W_roh_BELLY.jpg,0.09567137062549591
A06_12_01_W_roh_BELLY.jpg,3,A08_06_05_SA_roh_BELLY.jpg,0.09283068031072617
A06_12_01_W_roh_BELLY.jpg,4,A08_12_13_W_roh_BELLY.jpg,0.09152010828256607
A06_12_01_W_roh_BELLY.jpg,5,AT01_06_03_W_roh_BELLY.jpg,0.09150408208370209
A06_12_01_W_roh_BELLY.jpg,6,A08_12_15_W_roh_BELLY.jpg,0.08631431311368942
A06_12_01_W_roh_BELLY.jpg,7,A08_18_13_W_roh_BELLY.jpg,0.08546728640794754
A06_12_01_W_roh_BELLY.jpg,8,A08_15_05_M_roh_BELLY.jpg,0.07821981608867645
A06_12_01_W_roh_BELLY.jpg,9,A08_18_04_W_roh_BELLY.jpg,0.07686639577150345
A06_12_01_W_roh_BELLY.jpg,10,A08_06_10_M_roh_BELLY.jpg,0.07615510374307632
A06_12_01_W_roh_BELLY.jpg,11,AT01_03_02_W_roh_BELLY.jpg,0.07233913242816925
A06_12_01_W_roh_BELLY.jpg,12,A08_15_14_W_roh_BELLY.jpg,0.06856188923120499
A06_12_01_W_roh_BELLY.jpg,13,A08_18_17_W_roh_BELLY.jpg,0.06715390086174011
A06_12_01_W_roh_BELLY.jpg,14,A08_18_22_W_roh_BELLY.jpg,0.06694890558719635
A06_12_01_W_roh_BELLY.jpg,15,A01_15_03_W_roh_BELLY.jpg,0.0661134347319603
A06_12_01_W_roh_BELLY.jpg,16,A08_06_02_SA_roh_BELLY.jpg,0.06517373025417328
A06_12_01_W_roh_BELLY.jpg,17,A03_12_03_M_roh_BELLY.jpg,0.06466406583786011
A06_12_01_W_roh_BELLY.jpg,18,A08_18_19_W_roh_BELLY.jpg,0.06338570266962051
A06_12_01_W_roh_BELLY.jpg,19,A02_06_06_M_roh_BELLY.jpg,0.06149569898843765
A06_12_01_W_roh_BELLY.jpg,20,A06_12_04_W_roh_BELLY.jpg,0.05925619229674339
A06_12_04_W_roh_BELLY.jpg,1,A08_06_08_W_roh_BELLY.jpg,0.13775715231895447
A06_12_04_W_roh_BELLY.jpg,2,AT01_06_03_W_roh_BELLY.jpg,0.097560353577137
A06_12_04_W_roh_BELLY.jpg,3,A08_06_05_SA_roh_BELLY.jpg,0.08870592713356018
A06_12_04_W_roh_BELLY.jpg,4,A05_18_04_W_roh_BELLY.jpg,0.08365475386381149
A06_12_04_W_roh_BELLY.jpg,5,AT01_03_02_W_roh_BELLY.jpg,0.08180400729179382
A06_12_04_W_roh_BELLY.jpg,6,A08_06_10_M_roh_BELLY.jpg,0.07991150766611099
A06_12_04_W_roh_BELLY.jpg,7,A08_18_17_W_roh_BELLY.jpg,0.07661359757184982
A06_12_04_W_roh_BELLY.jpg,8,A08_12_13_W_roh_BELLY.jpg,0.07494198530912399
A06_12_04_W_roh_BELLY.jpg,9,A02_06_07_M_roh_BELLY.jpg,0.07477939873933792
A06_12_04_W_roh_BELLY.jpg,10,A08_12_05_W_roh_BELLY.jpg,0.07456046342849731
A06_12_04_W_roh_BELLY.jpg,11,A08_06_02_SA_roh_BELLY.jpg,0.07417063415050507
A06_12_04_W_roh_BELLY.jpg,12,A08_15_14_W_roh_BELLY.jpg,0.07385752350091934
A06_12_04_W_roh_BELLY.jpg,13,A02_06_06_M_roh_BELLY.jpg,0.07358936965465546
A06_12_04_W_roh_BELLY.jpg,14,A08_12_15_W_roh_BELLY.jpg,0.07335688173770905
A06_12_04_W_roh_BELLY.jpg,15,A01_12_01_M_roh_BELLY.jpg,0.07146400213241577
A06_12_04_W_roh_BELLY.jpg,16,A01_18_14_W_roh_BELLY.jpg,0.0687965601682663
A06_12_04_W_roh_BELLY.jpg,17,A08_15_05_M_roh_BELLY.jpg,0.06870564818382263
A06_12_04_W_roh_BELLY.jpg,18,A01_18_03_W_roh_BELLY.jpg,0.06634521484375
A06_12_04_W_roh_BELLY.jpg,19,A06_03_02_W_roh_BELLY.jpg,0.06570157408714294
A06_12_04_W_roh_BELLY.jpg,20,A08_18_13_W_roh_BELLY.jpg,0.06524071097373962
A06_14_02_W_roh_BELLY.jpg,1,A08_06_08_W_roh_BELLY.jpg,0.11194191873073578
A06_14_02_W_roh_BELLY.jpg,2,A08_06_10_M_roh_BELLY.jpg,0.10923435539007187
A06_14_02_W_roh_BELLY.jpg,3,A08_06_05_SA_roh_BELLY.jpg,0.10864286869764328
A06_14_02_W_roh_BELLY.jpg,4,A08_15_19_M_roh_BELLY.jpg,0.08730775862932205
A06_14_02_W_roh_BELLY.jpg,5,A08_18_17_W_roh_BELLY.jpg,0.0831700935959816
A06_14_02_W_roh_BELLY.jpg,6,A08_06_02_SA_roh_BELLY.jpg,0.08200855553150177
A06_14_02_W_roh_BELLY.jpg,7,A04_12_04_W_roh_BELLY.jpg,0.08120181411504745
A06_14_02_W_roh_BELLY.jpg,8,A08_15_05_M_roh_BELLY.jpg,0.076861672103405
A06_14_02_W_roh_BELLY.jpg,9,A08_18_13_W_roh_BELLY.jpg,0.07661847770214081
A06_14_02_W_roh_BELLY.jpg,10,A01_15_03_W_roh_BELLY.jpg,0.07599283754825592
A06_14_02_W_roh_BELLY.jpg,11,AT01_06_03_W_roh_BELLY.jpg,0.0739680752158165
A06_14_02_W_roh_BELLY.jpg,12,A08_15_04_M_roh_BELLY.jpg,0.07269681245088577
A06_14_02_W_roh_BELLY.jpg,13,A04_15_05_W_roh_BELLY.jpg,0.07211055606603622
A06_14_02_W_roh_BELLY.jpg,14,A08_18_23_W_roh_BELLY.jpg,0.07133891433477402
A06_14_02_W_roh_BELLY.jpg,15,A08_18_04_W_roh_BELLY.jpg,0.07122455537319183
A06_14_02_W_roh_BELLY.jpg,16,A08_12_15_W_roh_BELLY.jpg,0.06937673687934875
A06_14_02_W_roh_BELLY.jpg,17,A02_06_06_M_roh_BELLY.jpg,0.06648857146501541
A06_14_02_W_roh_BELLY.jpg,18,A01_06_01_SA_roh_BELLY.jpg,0.06627216935157776
A06_14_02_W_roh_BELLY.jpg,19,A05_21_01_W_roh_BELLY.jpg,0.06587368994951248
A06_14_02_W_roh_BELLY.jpg,20,A08_12_05_W_roh_BELLY.jpg,0.06582028418779373
A06_15_02_W_roh_BELLY.jpg,1,A06_12_01_W_roh_BELLY.jpg,0.14385661482810974
A06_15_02_W_roh_BELLY.jpg,2,A08_06_02_SA_roh_BELLY.jpg,0.10491041094064713
A06_15_02_W_roh_BELLY.jpg,3,A08_06_08_W_roh_BELLY.jpg,0.09875578433275223
A06_15_02_W_roh_BELLY.jpg,4,AT01_06_03_W_roh_BELLY.jpg,0.09554051607847214
A06_15_02_W_roh_BELLY.jpg,5,A08_06_05_SA_roh_BELLY.jpg,0.09003139287233353
A06_15_02_W_roh_BELLY.jpg,6,A08_15_05_M_roh_BELLY.jpg,0.08637779951095581
A06_15_02_W_roh_BELLY.jpg,7,A08_18_04_W_roh_BELLY.jpg,0.08299142867326736
A06_15_02_W_roh_BELLY.jpg,8,A08_12_15_W_roh_BELLY.jpg,0.07670234888792038
A06_15_02_W_roh_BELLY.jpg,9,A08_12_13_W_roh_BELLY.jpg,0.07412439584732056
A06_15_02_W_roh_BELLY.jpg,10,A08_15_14_W_roh_BELLY.jpg,0.07178155332803726
A06_15_02_W_roh_BELLY.jpg,11,A01_18_14_W_roh_BELLY.jpg,0.07135478407144547
A06_15_02_W_roh_BELLY.jpg,12,A07_18_01_W_roh_BELLY.jpg,0.07033368200063705
A06_15_02_W_roh_BELLY.jpg,13,A04_15_05_W_roh_BELLY.jpg,0.06735459715127945
A06_15_02_W_roh_BELLY.jpg,14,A08_18_13_W_roh_BELLY.jpg,0.06680644303560257
A06_15_02_W_roh_BELLY.jpg,15,A01_15_03_W_roh_BELLY.jpg,0.06674567610025406
A06_15_02_W_roh_BELLY.jpg,16,A08_18_17_W_roh_BELLY.jpg,0.06571627408266068
A06_15_02_W_roh_BELLY.jpg,17,A02_08_05_M_roh_BELLY.jpg,0.06483472138643265
A06_15_02_W_roh_BELLY.jpg,18,A08_12_05_W_roh_BELLY.jpg,0.06337910890579224
A06_15_02_W_roh_BELLY.jpg,19,A08_15_19_M_roh_BELLY.jpg,0.062241047620773315
A06_15_02_W_roh_BELLY.jpg,20,A04_12_04_W_roh_BELLY.jpg,0.06214076653122902
A06_15_03_W_roh_BELLY.jpg,1,A08_06_08_W_roh_BELLY.jpg,0.10711953043937683
A06_15_03_W_roh_BELLY.jpg,2,A08_18_17_W_roh_BELLY.jpg,0.08272682875394821
A06_15_03_W_roh_BELLY.jpg,3,A08_06_02_SA_roh_BELLY.jpg,0.08241146802902222
A06_15_03_W_roh_BELLY.jpg,4,A08_12_05_W_roh_BELLY.jpg,0.07864315062761307
A06_15_03_W_roh_BELLY.jpg,5,A08_15_04_M_roh_BELLY.jpg,0.0770375207066536
A06_15_03_W_roh_BELLY.jpg,6,A08_06_10_M_roh_BELLY.jpg,0.0754459872841835
A06_15_03_W_roh_BELLY.jpg,7,AT01_06_03_W_roh_BELLY.jpg,0.07321252673864365
A06_15_03_W_roh_BELLY.jpg,8,A05_21_01_W_roh_BELLY.jpg,0.072872094810009
A06_15_03_W_roh_BELLY.jpg,9,A02_06_06_M_roh_BELLY.jpg,0.07203876972198486
A06_15_03_W_roh_BELLY.jpg,10,A04_12_04_W_roh_BELLY.jpg,0.07013928145170212
A06_15_03_W_roh_BELLY.jpg,11,A08_18_19_W_roh_BELLY.jpg,0.06970778852701187
A06_15_03_W_roh_BELLY.jpg,12,A08_18_13_W_roh_BELLY.jpg,0.06940849125385284
A06_15_03_W_roh_BELLY.jpg,13,A08_06_05_SA_roh_BELLY.jpg,0.06859524548053741
A06_15_03_W_roh_BELLY.jpg,14,A08_12_15_W_roh_BELLY.jpg,0.06652607768774033
A06_15_03_W_roh_BELLY.jpg,15,A04_17_01_W_roh_BELLY.jpg,0.06599961966276169
A06_15_03_W_roh_BELLY.jpg,16,A03_18_07_M_roh_BELLY.jpg,0.06539881974458694
A06_15_03_W_roh_BELLY.jpg,17,A04_06_01_M_roh_BELLY.jpg,0.06485360115766525
A06_15_03_W_roh_BELLY.jpg,18,A08_15_14_W_roh_BELLY.jpg,0.06293600052595139
A06_15_03_W_roh_BELLY.jpg,19,A01_18_12_M_roh_BELLY.jpg,0.06248164176940918
A06_15_03_W_roh_BELLY.jpg,20,A01_18_01_W_roh_BELLY.jpg,0.06239785626530647
A06_17_01_M_roh_-_Kopie_BELLY.jpg,1,A08_06_08_W_roh_BELLY.jpg,0.10916107892990112
A06_17_01_M_roh_-_Kopie_BELLY.jpg,2,A08_18_23_W_roh_BELLY.jpg,0.08407416939735413
A06_17_01_M_roh_-_Kopie_BELLY.jpg,3,A08_12_15_W_roh_BELLY.jpg,0.0763271227478981
A06_17_01_M_roh_-_Kopie_BELLY.jpg,4,A06_18_04_W_roh_BELLY.jpg,0.07540355622768402
A06_17_01_M_roh_-_Kopie_BELLY.jpg,5,A04_12_04_W_roh_BELLY.jpg,0.06542280316352844
A06_17_01_M_roh_-_Kopie_BELLY.jpg,6,A08_18_13_W_roh_BELLY.jpg,0.06143343076109886
A06_17_01_M_roh_-_Kopie_BELLY.jpg,7,A08_06_05_SA_roh_BELLY.jpg,0.06070975586771965
A06_17_01_M_roh_-_Kopie_BELLY.jpg,8,AT01_06_03_W_roh_BELLY.jpg,0.05892476439476013
A06_17_01_M_roh_-_Kopie_BELLY.jpg,9,A08_18_04_W_roh_BELLY.jpg,0.057743676006793976
A06_17_01_M_roh_-_Kopie_BELLY.jpg,10,A08_06_02_SA_roh_BELLY.jpg,0.05673949792981148
A06_17_01_M_roh_-_Kopie_BELLY.jpg,11,A08_15_14_W_roh_BELLY.jpg,0.055580832064151764
A06_17_01_M_roh_-_Kopie_BELLY.jpg,12,A08_18_14_M_roh_BELLY.jpg,0.05493837594985962
A06_17_01_M_roh_-_Kopie_BELLY.jpg,13,A08_15_05_M_roh_BELLY.jpg,0.054863784462213516
A06_17_01_M_roh_-_Kopie_BELLY.jpg,14,A08_12_05_W_roh_BELLY.jpg,0.05443691089749336
A06_17_01_M_roh_-_Kopie_BELLY.jpg,15,A08_12_13_W_roh_BELLY.jpg,0.05288804695010185
A06_17_01_M_roh_-_Kopie_BELLY.jpg,16,A05_21_01_W_roh_BELLY.jpg,0.0498981699347496
A06_17_01_M_roh_-_Kopie_BELLY.jpg,17,A08_18_02_W_roh_BELLY.jpg,0.0494995042681694
A06_17_01_M_roh_-_Kopie_BELLY.jpg,18,A08_18_12_W_roh_BELLY.jpg,0.04938238114118576
A06_17_01_M_roh_-_Kopie_BELLY.jpg,19,A08_18_17_W_roh_BELLY.jpg,0.04928496852517128
A06_17_01_M_roh_-_Kopie_BELLY.jpg,20,A08_18_20_W_roh_BELLY.jpg,0.04902670532464981
A06_17_02_W__roh_BELLY.jpg,1,A08_06_08_W_roh_BELLY.jpg,0.10406848788261414
A06_17_02_W__roh_BELLY.jpg,2,A08_06_05_SA_roh_BELLY.jpg,0.08269843459129333
A06_17_02_W__roh_BELLY.jpg,3,AT01_06_03_W_roh_BELLY.jpg,0.07614227384328842
A06_17_02_W__roh_BELLY.jpg,4,A08_12_15_W_roh_BELLY.jpg,0.06891044974327087
A06_17_02_W__roh_BELLY.jpg,5,A08_18_17_W_roh_BELLY.jpg,0.0656982883810997
A06_17_02_W__roh_BELLY.jpg,6,A08_06_10_M_roh_BELLY.jpg,0.06481185555458069
A06_17_02_W__roh_BELLY.jpg,7,A08_06_02_SA_roh_BELLY.jpg,0.057720478624105453
A06_17_02_W__roh_BELLY.jpg,8,AT01_03_02_W_roh_BELLY.jpg,0.057117998600006104
A06_17_02_W__roh_BELLY.jpg,9,A07_18_01_W_roh_BELLY.jpg,0.05623646453022957
A06_17_02_W__roh_BELLY.jpg,10,A08_18_02_W_roh_BELLY.jpg,0.056182779371738434
A06_17_02_W__roh_BELLY.jpg,11,A08_18_19_W_roh_BELLY.jpg,0.053250133991241455
A06_17_02_W__roh_BELLY.jpg,12,A08_15_14_W_roh_BELLY.jpg,0.0532183013856411
A06_17_02_W__roh_BELLY.jpg,13,A08_12_05_W_roh_BELLY.jpg,0.052849382162094116
A06_17_02_W__roh_BELLY.jpg,14,A08_18_04_W_roh_BELLY.jpg,0.052494265139102936
A06_17_02_W__roh_BELLY.jpg,15,A08_12_13_W_roh_BELLY.jpg,0.05201598256826401
A06_17_02_W__roh_BELLY.jpg,16,A08_18_23_W_roh_BELLY.jpg,0.050989698618650436
A06_17_02_W__roh_BELLY.jpg,17,A08_15_04_M_roh_BELLY.jpg,0.05037270113825798
A06_17_02_W__roh_BELLY.jpg,18,A08_18_20_W_roh_BELLY.jpg,0.05018521100282669
A06_17_02_W__roh_BELLY.jpg,19,A08_18_10_W_roh_BELLY.jpg,0.04914393648505211
A06_17_02_W__roh_BELLY.jpg,20,A08_18_12_W_roh_BELLY.jpg,0.04879431426525116
A06_17_04_W_roh_BELLY.jpg,1,A08_06_08_W_roh_BELLY.jpg,0.10761622339487076
A06_17_04_W_roh_BELLY.jpg,2,A08_06_05_SA_roh_BELLY.jpg,0.08034980297088623
A06_17_04_W_roh_BELLY.jpg,3,A08_18_04_W_roh_BELLY.jpg,0.07521633058786392
A06_17_04_W_roh_BELLY.jpg,4,A08_18_17_W_roh_BELLY.jpg,0.06698893010616302
A06_17_04_W_roh_BELLY.jpg,5,AT01_06_03_W_roh_BELLY.jpg,0.06618968397378922
A06_17_04_W_roh_BELLY.jpg,6,A08_06_02_SA_roh_BELLY.jpg,0.0658884271979332
A06_17_04_W_roh_BELLY.jpg,7,A08_18_20_W_roh_BELLY.jpg,0.06479476392269135
A06_17_04_W_roh_BELLY.jpg,8,A08_12_15_W_roh_BELLY.jpg,0.06414366513490677
A06_17_04_W_roh_BELLY.jpg,9,A08_15_04_M_roh_BELLY.jpg,0.06354699283838272
A06_17_04_W_roh_BELLY.jpg,10,A08_18_19_W_roh_BELLY.jpg,0.06313382834196091
A06_17_04_W_roh_BELLY.jpg,11,A08_18_22_W_roh_BELLY.jpg,0.06139494851231575
A06_17_04_W_roh_BELLY.jpg,12,A08_18_12_W_roh_BELLY.jpg,0.06057831272482872
A06_17_04_W_roh_BELLY.jpg,13,A08_18_02_W_roh_BELLY.jpg,0.05992835760116577
A06_17_04_W_roh_BELLY.jpg,14,A08_06_10_M_roh_BELLY.jpg,0.05883283168077469
A06_17_04_W_roh_BELLY.jpg,15,A08_15_19_M_roh_BELLY.jpg,0.058806587010622025
A06_17_04_W_roh_BELLY.jpg,16,A06_18_04_W_roh_BELLY.jpg,0.05873378738760948
A06_17_04_W_roh_BELLY.jpg,17,A08_12_13_W_roh_BELLY.jpg,0.057416293770074844
A06_17_04_W_roh_BELLY.jpg,18,A08_15_14_W_roh_BELLY.jpg,0.05719452351331711
A06_17_04_W_roh_BELLY.jpg,19,A08_18_13_W_roh_BELLY.jpg,0.05589285120368004
A06_17_04_W_roh_BELLY.jpg,20,AT01_03_02_W_roh_BELLY.jpg,0.054920826107263565
A06_18_04_W_roh_BELLY.jpg,1,A08_06_08_W_roh_BELLY.jpg,0.15607179701328278
A06_18_04_W_roh_BELLY.jpg,2,A05_21_01_W_roh_BELLY.jpg,0.0853138417005539
A06_18_04_W_roh_BELLY.jpg,3,A05_18_04_W_roh_BELLY.jpg,0.08483536541461945
A06_18_04_W_roh_BELLY.jpg,4,A01_18_14_W_roh_BELLY.jpg,0.08459030836820602
A06_18_04_W_roh_BELLY.jpg,5,A01_18_05_W_roh_BELLY.jpg,0.08432012051343918
A06_18_04_W_roh_BELLY.jpg,6,A03_12_03_M_roh_BELLY.jpg,0.08252565562725067
A06_18_04_W_roh_BELLY.jpg,7,A08_06_10_M_roh_BELLY.jpg,0.08183261752128601
A06_18_04_W_roh_BELLY.jpg,8,A03_18_06_W_roh_BELLY.jpg,0.08144555985927582
A06_18_04_W_roh_BELLY.jpg,9,A04_12_04_W_roh_BELLY.jpg,0.08015936613082886
A06_18_04_W_roh_BELLY.jpg,10,A08_12_05_W_roh_BELLY.jpg,0.07972672581672668
A06_18_04_W_roh_BELLY.jpg,11,A08_06_05_SA_roh_BELLY.jpg,0.07943163067102432
A06_18_04_W_roh_BELLY.jpg,12,A01_18_02_M_roh_BELLY.jpg,0.07836180180311203
A06_18_04_W_roh_BELLY.jpg,13,A08_12_13_W_roh_BELLY.jpg,0.07748289406299591
A06_18_04_W_roh_BELLY.jpg,14,AT01_06_03_W_roh_BELLY.jpg,0.0763070210814476
A06_18_04_W_roh_BELLY.jpg,15,A06_17_01_M_roh_-_Kopie_BELLY.jpg,0.07540355622768402
A06_18_04_W_roh_BELLY.jpg,16,A02_08_05_M_roh_BELLY.jpg,0.07404504716396332
A06_18_04_W_roh_BELLY.jpg,17,A01_15_03_W_roh_BELLY.jpg,0.07360934466123581
A06_18_04_W_roh_BELLY.jpg,18,A08_18_04_W_roh_BELLY.jpg,0.07273829728364944
A06_18_04_W_roh_BELLY.jpg,19,A05_18_05_W_roh_BELLY.jpg,0.0726475641131401
A06_18_04_W_roh_BELLY.jpg,20,A01_15_01_W_roh_BELLY.jpg,0.07253718376159668
A07_08_03_W_roh_BELLY.jpg,1,A08_06_10_M_roh_BELLY.jpg,0.1022656187415123
A07_08_03_W_roh_BELLY.jpg,2,A08_06_08_W_roh_BELLY.jpg,0.09086037427186966
A07_08_03_W_roh_BELLY.jpg,3,A08_18_17_W_roh_BELLY.jpg,0.07984794676303864
A07_08_03_W_roh_BELLY.jpg,4,A08_18_04_W_roh_BELLY.jpg,0.0729004368185997
A07_08_03_W_roh_BELLY.jpg,5,A08_15_14_W_roh_BELLY.jpg,0.06557975709438324
A07_08_03_W_roh_BELLY.jpg,6,A08_06_02_SA_roh_BELLY.jpg,0.06443995237350464
A07_08_03_W_roh_BELLY.jpg,7,A08_12_15_W_roh_BELLY.jpg,0.0636327937245369
A07_08_03_W_roh_BELLY.jpg,8,A08_15_05_M_roh_BELLY.jpg,0.06339408457279205
A07_08_03_W_roh_BELLY.jpg,9,A04_12_04_W_roh_BELLY.jpg,0.063156858086586
A07_08_03_W_roh_BELLY.jpg,10,A01_18_12_M_roh_BELLY.jpg,0.06241036206483841
A07_08_03_W_roh_BELLY.jpg,11,A05_21_01_W_roh_BELLY.jpg,0.06223399564623833
A07_08_03_W_roh_BELLY.jpg,12,AT01_06_03_W_roh_BELLY.jpg,0.06141819432377815
A07_08_03_W_roh_BELLY.jpg,13,A08_12_05_W_roh_BELLY.jpg,0.05998854339122772
A07_08_03_W_roh_BELLY.jpg,14,A08_18_19_W_roh_BELLY.jpg,0.059668898582458496
A07_08_03_W_roh_BELLY.jpg,15,A08_18_12_W_roh_BELLY.jpg,0.059092577546834946
A07_08_03_W_roh_BELLY.jpg,16,A02_06_06_M_roh_BELLY.jpg,0.05885924771428108
A07_08_03_W_roh_BELLY.jpg,17,A01_15_07_W_roh_BELLY.jpg,0.05701916292309761
A07_08_03_W_roh_BELLY.jpg,18,A08_15_07_W_roh_BELLY.jpg,0.05685187876224518
A07_08_03_W_roh_BELLY.jpg,19,A08_15_21_M_roh_BELLY.jpg,0.05673685297369957
A07_08_03_W_roh_BELLY.jpg,20,A08_18_23_W_roh_BELLY.jpg,0.05651869997382164
A07_08_04_M_roh_BELLY.jpg,1,A08_06_08_W_roh_BELLY.jpg,0.09872324019670486
A07_08_04_M_roh_BELLY.jpg,2,A08_06_02_SA_roh_BELLY.jpg,0.07982105761766434
A07_08_04_M_roh_BELLY.jpg,3,A08_06_05_SA_roh_BELLY.jpg,0.0743531659245491
A07_08_04_M_roh_BELLY.jpg,4,A08_12_15_W_roh_BELLY.jpg,0.07113383710384369
A07_08_04_M_roh_BELLY.jpg,5,AT01_06_03_W_roh_BELLY.jpg,0.0700991302728653
A07_08_04_M_roh_BELLY.jpg,6,A08_18_17_W_roh_BELLY.jpg,0.06909458339214325
A07_08_04_M_roh_BELLY.jpg,7,A08_15_04_M_roh_BELLY.jpg,0.06825133413076401
A07_08_04_M_roh_BELLY.jpg,8,A08_12_05_W_roh_BELLY.jpg,0.06201266869902611
A07_08_04_M_roh_BELLY.jpg,9,A08_15_03_W_roh_BELLY.jpg,0.05903580039739609
A07_08_04_M_roh_BELLY.jpg,10,A04_12_04_W_roh_BELLY.jpg,0.05715951696038246
A07_08_04_M_roh_BELLY.jpg,11,A08_06_10_M_roh_BELLY.jpg,0.0563897043466568
A07_08_04_M_roh_BELLY.jpg,12,A08_18_22_W_roh_BELLY.jpg,0.05575089156627655
A07_08_04_M_roh_BELLY.jpg,13,A08_15_07_W_roh_BELLY.jpg,0.055430635809898376
A07_08_04_M_roh_BELLY.jpg,14,A08_18_23_W_roh_BELLY.jpg,0.05400972068309784
A07_08_04_M_roh_BELLY.jpg,15,A08_18_02_W_roh_BELLY.jpg,0.0516451932489872
A07_08_04_M_roh_BELLY.jpg,16,A03_12_03_M_roh_BELLY.jpg,0.05140109360218048
A07_08_04_M_roh_BELLY.jpg,17,A08_15_05_M_roh_BELLY.jpg,0.05132247507572174
A07_08_04_M_roh_BELLY.jpg,18,A02_06_06_M_roh_BELLY.jpg,0.0511041097342968
A07_08_04_M_roh_BELLY.jpg,19,A08_18_20_W_roh_BELLY.jpg,0.04974282160401344
A07_08_04_M_roh_BELLY.jpg,20,A08_18_06_W_roh_BELLY.jpg,0.04946404695510864
A07_09_02_W_roh_BELLY.jpg,1,A08_06_08_W_roh_BELLY.jpg,0.08787950128316879
A07_09_02_W_roh_BELLY.jpg,2,A08_18_04_W_roh_BELLY.jpg,0.08517193794250488
A07_09_02_W_roh_BELLY.jpg,3,AT01_06_03_W_roh_BELLY.jpg,0.0690956562757492
A07_09_02_W_roh_BELLY.jpg,4,A08_06_02_SA_roh_BELLY.jpg,0.06745864450931549
A07_09_02_W_roh_BELLY.jpg,5,A08_06_05_SA_roh_BELLY.jpg,0.06419006735086441
A07_09_02_W_roh_BELLY.jpg,6,A08_15_07_W_roh_BELLY.jpg,0.06279619038105011
A07_09_02_W_roh_BELLY.jpg,7,A08_18_20_W_roh_BELLY.jpg,0.06174039468169212
A07_09_02_W_roh_BELLY.jpg,8,A08_18_06_W_roh_BELLY.jpg,0.06133808195590973
A07_09_02_W_roh_BELLY.jpg,9,A08_18_17_W_roh_BELLY.jpg,0.059537578374147415
A07_09_02_W_roh_BELLY.jpg,10,A08_12_05_W_roh_BELLY.jpg,0.05789167061448097
A07_09_02_W_roh_BELLY.jpg,11,A05_21_01_W_roh_BELLY.jpg,0.057165153324604034
A07_09_02_W_roh_BELLY.jpg,12,AT01_03_02_W_roh_BELLY.jpg,0.05711866542696953
A07_09_02_W_roh_BELLY.jpg,13,A08_06_10_M_roh_BELLY.jpg,0.056505780667066574
A07_09_02_W_roh_BELLY.jpg,14,A08_15_05_M_roh_BELLY.jpg,0.055436599999666214
A07_09_02_W_roh_BELLY.jpg,15,A08_12_15_W_roh_BELLY.jpg,0.05448254942893982
A07_09_02_W_roh_BELLY.jpg,16,A02_06_06_M_roh_BELLY.jpg,0.05275307223200798
A07_09_02_W_roh_BELLY.jpg,17,A08_18_13_W_roh_BELLY.jpg,0.05199785903096199
A07_09_02_W_roh_BELLY.jpg,18,A08_18_09_M_roh_BELLY.jpg,0.049855105578899384
A07_09_02_W_roh_BELLY.jpg,19,A08_18_14_M_roh_BELLY.jpg,0.049267709255218506
A07_09_02_W_roh_BELLY.jpg,20,A02_06_03_M_roh_BELLY.jpg,0.04792853444814682
A07_09_03_W_roh_BELLY.jpg,1,A08_06_08_W_roh_BELLY.jpg,0.0966881588101387
A07_09_03_W_roh_BELLY.jpg,2,A08_06_10_M_roh_BELLY.jpg,0.08353688567876816
A07_09_03_W_roh_BELLY.jpg,3,A08_18_17_W_roh_BELLY.jpg,0.07500986754894257
A07_09_03_W_roh_BELLY.jpg,4,A08_06_02_SA_roh_BELLY.jpg,0.07418277114629745
A07_09_03_W_roh_BELLY.jpg,5,A08_06_05_SA_roh_BELLY.jpg,0.07310808449983597
A07_09_03_W_roh_BELLY.jpg,6,AT01_06_03_W_roh_BELLY.jpg,0.0710662230849266
A07_09_03_W_roh_BELLY.jpg,7,A08_18_04_W_roh_BELLY.jpg,0.07032016664743423
A07_09_03_W_roh_BELLY.jpg,8,A08_12_15_W_roh_BELLY.jpg,0.06493736803531647
A07_09_03_W_roh_BELLY.jpg,9,A08_18_13_W_roh_BELLY.jpg,0.0643208920955658
A07_09_03_W_roh_BELLY.jpg,10,A08_12_05_W_roh_BELLY.jpg,0.06427157670259476
A07_09_03_W_roh_BELLY.jpg,11,A08_12_13_W_roh_BELLY.jpg,0.06257454305887222
A07_09_03_W_roh_BELLY.jpg,12,A08_18_06_W_roh_BELLY.jpg,0.06251087784767151
A07_09_03_W_roh_BELLY.jpg,13,A08_18_23_W_roh_BELLY.jpg,0.05886735022068024
A07_09_03_W_roh_BELLY.jpg,14,A05_21_01_W_roh_BELLY.jpg,0.058369047939777374
A07_09_03_W_roh_BELLY.jpg,15,A08_15_04_M_roh_BELLY.jpg,0.056736644357442856
A07_09_03_W_roh_BELLY.jpg,16,A08_18_19_W_roh_BELLY.jpg,0.05641614645719528
A07_09_03_W_roh_BELLY.jpg,17,A08_18_20_W_roh_BELLY.jpg,0.05537176877260208
A07_09_03_W_roh_BELLY.jpg,18,A08_15_21_M_roh_BELLY.jpg,0.0537027008831501
A07_09_03_W_roh_BELLY.jpg,19,A08_15_14_W_roh_BELLY.jpg,0.05312708392739296
A07_09_03_W_roh_BELLY.jpg,20,A04_12_04_W_roh_BELLY.jpg,0.05227889493107796
A07_17_03_W_roh_BELLY.jpg,1,A08_06_08_W_roh_BELLY.jpg,0.08036830276250839
A07_17_03_W_roh_BELLY.jpg,2,AT01_06_03_W_roh_BELLY.jpg,0.07003750652074814
A07_17_03_W_roh_BELLY.jpg,3,A08_18_04_W_roh_BELLY.jpg,0.06302226334810257
A07_17_03_W_roh_BELLY.jpg,4,A08_18_17_W_roh_BELLY.jpg,0.05757872015237808
A07_17_03_W_roh_BELLY.jpg,5,A08_18_23_W_roh_BELLY.jpg,0.056480519473552704
A07_17_03_W_roh_BELLY.jpg,6,A08_06_02_SA_roh_BELLY.jpg,0.05454747751355171
A07_17_03_W_roh_BELLY.jpg,7,A08_06_05_SA_roh_BELLY.jpg,0.054075464606285095
A07_17_03_W_roh_BELLY.jpg,8,A08_06_10_M_roh_BELLY.jpg,0.05247487500309944
A07_17_03_W_roh_BELLY.jpg,9,A08_15_21_M_roh_BELLY.jpg,0.05196884647011757
A07_17_03_W_roh_BELLY.jpg,10,A08_18_12_W_roh_BELLY.jpg,0.049942512065172195
A07_17_03_W_roh_BELLY.jpg,11,A08_18_20_W_roh_BELLY.jpg,0.04973222687840462
A07_17_03_W_roh_BELLY.jpg,12,A02_06_07_M_roh_BELLY.jpg,0.04931160807609558
A07_17_03_W_roh_BELLY.jpg,13,A08_12_15_W_roh_BELLY.jpg,0.048642296344041824
A07_17_03_W_roh_BELLY.jpg,14,A08_15_04_M_roh_BELLY.jpg,0.047900546342134476
A07_17_03_W_roh_BELLY.jpg,15,A02_06_06_M_roh_BELLY.jpg,0.04726145416498184
A07_17_03_W_roh_BELLY.jpg,16,A08_15_14_W_roh_BELLY.jpg,0.04670172557234764
A07_17_03_W_roh_BELLY.jpg,17,A08_12_13_W_roh_BELLY.jpg,0.046416815370321274
A07_17_03_W_roh_BELLY.jpg,18,A08_18_06_W_roh_BELLY.jpg,0.04617493227124214
A07_17_03_W_roh_BELLY.jpg,19,A08_18_19_W_roh_BELLY.jpg,0.04564308002591133
A07_17_03_W_roh_BELLY.jpg,20,A08_18_22_W_roh_BELLY.jpg,0.04480155557394028
A07_17_06_W_roh_BELLY.jpg,1,A08_06_08_W_roh_BELLY.jpg,0.09365718066692352
A07_17_06_W_roh_BELLY.jpg,2,A08_12_15_W_roh_BELLY.jpg,0.07856617122888565
A07_17_06_W_roh_BELLY.jpg,3,A08_06_05_SA_roh_BELLY.jpg,0.06671959906816483
A07_17_06_W_roh_BELLY.jpg,4,AT01_06_03_W_roh_BELLY.jpg,0.0637524276971817
A07_17_06_W_roh_BELLY.jpg,5,A08_12_05_W_roh_BELLY.jpg,0.06372544914484024
A07_17_06_W_roh_BELLY.jpg,6,A08_06_02_SA_roh_BELLY.jpg,0.06069502234458923
A07_17_06_W_roh_BELLY.jpg,7,A08_06_10_M_roh_BELLY.jpg,0.05928323417901993
A07_17_06_W_roh_BELLY.jpg,8,A08_18_12_W_roh_BELLY.jpg,0.05827132239937782
A07_17_06_W_roh_BELLY.jpg,9,A08_18_17_W_roh_BELLY.jpg,0.05682223290205002
A07_17_06_W_roh_BELLY.jpg,10,A04_12_04_W_roh_BELLY.jpg,0.055223189294338226
A07_17_06_W_roh_BELLY.jpg,11,A08_18_04_W_roh_BELLY.jpg,0.05492077395319939
A07_17_06_W_roh_BELLY.jpg,12,A08_12_13_W_roh_BELLY.jpg,0.05339309573173523
A07_17_06_W_roh_BELLY.jpg,13,A08_15_04_M_roh_BELLY.jpg,0.05327196791768074
A07_17_06_W_roh_BELLY.jpg,14,A08_15_07_W_roh_BELLY.jpg,0.051824524998664856
A07_17_06_W_roh_BELLY.jpg,15,AT01_03_02_W_roh_BELLY.jpg,0.049466151744127274
A07_17_06_W_roh_BELLY.jpg,16,A02_06_06_M_roh_BELLY.jpg,0.04924500733613968
A07_17_06_W_roh_BELLY.jpg,17,A06_18_04_W_roh_BELLY.jpg,0.04922258481383324
A07_17_06_W_roh_BELLY.jpg,18,A08_18_23_W_roh_BELLY.jpg,0.04871306195855141
A07_17_06_W_roh_BELLY.jpg,19,A08_18_20_W_roh_BELLY.jpg,0.048483122140169144
A07_17_06_W_roh_BELLY.jpg,20,A08_15_14_W_roh_BELLY.jpg,0.04838000610470772
A07_18_01_W_roh_BELLY.jpg,1,A08_06_02_SA_roh_BELLY.jpg,0.13371621072292328
A07_18_01_W_roh_BELLY.jpg,2,A08_06_05_SA_roh_BELLY.jpg,0.10779311507940292
A07_18_01_W_roh_BELLY.jpg,3,A08_06_08_W_roh_BELLY.jpg,0.10431347787380219
A07_18_01_W_roh_BELLY.jpg,4,A01_15_03_W_roh_BELLY.jpg,0.10140018910169601
A07_18_01_W_roh_BELLY.jpg,5,A02_06_06_M_roh_BELLY.jpg,0.09791824221611023
A07_18_01_W_roh_BELLY.jpg,6,A08_18_04_W_roh_BELLY.jpg,0.09355910867452621
A07_18_01_W_roh_BELLY.jpg,7,A08_15_14_W_roh_BELLY.jpg,0.08837549388408661
A07_18_01_W_roh_BELLY.jpg,8,A02_06_03_M_roh_BELLY.jpg,0.08826505392789841
A07_18_01_W_roh_BELLY.jpg,9,AT01_06_03_W_roh_BELLY.jpg,0.08715847134590149
A07_18_01_W_roh_BELLY.jpg,10,A04_06_01_M_roh_BELLY.jpg,0.08169393986463547
A07_18_01_W_roh_BELLY.jpg,11,A04_12_04_W_roh_BELLY.jpg,0.07738517224788666
A07_18_01_W_roh_BELLY.jpg,12,A04_03_01_W_roh_BELLY.jpg,0.07071211189031601
A07_18_01_W_roh_BELLY.jpg,13,A06_15_02_W_roh_BELLY.jpg,0.07033368200063705
A07_18_01_W_roh_BELLY.jpg,14,A05_21_01_W_roh_BELLY.jpg,0.07022128254175186
A07_18_01_W_roh_BELLY.jpg,15,A04_06_02_M_roh_BELLY.jpg,0.07007479667663574
A07_18_01_W_roh_BELLY.jpg,16,A01_03_07_W_roh_BELLY.jpg,0.06994277983903885
A07_18_01_W_roh_BELLY.jpg,17,A01_06_01_SA_roh_BELLY.jpg,0.06736326962709427
A07_18_01_W_roh_BELLY.jpg,18,A01_15_06_W_roh_BELLY.jpg,0.067032091319561
A07_18_01_W_roh_BELLY.jpg,19,A04_15_05_W_roh_BELLY.jpg,0.0662049800157547
A07_18_01_W_roh_BELLY.jpg,20,A01_18_14_W_roh_BELLY.jpg,0.06588603556156158
A07_18_03_W_roh_BELLY.jpg,1,A08_06_08_W_roh_BELLY.jpg,0.1457890272140503
A07_18_03_W_roh_BELLY.jpg,2,A08_06_05_SA_roh_BELLY.jpg,0.11203311383724213
A07_18_03_W_roh_BELLY.jpg,3,A08_18_04_W_roh_BELLY.jpg,0.10380798578262329
A07_18_03_W_roh_BELLY.jpg,4,A08_06_10_M_roh_BELLY.jpg,0.09465118497610092
A07_18_03_W_roh_BELLY.jpg,5,A01_15_03_W_roh_BELLY.jpg,0.09284963458776474
A07_18_03_W_roh_BELLY.jpg,6,A08_18_13_W_roh_BELLY.jpg,0.08932510018348694
A07_18_03_W_roh_BELLY.jpg,7,AT01_06_03_W_roh_BELLY.jpg,0.08559437841176987
A07_18_03_W_roh_BELLY.jpg,8,A08_18_10_W_roh_BELLY.jpg,0.08526374399662018
A07_18_03_W_roh_BELLY.jpg,9,A04_06_01_M_roh_BELLY.jpg,0.07933726906776428
A07_18_03_W_roh_BELLY.jpg,10,A08_06_02_SA_roh_BELLY.jpg,0.07762119174003601
A07_18_03_W_roh_BELLY.jpg,11,A03_12_03_M_roh_BELLY.jpg,0.07621730118989944
A07_18_03_W_roh_BELLY.jpg,12,A08_15_19_M_roh_BELLY.jpg,0.075052909553051
A07_18_03_W_roh_BELLY.jpg,13,A08_12_13_W_roh_BELLY.jpg,0.07452329248189926
A07_18_03_W_roh_BELLY.jpg,14,A05_18_06_W_roh_BELLY.jpg,0.07165995985269547
A07_18_03_W_roh_BELLY.jpg,15,A04_06_02_M_roh_BELLY.jpg,0.07157129049301147
A07_18_03_W_roh_BELLY.jpg,16,A01_18_14_W_roh_BELLY.jpg,0.06994756311178207
A07_18_03_W_roh_BELLY.jpg,17,A08_18_12_W_roh_BELLY.jpg,0.06951042264699936
A07_18_03_W_roh_BELLY.jpg,18,A06_03_01_M_roh_BELLY.jpg,0.06834521889686584
A07_18_03_W_roh_BELLY.jpg,19,A08_12_05_W_roh_BELLY.jpg,0.06648607552051544
A07_18_03_W_roh_BELLY.jpg,20,A08_18_19_W_roh_BELLY.jpg,0.06567513942718506
A08_06_02_SA_roh_BELLY.jpg,1,A01_06_01_SA_roh_BELLY.jpg,0.14720797538757324
A08_06_02_SA_roh_BELLY.jpg,2,A07_18_01_W_roh_BELLY.jpg,0.13371621072292328
A08_06_02_SA_roh_BELLY.jpg,3,A08_15_14_W_roh_BELLY.jpg,0.11826379597187042
A08_06_02_SA_roh_BELLY.jpg,4,A04_06_02_M_roh_BELLY.jpg,0.11727454513311386
A08_06_02_SA_roh_BELLY.jpg,5,A01_15_03_W_roh_BELLY.jpg,0.1159411296248436
A08_06_02_SA_roh_BELLY.jpg,6,A02_06_06_M_roh_BELLY.jpg,0.1117749810218811
A08_06_02_SA_roh_BELLY.jpg,7,A02_03_02_M_roh_BELLY.jpg,0.1061820462346077
A08_06_02_SA_roh_BELLY.jpg,8,A08_06_08_W_roh_BELLY.jpg,0.10565962642431259
A08_06_02_SA_roh_BELLY.jpg,9,A01_18_12_M_roh_BELLY.jpg,0.10512644052505493
A08_06_02_SA_roh_BELLY.jpg,10,A04_15_05_W_roh_BELLY.jpg,0.10512644052505493
A08_06_02_SA_roh_BELLY.jpg,11,A06_15_02_W_roh_BELLY.jpg,0.10491041094064713
A08_06_02_SA_roh_BELLY.jpg,12,A08_06_05_SA_roh_BELLY.jpg,0.10304555296897888
A08_06_02_SA_roh_BELLY.jpg,13,A01_18_02_M_roh_BELLY.jpg,0.10048992931842804
A08_06_02_SA_roh_BELLY.jpg,14,A04_03_01_W_roh_BELLY.jpg,0.09783940762281418
A08_06_02_SA_roh_BELLY.jpg,15,A08_12_15_W_roh_BELLY.jpg,0.09700393676757812
A08_06_02_SA_roh_BELLY.jpg,16,A01_18_14_W_roh_BELLY.jpg,0.09700383991003036
A08_06_02_SA_roh_BELLY.jpg,17,A05_21_01_W_roh_BELLY.jpg,0.0967981368303299
A08_06_02_SA_roh_BELLY.jpg,18,A03_18_06_W_roh_BELLY.jpg,0.09594891965389252
A08_06_02_SA_roh_BELLY.jpg,19,A02_06_03_M_roh_BELLY.jpg,0.09362573176622391
A08_06_02_SA_roh_BELLY.jpg,20,AT01_06_03_W_roh_BELLY.jpg,0.09010133892297745
A08_06_05_SA_roh_BELLY.jpg,1,A08_06_08_W_roh_BELLY.jpg,0.1766607016324997
A08_06_05_SA_roh_BELLY.jpg,2,A02_03_02_M_roh_BELLY.jpg,0.14281491935253143
A08_06_05_SA_roh_BELLY.jpg,3,A04_03_01_W_roh_BELLY.jpg,0.1384599655866623
A08_06_05_SA_roh_BELLY.jpg,4,A04_06_02_M_roh_BELLY.jpg,0.13569532334804535
A08_06_05_SA_roh_BELLY.jpg,5,A02_06_07_M_roh_BELLY.jpg,0.1337306946516037
A08_06_05_SA_roh_BELLY.jpg,6,A01_06_01_SA_roh_BELLY.jpg,0.1258021891117096
A08_06_05_SA_roh_BELLY.jpg,7,AT01_06_03_W_roh_BELLY.jpg,0.11709704250097275
A08_06_05_SA_roh_BELLY.jpg,8,A06_03_01_M_roh_BELLY.jpg,0.1151580959558487
A08_06_05_SA_roh_BELLY.jpg,9,A02_03_01_W_roh_BELLY.jpg,0.11425155401229858
A08_06_05_SA_roh_BELLY.jpg,10,A02_06_03_M_roh_BELLY.jpg,0.11269263178110123
A08_06_05_SA_roh_BELLY.jpg,11,A07_18_03_W_roh_BELLY.jpg,0.11203311383724213
A08_06_05_SA_roh_BELLY.jpg,12,A06_14_02_W_roh_BELLY.jpg,0.10864286869764328
A08_06_05_SA_roh_BELLY.jpg,13,A05_21_01_W_roh_BELLY.jpg,0.108075812458992
A08_06_05_SA_roh_BELLY.jpg,14,A07_18_01_W_roh_BELLY.jpg,0.10779311507940292
A08_06_05_SA_roh_BELLY.jpg,15,A01_15_07_W_roh_BELLY.jpg,0.10644792765378952
A08_06_05_SA_roh_BELLY.jpg,16,A03_12_03_M_roh_BELLY.jpg,0.10488610714673996
A08_06_05_SA_roh_BELLY.jpg,17,A05_18_07_W_roh_BELLY.jpg,0.10488539189100266
A08_06_05_SA_roh_BELLY.jpg,18,A01_15_01_W_roh_BELLY.jpg,0.10458581149578094
A08_06_05_SA_roh_BELLY.jpg,19,A01_18_02_M_roh_BELLY.jpg,0.10430198907852173
A08_06_05_SA_roh_BELLY.jpg,20,A04_06_01_M_roh_BELLY.jpg,0.1032692939043045
A08_06_08_W_roh_BELLY.jpg,1,A02_06_06_M_roh_BELLY.jpg,0.19025017321109772
A08_06_08_W_roh_BELLY.jpg,2,A08_06_05_SA_roh_BELLY.jpg,0.1766607016324997
A08_06_08_W_roh_BELLY.jpg,3,A03_12_03_M_roh_BELLY.jpg,0.16390085220336914
A08_06_08_W_roh_BELLY.jpg,4,A06_18_04_W_roh_BELLY.jpg,0.15607179701328278
A08_06_08_W_roh_BELLY.jpg,5,A02_03_02_M_roh_BELLY.jpg,0.15265361964702606
A08_06_08_W_roh_BELLY.jpg,6,A07_18_03_W_roh_BELLY.jpg,0.1457890272140503
A08_06_08_W_roh_BELLY.jpg,7,A04_03_01_W_roh_BELLY.jpg,0.14119376242160797
A08_06_08_W_roh_BELLY.jpg,8,A04_15_05_W_roh_BELLY.jpg,0.13811534643173218
A08_06_08_W_roh_BELLY.jpg,9,A06_12_04_W_roh_BELLY.jpg,0.13775715231895447
A08_06_08_W_roh_BELLY.jpg,10,A02_06_07_M_roh_BELLY.jpg,0.13729076087474823
A08_06_08_W_roh_BELLY.jpg,11,A02_06_03_M_roh_BELLY.jpg,0.13661371171474457
A08_06_08_W_roh_BELLY.jpg,12,A02_08_05_M_roh_BELLY.jpg,0.13527481257915497
A08_06_08_W_roh_BELLY.jpg,13,A05_18_06_W_roh_BELLY.jpg,0.1311853677034378
A08_06_08_W_roh_BELLY.jpg,14,A01_03_07_W_roh_BELLY.jpg,0.13087522983551025
A08_06_08_W_roh_BELLY.jpg,15,A05_21_01_W_roh_BELLY.jpg,0.12914299964904785
A08_06_08_W_roh_BELLY.jpg,16,A01_18_14_W_roh_BELLY.jpg,0.1243276298046112
A08_06_08_W_roh_BELLY.jpg,17,A01_12_01_M_roh_BELLY.jpg,0.1217416524887085
A08_06_08_W_roh_BELLY.jpg,18,A01_18_02_M_roh_BELLY.jpg,0.12154527008533478
A08_06_08_W_roh_BELLY.jpg,19,A06_03_02_W_roh_BELLY.jpg,0.12136020511388779
A08_06_08_W_roh_BELLY.jpg,20,A08_18_04_W_roh_BELLY.jpg,0.12001477181911469
A08_06_10_M_roh_BELLY.jpg,1,A02_06_04_M_roh_BELLY.jpg,0.11665191501379013
A08_06_10_M_roh_BELLY.jpg,2,A01_18_07_W_roh_BELLY.jpg,0.11619716882705688
A08_06_10_M_roh_BELLY.jpg,3,A05_18_08_W_roh_BELLY.jpg,0.1130460798740387
A08_06_10_M_roh_BELLY.jpg,4,A01_15_03_W_roh_BELLY.jpg,0.11015341430902481
A08_06_10_M_roh_BELLY.jpg,5,A06_14_02_W_roh_BELLY.jpg,0.10923435539007187
A08_06_10_M_roh_BELLY.jpg,6,A03_15_04_W_roh_BELLY.jpg,0.10778781026601791
A08_06_10_M_roh_BELLY.jpg,7,A02_06_07_M_roh_BELLY.jpg,0.10705749690532684
A08_06_10_M_roh_BELLY.jpg,8,A07_08_03_W_roh_BELLY.jpg,0.1022656187415123
A08_06_10_M_roh_BELLY.jpg,9,A05_15_03_W_roh_BELLY.jpg,0.10222349315881729
A08_06_10_M_roh_BELLY.jpg,10,A08_15_19_M_roh_BELLY.jpg,0.0994458794593811
A08_06_10_M_roh_BELLY.jpg,11,A01_15_06_W_roh_BELLY.jpg,0.09936125576496124
A08_06_10_M_roh_BELLY.jpg,12,A04_15_04_M_roh_BELLY.jpg,0.09787159413099289
A08_06_10_M_roh_BELLY.jpg,13,A08_06_08_W_roh_BELLY.jpg,0.09773150086402893
A08_06_10_M_roh_BELLY.jpg,14,A02_06_06_M_roh_BELLY.jpg,0.09673644602298737
A08_06_10_M_roh_BELLY.jpg,15,A04_03_01_W_roh_BELLY.jpg,0.09588973224163055
A08_06_10_M_roh_BELLY.jpg,16,A01_15_07_W_roh_BELLY.jpg,0.09509944915771484
A08_06_10_M_roh_BELLY.jpg,17,A07_18_03_W_roh_BELLY.jpg,0.09465118497610092
A08_06_10_M_roh_BELLY.jpg,18,A08_18_19_W_roh_BELLY.jpg,0.09320008754730225
A08_06_10_M_roh_BELLY.jpg,19,A04_15_05_W_roh_BELLY.jpg,0.09287464618682861
A08_06_10_M_roh_BELLY.jpg,20,A01_18_05_W_roh_BELLY.jpg,0.09228473901748657
A08_09_35_W_roh_BELLY.jpg,1,AT01_06_03_W_roh_BELLY.jpg,0.07217969745397568
A08_09_35_W_roh_BELLY.jpg,2,A08_18_17_W_roh_BELLY.jpg,0.07069049775600433
A08_09_35_W_roh_BELLY.jpg,3,A08_15_07_W_roh_BELLY.jpg,0.06880585849285126
A08_09_35_W_roh_BELLY.jpg,4,A08_12_05_W_roh_BELLY.jpg,0.06656637787818909
A08_09_35_W_roh_BELLY.jpg,5,A08_18_23_W_roh_BELLY.jpg,0.06489232182502747
A08_09_35_W_roh_BELLY.jpg,6,A08_12_15_W_roh_BELLY.jpg,0.06290635466575623
A08_09_35_W_roh_BELLY.jpg,7,A08_18_04_W_roh_BELLY.jpg,0.06204204261302948
A08_09_35_W_roh_BELLY.jpg,8,A08_06_08_W_roh_BELLY.jpg,0.06194814667105675
A08_09_35_W_roh_BELLY.jpg,9,A08_15_14_W_roh_BELLY.jpg,0.061643365770578384
A08_09_35_W_roh_BELLY.jpg,10,A08_15_05_M_roh_BELLY.jpg,0.06118443235754967
A08_09_35_W_roh_BELLY.jpg,11,A08_15_04_M_roh_BELLY.jpg,0.05781159549951553
A08_09_35_W_roh_BELLY.jpg,12,A08_18_20_W_roh_BELLY.jpg,0.05771132931113243
A08_09_35_W_roh_BELLY.jpg,13,A08_06_05_SA_roh_BELLY.jpg,0.054075613617897034
A08_09_35_W_roh_BELLY.jpg,14,A08_15_06_W_roh_BELLY.jpg,0.05390361696481705
A08_09_35_W_roh_BELLY.jpg,15,A08_18_19_W_roh_BELLY.jpg,0.052610721439123154
A08_09_35_W_roh_BELLY.jpg,16,A08_18_06_W_roh_BELLY.jpg,0.05253296718001366
A08_09_35_W_roh_BELLY.jpg,17,A08_06_02_SA_roh_BELLY.jpg,0.05118253827095032
A08_09_35_W_roh_BELLY.jpg,18,A08_18_12_W_roh_BELLY.jpg,0.05091707035899162
A08_09_35_W_roh_BELLY.jpg,19,A01_18_14_W_roh_BELLY.jpg,0.05017852038145065
A08_09_35_W_roh_BELLY.jpg,20,AT01_03_02_W_roh_BELLY.jpg,0.04871118813753128
A08_09_39_W_roh_BELLY.jpg,1,A08_12_15_W_roh_BELLY.jpg,0.07349790632724762
A08_09_39_W_roh_BELLY.jpg,2,AT01_06_03_W_roh_BELLY.jpg,0.06469616293907166
A08_09_39_W_roh_BELLY.jpg,3,A08_18_17_W_roh_BELLY.jpg,0.0643887147307396
A08_09_39_W_roh_BELLY.jpg,4,A08_06_08_W_roh_BELLY.jpg,0.06250910460948944
A08_09_39_W_roh_BELLY.jpg,5,A08_12_05_W_roh_BELLY.jpg,0.0620565265417099
A08_09_39_W_roh_BELLY.jpg,6,A08_18_04_W_roh_BELLY.jpg,0.06113450601696968
A08_09_39_W_roh_BELLY.jpg,7,A08_18_19_W_roh_BELLY.jpg,0.05471605062484741
A08_09_39_W_roh_BELLY.jpg,8,A05_21_01_W_roh_BELLY.jpg,0.05466063320636749
A08_09_39_W_roh_BELLY.jpg,9,A08_15_05_M_roh_BELLY.jpg,0.054118383675813675
A08_09_39_W_roh_BELLY.jpg,10,A08_15_21_M_roh_BELLY.jpg,0.05407264083623886
A08_09_39_W_roh_BELLY.jpg,11,AT01_03_02_W_roh_BELLY.jpg,0.05250560864806175
A08_09_39_W_roh_BELLY.jpg,12,A08_06_02_SA_roh_BELLY.jpg,0.05192965269088745
A08_09_39_W_roh_BELLY.jpg,13,A08_18_06_W_roh_BELLY.jpg,0.0513361394405365
A08_09_39_W_roh_BELLY.jpg,14,A08_12_13_W_roh_BELLY.jpg,0.05063647776842117
A08_09_39_W_roh_BELLY.jpg,15,A08_15_04_M_roh_BELLY.jpg,0.04897812008857727
A08_09_39_W_roh_BELLY.jpg,16,A08_18_14_M_roh_BELLY.jpg,0.04849836602807045
A08_09_39_W_roh_BELLY.jpg,17,A08_18_02_W_roh_BELLY.jpg,0.04809154197573662
A08_09_39_W_roh_BELLY.jpg,18,A08_15_07_W_roh_BELLY.jpg,0.04776112735271454
A08_09_39_W_roh_BELLY.jpg,19,A08_15_14_W_roh_BELLY.jpg,0.046438708901405334
A08_09_39_W_roh_BELLY.jpg,20,A08_18_13_W_roh_BELLY.jpg,0.04635719209909439
A08_12_05_W_roh_BELLY.jpg,1,A08_06_08_W_roh_BELLY.jpg,0.09811252355575562
A08_12_05_W_roh_BELLY.jpg,2,A01_18_01_W_roh_BELLY.jpg,0.09672911465167999
A08_12_05_W_roh_BELLY.jpg,3,A08_18_04_W_roh_BELLY.jpg,0.09416986256837845
A08_12_05_W_roh_BELLY.jpg,4,A01_12_01_M_roh_BELLY.jpg,0.0910605639219284
A08_12_05_W_roh_BELLY.jpg,5,AT01_06_03_W_roh_BELLY.jpg,0.09090790152549744
A08_12_05_W_roh_BELLY.jpg,6,A02_03_02_M_roh_BELLY.jpg,0.08970701694488525
A08_12_05_W_roh_BELLY.jpg,7,A08_18_13_W_roh_BELLY.jpg,0.08733619004487991
A08_12_05_W_roh_BELLY.jpg,8,A02_06_07_M_roh_BELLY.jpg,0.08514326810836792
A08_12_05_W_roh_BELLY.jpg,9,A04_12_04_W_roh_BELLY.jpg,0.08449576795101166
A08_12_05_W_roh_BELLY.jpg,10,A05_18_08_W_roh_BELLY.jpg,0.08411812782287598
A08_12_05_W_roh_BELLY.jpg,11,A03_12_03_M_roh_BELLY.jpg,0.08311310410499573
A08_12_05_W_roh_BELLY.jpg,12,A01_18_12_M_roh_BELLY.jpg,0.08310738950967789
A08_12_05_W_roh_BELLY.jpg,13,A04_15_05_W_roh_BELLY.jpg,0.08261082321405411
A08_12_05_W_roh_BELLY.jpg,14,A02_06_04_M_roh_BELLY.jpg,0.08190787583589554
A08_12_05_W_roh_BELLY.jpg,15,A03_18_06_W_roh_BELLY.jpg,0.08036895841360092
A08_12_05_W_roh_BELLY.jpg,16,A06_18_04_W_roh_BELLY.jpg,0.07972672581672668
A08_12_05_W_roh_BELLY.jpg,17,A01_06_01_SA_roh_BELLY.jpg,0.07958617061376572
A08_12_05_W_roh_BELLY.jpg,18,A01_18_03_W_roh_BELLY.jpg,0.07929503917694092
A08_12_05_W_roh_BELLY.jpg,19,A08_12_15_W_roh_BELLY.jpg,0.07886341959238052
A08_12_05_W_roh_BELLY.jpg,20,A02_06_03_M_roh_BELLY.jpg,0.07881767302751541
A08_12_13_W_roh_BELLY.jpg,1,A08_12_15_W_roh_BELLY.jpg,0.10990206897258759
A08_12_13_W_roh_BELLY.jpg,2,A08_15_14_W_roh_BELLY.jpg,0.10946199297904968
A08_12_13_W_roh_BELLY.jpg,3,A01_06_01_SA_roh_BELLY.jpg,0.1063373014330864
A08_12_13_W_roh_BELLY.jpg,4,A01_15_03_W_roh_BELLY.jpg,0.10444406419992447
A08_12_13_W_roh_BELLY.jpg,5,A05_18_06_W_roh_BELLY.jpg,0.09966479241847992
A08_12_13_W_roh_BELLY.jpg,6,A02_06_03_M_roh_BELLY.jpg,0.09785337001085281
A08_12_13_W_roh_BELLY.jpg,7,A08_06_08_W_roh_BELLY.jpg,0.09567108005285263
A08_12_13_W_roh_BELLY.jpg,8,A01_18_14_W_roh_BELLY.jpg,0.09443486481904984
A08_12_13_W_roh_BELLY.jpg,9,AT01_06_03_W_roh_BELLY.jpg,0.09438726305961609
A08_12_13_W_roh_BELLY.jpg,10,A06_12_01_W_roh_BELLY.jpg,0.09152010828256607
A08_12_13_W_roh_BELLY.jpg,11,A04_06_02_M_roh_BELLY.jpg,0.08857158571481705
A08_12_13_W_roh_BELLY.jpg,12,A05_18_08_W_roh_BELLY.jpg,0.08820640295743942
A08_12_13_W_roh_BELLY.jpg,13,A02_06_06_M_roh_BELLY.jpg,0.08591149747371674
A08_12_13_W_roh_BELLY.jpg,14,A01_18_04_M_roh_BELLY.jpg,0.0843300148844719
A08_12_13_W_roh_BELLY.jpg,15,A08_18_04_W_roh_BELLY.jpg,0.08076117932796478
A08_12_13_W_roh_BELLY.jpg,16,A03_12_03_M_roh_BELLY.jpg,0.08036921173334122
A08_12_13_W_roh_BELLY.jpg,17,A03_12_02_W_roh_BELLY.jpg,0.0798439085483551
A08_12_13_W_roh_BELLY.jpg,18,A01_18_03_W_roh_BELLY.jpg,0.07813356816768646
A08_12_13_W_roh_BELLY.jpg,19,A06_18_04_W_roh_BELLY.jpg,0.07748289406299591
A08_12_13_W_roh_BELLY.jpg,20,A02_06_07_M_roh_BELLY.jpg,0.07740174233913422
A08_12_15_W_roh_BELLY.jpg,1,A08_12_13_W_roh_BELLY.jpg,0.10990206897258759
A08_12_15_W_roh_BELLY.jpg,2,A08_06_08_W_roh_BELLY.jpg,0.10597380250692368
A08_12_15_W_roh_BELLY.jpg,3,A04_06_02_M_roh_BELLY.jpg,0.10502015799283981
A08_12_15_W_roh_BELLY.jpg,4,A02_06_07_M_roh_BELLY.jpg,0.10418815165758133
A08_12_15_W_roh_BELLY.jpg,5,A08_06_02_SA_roh_BELLY.jpg,0.09700393676757812
A08_12_15_W_roh_BELLY.jpg,6,A05_21_01_W_roh_BELLY.jpg,0.09433922171592712
A08_12_15_W_roh_BELLY.jpg,7,A03_12_03_M_roh_BELLY.jpg,0.09277157485485077
A08_12_15_W_roh_BELLY.jpg,8,AT01_06_03_W_roh_BELLY.jpg,0.09221281856298447
A08_12_15_W_roh_BELLY.jpg,9,A04_12_04_W_roh_BELLY.jpg,0.09056974947452545
A08_12_15_W_roh_BELLY.jpg,10,A02_06_06_M_roh_BELLY.jpg,0.09044963866472244
A08_12_15_W_roh_BELLY.jpg,11,A08_18_04_W_roh_BELLY.jpg,0.0903494656085968
A08_12_15_W_roh_BELLY.jpg,12,A05_18_04_W_roh_BELLY.jpg,0.09001711755990982
A08_12_15_W_roh_BELLY.jpg,13,A06_03_02_W_roh_BELLY.jpg,0.0893615111708641
A08_12_15_W_roh_BELLY.jpg,14,A06_12_01_W_roh_BELLY.jpg,0.08631431311368942
A08_12_15_W_roh_BELLY.jpg,15,AT01_03_02_W_roh_BELLY.jpg,0.08338626474142075
A08_12_15_W_roh_BELLY.jpg,16,A04_12_02_M_roh_BELLY.jpg,0.08321096003055573
A08_12_15_W_roh_BELLY.jpg,17,A08_06_05_SA_roh_BELLY.jpg,0.0822865217924118
A08_12_15_W_roh_BELLY.jpg,18,A01_17_01_W_roh_BELLY.jpg,0.08219824731349945
A08_12_15_W_roh_BELLY.jpg,19,A04_15_05_W_roh_BELLY.jpg,0.08172404766082764
A08_12_15_W_roh_BELLY.jpg,20,A01_15_03_W_roh_BELLY.jpg,0.08082075417041779
A08_15_03_W_roh_BELLY.jpg,1,A05_21_01_W_roh_BELLY.jpg,0.08213586360216141
A08_15_03_W_roh_BELLY.jpg,2,A08_18_04_W_roh_BELLY.jpg,0.08182911574840546
A08_15_03_W_roh_BELLY.jpg,3,A02_06_07_M_roh_BELLY.jpg,0.07858005166053772
A08_15_03_W_roh_BELLY.jpg,4,AT01_06_03_W_roh_BELLY.jpg,0.07339531183242798
A08_15_03_W_roh_BELLY.jpg,5,A02_06_03_M_roh_BELLY.jpg,0.07321080565452576
A08_15_03_W_roh_BELLY.jpg,6,A04_17_02_W_roh_BELLY.jpg,0.07166686654090881
A08_15_03_W_roh_BELLY.jpg,7,A08_06_08_W_roh_BELLY.jpg,0.07136410474777222
A08_15_03_W_roh_BELLY.jpg,8,A08_06_02_SA_roh_BELLY.jpg,0.07039808481931686
A08_15_03_W_roh_BELLY.jpg,9,A04_12_04_W_roh_BELLY.jpg,0.06899826228618622
A08_15_03_W_roh_BELLY.jpg,10,A08_12_05_W_roh_BELLY.jpg,0.06763728708028793
A08_15_03_W_roh_BELLY.jpg,11,A03_12_03_M_roh_BELLY.jpg,0.06759113818407059
A08_15_03_W_roh_BELLY.jpg,12,A08_06_10_M_roh_BELLY.jpg,0.0673862099647522
A08_15_03_W_roh_BELLY.jpg,13,A02_03_02_M_roh_BELLY.jpg,0.0665430799126625
A08_15_03_W_roh_BELLY.jpg,14,IMG-20250626-WA0015_BELLY.jpg,0.06544927507638931
A08_15_03_W_roh_BELLY.jpg,15,A01_18_14_W_roh_BELLY.jpg,0.0646980032324791
A08_15_03_W_roh_BELLY.jpg,16,A08_15_04_M_roh_BELLY.jpg,0.06336911022663116
A08_15_03_W_roh_BELLY.jpg,17,A08_15_07_W_roh_BELLY.jpg,0.062435198575258255
A08_15_03_W_roh_BELLY.jpg,18,A08_06_05_SA_roh_BELLY.jpg,0.06209354102611542
A08_15_03_W_roh_BELLY.jpg,19,A08_18_19_W_roh_BELLY.jpg,0.06180025264620781
A08_15_03_W_roh_BELLY.jpg,20,A08_18_12_W_roh_BELLY.jpg,0.06020747870206833
A08_15_04_M_roh_BELLY.jpg,1,A05_18_04_W_roh_BELLY.jpg,0.11344853788614273
A08_15_04_M_roh_BELLY.jpg,2,A08_06_08_W_roh_BELLY.jpg,0.10238789021968842
A08_15_04_M_roh_BELLY.jpg,3,A08_06_05_SA_roh_BELLY.jpg,0.09549201279878616
A08_15_04_M_roh_BELLY.jpg,4,A05_21_01_W_roh_BELLY.jpg,0.09101846069097519
A08_15_04_M_roh_BELLY.jpg,5,A08_18_17_W_roh_BELLY.jpg,0.0878620445728302
A08_15_04_M_roh_BELLY.jpg,6,AT01_06_03_W_roh_BELLY.jpg,0.08428432047367096
A08_15_04_M_roh_BELLY.jpg,7,A01_06_01_SA_roh_BELLY.jpg,0.08289256691932678
A08_15_04_M_roh_BELLY.jpg,8,A01_18_03_W_roh_BELLY.jpg,0.07850472629070282
A08_15_04_M_roh_BELLY.jpg,9,A02_06_04_M_roh_BELLY.jpg,0.07836618274450302
A08_15_04_M_roh_BELLY.jpg,10,A06_15_03_W_roh_BELLY.jpg,0.0770375207066536
A08_15_04_M_roh_BELLY.jpg,11,A02_06_06_M_roh_BELLY.jpg,0.07618203014135361
A08_15_04_M_roh_BELLY.jpg,12,A08_18_23_W_roh_BELLY.jpg,0.07613563537597656
A08_15_04_M_roh_BELLY.jpg,13,A02_06_07_M_roh_BELLY.jpg,0.07582854479551315
A08_15_04_M_roh_BELLY.jpg,14,A06_14_02_W_roh_BELLY.jpg,0.07269681245088577
A08_15_04_M_roh_BELLY.jpg,15,A08_18_04_W_roh_BELLY.jpg,0.07210158556699753
A08_15_04_M_roh_BELLY.jpg,16,A08_18_13_W_roh_BELLY.jpg,0.07179231941699982
A08_15_04_M_roh_BELLY.jpg,17,A08_18_06_W_roh_BELLY.jpg,0.07123810052871704
A08_15_04_M_roh_BELLY.jpg,18,A01_03_07_W_roh_BELLY.jpg,0.07111040502786636
A08_15_04_M_roh_BELLY.jpg,19,A02_06_03_M_roh_BELLY.jpg,0.07011251151561737
A08_15_04_M_roh_BELLY.jpg,20,A05_18_06_W_roh_BELLY.jpg,0.07009249925613403
A08_15_05_M_roh_BELLY.jpg,1,A06_03_02_W_roh_BELLY.jpg,0.119077667593956
A08_15_05_M_roh_BELLY.jpg,2,A01_15_03_W_roh_BELLY.jpg,0.10755495727062225
A08_15_05_M_roh_BELLY.jpg,3,A08_15_14_W_roh_BELLY.jpg,0.09982649981975555
A08_15_05_M_roh_BELLY.jpg,4,A02_03_01_W_roh_BELLY.jpg,0.09416289627552032
A08_15_05_M_roh_BELLY.jpg,5,AT01_06_03_W_roh_BELLY.jpg,0.09106553345918655
A08_15_05_M_roh_BELLY.jpg,6,A08_18_10_W_roh_BELLY.jpg,0.09075095504522324
A08_15_05_M_roh_BELLY.jpg,7,A01_15_07_W_roh_BELLY.jpg,0.09026139974594116
A08_15_05_M_roh_BELLY.jpg,8,A08_18_05_W_roh_BELLY.jpg,0.08895029872655869
A08_15_05_M_roh_BELLY.jpg,9,A08_06_08_W_roh_BELLY.jpg,0.08832994103431702
A08_15_05_M_roh_BELLY.jpg,10,A08_15_19_M_roh_BELLY.jpg,0.08656079322099686
A08_15_05_M_roh_BELLY.jpg,11,A06_15_02_W_roh_BELLY.jpg,0.08637779951095581
A08_15_05_M_roh_BELLY.jpg,12,A08_06_05_SA_roh_BELLY.jpg,0.08474282175302505
A08_15_05_M_roh_BELLY.jpg,13,A04_15_05_W_roh_BELLY.jpg,0.08331407606601715
A08_15_05_M_roh_BELLY.jpg,14,A01_18_04_M_roh_BELLY.jpg,0.08329253643751144
A08_15_05_M_roh_BELLY.jpg,15,A06_03_01_M_roh_BELLY.jpg,0.08255096524953842
A08_15_05_M_roh_BELLY.jpg,16,A08_18_04_W_roh_BELLY.jpg,0.0811629593372345
A08_15_05_M_roh_BELLY.jpg,17,A05_21_01_W_roh_BELLY.jpg,0.0801360160112381
A08_15_05_M_roh_BELLY.jpg,18,A08_18_14_M_roh_BELLY.jpg,0.0791800394654274
A08_15_05_M_roh_BELLY.jpg,19,A01_15_06_W_roh_BELLY.jpg,0.07905983924865723
A08_15_05_M_roh_BELLY.jpg,20,A06_12_01_W_roh_BELLY.jpg,0.07821981608867645
A08_15_06_W_roh_BELLY.jpg,1,A04_15_05_W_roh_BELLY.jpg,0.09516853094100952
A08_15_06_W_roh_BELLY.jpg,2,A08_18_14_M_roh_BELLY.jpg,0.08918433636426926
A08_15_06_W_roh_BELLY.jpg,3,AT01_03_02_W_roh_BELLY.jpg,0.08567842096090317
A08_15_06_W_roh_BELLY.jpg,4,A01_15_03_W_roh_BELLY.jpg,0.08503282070159912
A08_15_06_W_roh_BELLY.jpg,5,A08_18_13_W_roh_BELLY.jpg,0.08363570272922516
A08_15_06_W_roh_BELLY.jpg,6,A01_03_07_W_roh_BELLY.jpg,0.08075741678476334
A08_15_06_W_roh_BELLY.jpg,7,A05_15_03_W_roh_BELLY.jpg,0.08071122318506241
A08_15_06_W_roh_BELLY.jpg,8,A08_06_02_SA_roh_BELLY.jpg,0.07829050719738007
A08_15_06_W_roh_BELLY.jpg,9,A05_18_07_W_roh_BELLY.jpg,0.07814868539571762
A08_15_06_W_roh_BELLY.jpg,10,A08_18_17_W_roh_BELLY.jpg,0.07678770273923874
A08_15_06_W_roh_BELLY.jpg,11,A08_06_08_W_roh_BELLY.jpg,0.07596535980701447
A08_15_06_W_roh_BELLY.jpg,12,A04_06_01_M_roh_BELLY.jpg,0.07187173515558243
A08_15_06_W_roh_BELLY.jpg,13,AT01_06_03_W_roh_BELLY.jpg,0.07009854167699814
A08_15_06_W_roh_BELLY.jpg,14,A03_18_07_M_roh_BELLY.jpg,0.06723128259181976
A08_15_06_W_roh_BELLY.jpg,15,A04_12_04_W_roh_BELLY.jpg,0.06721527874469757
A08_15_06_W_roh_BELLY.jpg,16,A08_15_14_W_roh_BELLY.jpg,0.06688644737005234
A08_15_06_W_roh_BELLY.jpg,17,A02_03_01_W_roh_BELLY.jpg,0.06660889834165573
A08_15_06_W_roh_BELLY.jpg,18,A08_12_13_W_roh_BELLY.jpg,0.06577817350625992
A08_15_06_W_roh_BELLY.jpg,19,A05_18_04_W_roh_BELLY.jpg,0.06542834639549255
A08_15_06_W_roh_BELLY.jpg,20,A07_18_01_W_roh_BELLY.jpg,0.064610056579113
A08_15_07_W_roh_BELLY.jpg,1,A02_06_03_M_roh_BELLY.jpg,0.101041778922081
A08_15_07_W_roh_BELLY.jpg,2,A08_06_08_W_roh_BELLY.jpg,0.09404633194208145
A08_15_07_W_roh_BELLY.jpg,3,A08_15_14_W_roh_BELLY.jpg,0.08732372522354126
A08_15_07_W_roh_BELLY.jpg,4,A08_18_04_W_roh_BELLY.jpg,0.08035588264465332
A08_15_07_W_roh_BELLY.jpg,5,A04_06_01_M_roh_BELLY.jpg,0.07824409753084183
A08_15_07_W_roh_BELLY.jpg,6,A03_12_03_M_roh_BELLY.jpg,0.0748896449804306
A08_15_07_W_roh_BELLY.jpg,7,A05_21_01_W_roh_BELLY.jpg,0.07204245030879974
A08_15_07_W_roh_BELLY.jpg,8,AT01_06_03_W_roh_BELLY.jpg,0.07196339964866638
A08_15_07_W_roh_BELLY.jpg,9,A01_15_03_W_roh_BELLY.jpg,0.07084253430366516
A08_15_07_W_roh_BELLY.jpg,10,A01_06_01_SA_roh_BELLY.jpg,0.07039330154657364
A08_15_07_W_roh_BELLY.jpg,11,A08_18_06_W_roh_BELLY.jpg,0.06898752599954605
A08_15_07_W_roh_BELLY.jpg,12,A08_09_35_W_roh_BELLY.jpg,0.06880585849285126
A08_15_07_W_roh_BELLY.jpg,13,A08_15_19_M_roh_BELLY.jpg,0.06685177236795425
A08_15_07_W_roh_BELLY.jpg,14,A04_12_04_W_roh_BELLY.jpg,0.06655323505401611
A08_15_07_W_roh_BELLY.jpg,15,A01_03_07_W_roh_BELLY.jpg,0.0661802664399147
A08_15_07_W_roh_BELLY.jpg,16,A05_18_06_W_roh_BELLY.jpg,0.06603806465864182
A08_15_07_W_roh_BELLY.jpg,17,IMG-20250607-WA0006_BELLY.jpg,0.06582571566104889
A08_15_07_W_roh_BELLY.jpg,18,A08_06_02_SA_roh_BELLY.jpg,0.06555775552988052
A08_15_07_W_roh_BELLY.jpg,19,A03_15_06_W_roh_BELLY.jpg,0.06540016084909439
A08_15_07_W_roh_BELLY.jpg,20,A08_18_12_W_roh_BELLY.jpg,0.06505924463272095
A08_15_14_W_roh_BELLY.jpg,1,A01_15_03_W_roh_BELLY.jpg,0.1352948695421219
A08_15_14_W_roh_BELLY.jpg,2,A08_06_02_SA_roh_BELLY.jpg,0.11826379597187042
A08_15_14_W_roh_BELLY.jpg,3,A08_18_04_W_roh_BELLY.jpg,0.1157950758934021
A08_15_14_W_roh_BELLY.jpg,4,A01_03_07_W_roh_BELLY.jpg,0.11107929795980453
A08_15_14_W_roh_BELLY.jpg,5,A08_12_13_W_roh_BELLY.jpg,0.10946199297904968
A08_15_14_W_roh_BELLY.jpg,6,A01_18_12_M_roh_BELLY.jpg,0.10703475773334503
A08_15_14_W_roh_BELLY.jpg,7,A08_15_05_M_roh_BELLY.jpg,0.09982649981975555
A08_15_14_W_roh_BELLY.jpg,8,A01_18_14_W_roh_BELLY.jpg,0.09881067276000977
A08_15_14_W_roh_BELLY.jpg,9,A08_06_08_W_roh_BELLY.jpg,0.09719295799732208
A08_15_14_W_roh_BELLY.jpg,10,A05_15_03_W_roh_BELLY.jpg,0.0946974977850914
A08_15_14_W_roh_BELLY.jpg,11,A08_18_14_M_roh_BELLY.jpg,0.09460628777742386
A08_15_14_W_roh_BELLY.jpg,12,A03_12_03_M_roh_BELLY.jpg,0.09365750849246979
A08_15_14_W_roh_BELLY.jpg,13,A01_18_05_W_roh_BELLY.jpg,0.0924651026725769
A08_15_14_W_roh_BELLY.jpg,14,A02_06_03_M_roh_BELLY.jpg,0.09093286842107773
A08_15_14_W_roh_BELLY.jpg,15,A01_15_01_W_roh_BELLY.jpg,0.09072282165288925
A08_15_14_W_roh_BELLY.jpg,16,A08_18_13_W_roh_BELLY.jpg,0.09061944484710693
A08_15_14_W_roh_BELLY.jpg,17,A05_18_06_W_roh_BELLY.jpg,0.08977065235376358
A08_15_14_W_roh_BELLY.jpg,18,A02_06_06_M_roh_BELLY.jpg,0.08859274536371231
A08_15_14_W_roh_BELLY.jpg,19,A07_18_01_W_roh_BELLY.jpg,0.08837549388408661
A08_15_14_W_roh_BELLY.jpg,20,A01_15_06_W_roh_BELLY.jpg,0.08814390003681183
A08_15_17_M_roh_BELLY.jpg,1,AT01_06_03_W_roh_BELLY.jpg,0.09515140950679779
A08_15_17_M_roh_BELLY.jpg,2,A01_15_03_W_roh_BELLY.jpg,0.07266517728567123
A08_15_17_M_roh_BELLY.jpg,3,A08_06_08_W_roh_BELLY.jpg,0.06542278826236725
A08_15_17_M_roh_BELLY.jpg,4,A08_18_19_W_roh_BELLY.jpg,0.06381526589393616
A08_15_17_M_roh_BELLY.jpg,5,A08_15_19_M_roh_BELLY.jpg,0.06364814192056656
A08_15_17_M_roh_BELLY.jpg,6,A08_18_13_W_roh_BELLY.jpg,0.06344816833734512
A08_15_17_M_roh_BELLY.jpg,7,A08_18_17_W_roh_BELLY.jpg,0.060614440590143204
A08_15_17_M_roh_BELLY.jpg,8,A08_06_05_SA_roh_BELLY.jpg,0.059996191412210464
A08_15_17_M_roh_BELLY.jpg,9,A05_18_04_W_roh_BELLY.jpg,0.05767427012324333
A08_15_17_M_roh_BELLY.jpg,10,A06_15_03_W_roh_BELLY.jpg,0.0562693327665329
A08_15_17_M_roh_BELLY.jpg,11,AT01_03_02_W_roh_BELLY.jpg,0.05603465437889099
A08_15_17_M_roh_BELLY.jpg,12,A08_06_10_M_roh_BELLY.jpg,0.0545356348156929
A08_15_17_M_roh_BELLY.jpg,13,A01_18_02_M_roh_BELLY.jpg,0.05441504716873169
A08_15_17_M_roh_BELLY.jpg,14,A04_06_01_M_roh_BELLY.jpg,0.05421885475516319
A08_15_17_M_roh_BELLY.jpg,15,A08_18_06_W_roh_BELLY.jpg,0.05359822139143944
A08_15_17_M_roh_BELLY.jpg,16,A03_18_07_M_roh_BELLY.jpg,0.05263856425881386
A08_15_17_M_roh_BELLY.jpg,17,A02_06_07_M_roh_BELLY.jpg,0.052548155188560486
A08_15_17_M_roh_BELLY.jpg,18,A08_06_02_SA_roh_BELLY.jpg,0.05224822834134102
A08_15_17_M_roh_BELLY.jpg,19,A08_18_22_W_roh_BELLY.jpg,0.052121151238679886
A08_15_17_M_roh_BELLY.jpg,20,A07_18_01_W_roh_BELLY.jpg,0.05195894092321396
A08_15_19_M_roh_BELLY.jpg,1,A01_15_03_W_roh_BELLY.jpg,0.0997297540307045
A08_15_19_M_roh_BELLY.jpg,2,A08_06_10_M_roh_BELLY.jpg,0.0994458794593811
A08_15_19_M_roh_BELLY.jpg,3,AT01_06_03_W_roh_BELLY.jpg,0.09454508870840073
A08_15_19_M_roh_BELLY.jpg,4,A01_18_07_W_roh_BELLY.jpg,0.0926136001944542
A08_15_19_M_roh_BELLY.jpg,5,A08_18_13_W_roh_BELLY.jpg,0.09148655086755753
A08_15_19_M_roh_BELLY.jpg,6,A04_06_02_M_roh_BELLY.jpg,0.09128644317388535
A08_15_19_M_roh_BELLY.jpg,7,A08_18_04_W_roh_BELLY.jpg,0.0908689796924591
A08_15_19_M_roh_BELLY.jpg,8,A05_21_01_W_roh_BELLY.jpg,0.08908593654632568
A08_15_19_M_roh_BELLY.jpg,9,A03_12_03_M_roh_BELLY.jpg,0.08853410929441452
A08_15_19_M_roh_BELLY.jpg,10,A06_14_02_W_roh_BELLY.jpg,0.08730775862932205
A08_15_19_M_roh_BELLY.jpg,11,A08_06_05_SA_roh_BELLY.jpg,0.08673584461212158
A08_15_19_M_roh_BELLY.jpg,12,A08_15_05_M_roh_BELLY.jpg,0.08656079322099686
A08_15_19_M_roh_BELLY.jpg,13,A01_18_14_W_roh_BELLY.jpg,0.08531896024942398
A08_15_19_M_roh_BELLY.jpg,14,A05_15_03_W_roh_BELLY.jpg,0.08250466734170914
A08_15_19_M_roh_BELLY.jpg,15,A08_15_14_W_roh_BELLY.jpg,0.07793843001127243
A08_15_19_M_roh_BELLY.jpg,16,A08_18_14_M_roh_BELLY.jpg,0.0768161192536354
A08_15_19_M_roh_BELLY.jpg,17,A01_15_06_W_roh_BELLY.jpg,0.07547862082719803
A08_15_19_M_roh_BELLY.jpg,18,A07_18_03_W_roh_BELLY.jpg,0.075052909553051
A08_15_19_M_roh_BELLY.jpg,19,A02_06_03_M_roh_BELLY.jpg,0.07473617047071457
A08_15_19_M_roh_BELLY.jpg,20,A08_12_13_W_roh_BELLY.jpg,0.07422696053981781
A08_15_21_M_roh_BELLY.jpg,1,A08_18_22_W_roh_BELLY.jpg,0.09524370729923248
A08_15_21_M_roh_BELLY.jpg,2,AT01_06_03_W_roh_BELLY.jpg,0.08090314269065857
A08_15_21_M_roh_BELLY.jpg,3,A02_06_03_M_roh_BELLY.jpg,0.08006183803081512
A08_15_21_M_roh_BELLY.jpg,4,A08_18_04_W_roh_BELLY.jpg,0.07454616576433182
A08_15_21_M_roh_BELLY.jpg,5,A08_18_17_W_roh_BELLY.jpg,0.07305668294429779
A08_15_21_M_roh_BELLY.jpg,6,A08_18_13_W_roh_BELLY.jpg,0.07267652451992035
A08_15_21_M_roh_BELLY.jpg,7,A04_15_06_M_roh_BELLY.jpg,0.07250499725341797
A08_15_21_M_roh_BELLY.jpg,8,A08_06_08_W_roh_BELLY.jpg,0.0705963522195816
A08_15_21_M_roh_BELLY.jpg,9,A06_18_04_W_roh_BELLY.jpg,0.06956792622804642
A08_15_21_M_roh_BELLY.jpg,10,A01_15_07_W_roh_BELLY.jpg,0.06880374997854233
A08_15_21_M_roh_BELLY.jpg,11,A05_21_01_W_roh_BELLY.jpg,0.067559152841568
A08_15_21_M_roh_BELLY.jpg,12,A01_18_14_W_roh_BELLY.jpg,0.0662773847579956
A08_15_21_M_roh_BELLY.jpg,13,A08_18_19_W_roh_BELLY.jpg,0.06595504283905029
A08_15_21_M_roh_BELLY.jpg,14,A08_15_19_M_roh_BELLY.jpg,0.06552611291408539
A08_15_21_M_roh_BELLY.jpg,15,A01_18_07_W_roh_BELLY.jpg,0.06369582563638687
A08_15_21_M_roh_BELLY.jpg,16,A02_06_04_M_roh_BELLY.jpg,0.062059275805950165
A08_15_21_M_roh_BELLY.jpg,17,A01_18_05_W_roh_BELLY.jpg,0.061207618564367294
A08_15_21_M_roh_BELLY.jpg,18,A03_12_03_M_roh_BELLY.jpg,0.0600128173828125
A08_15_21_M_roh_BELLY.jpg,19,A01_18_04_M_roh_BELLY.jpg,0.05917929485440254
A08_15_21_M_roh_BELLY.jpg,20,A03_18_06_W_roh_BELLY.jpg,0.058977533131837845
A08_17_17_W_roh_BELLY.jpg,1,A08_18_22_W_roh_BELLY.jpg,0.06357075273990631
A08_17_17_W_roh_BELLY.jpg,2,AT01_06_03_W_roh_BELLY.jpg,0.0529695563018322
A08_17_17_W_roh_BELLY.jpg,3,A08_06_08_W_roh_BELLY.jpg,0.05087555572390556
A08_17_17_W_roh_BELLY.jpg,4,A08_18_19_W_roh_BELLY.jpg,0.05039159581065178
A08_17_17_W_roh_BELLY.jpg,5,A08_18_04_W_roh_BELLY.jpg,0.048990633338689804
A08_17_17_W_roh_BELLY.jpg,6,A08_18_12_W_roh_BELLY.jpg,0.04872247204184532
A08_17_17_W_roh_BELLY.jpg,7,A08_18_06_W_roh_BELLY.jpg,0.04707092046737671
A08_17_17_W_roh_BELLY.jpg,8,A08_18_17_W_roh_BELLY.jpg,0.04701276868581772
A08_17_17_W_roh_BELLY.jpg,9,A08_06_02_SA_roh_BELLY.jpg,0.04644734412431717
A08_17_17_W_roh_BELLY.jpg,10,A05_21_01_W_roh_BELLY.jpg,0.04560210183262825
A08_17_17_W_roh_BELLY.jpg,11,A08_15_03_W_roh_BELLY.jpg,0.042951468378305435
A08_17_17_W_roh_BELLY.jpg,12,A08_18_20_W_roh_BELLY.jpg,0.042797889560461044
A08_17_17_W_roh_BELLY.jpg,13,A08_18_05_W_roh_BELLY.jpg,0.04224451258778572
A08_17_17_W_roh_BELLY.jpg,14,A04_06_01_M_roh_BELLY.jpg,0.04193495213985443
A08_17_17_W_roh_BELLY.jpg,15,A01_15_07_W_roh_BELLY.jpg,0.04175927862524986
A08_17_17_W_roh_BELLY.jpg,16,A04_12_04_W_roh_BELLY.jpg,0.0416688434779644
A08_17_17_W_roh_BELLY.jpg,17,A08_18_23_W_roh_BELLY.jpg,0.041596680879592896
A08_17_17_W_roh_BELLY.jpg,18,A08_18_13_W_roh_BELLY.jpg,0.04153642803430557
A08_17_17_W_roh_BELLY.jpg,19,A02_06_06_M_roh_BELLY.jpg,0.040306590497493744
A08_17_17_W_roh_BELLY.jpg,20,AT01_03_02_W_roh_BELLY.jpg,0.0401417538523674
A08_18_01_M_roh_BELLY.jpg,1,A08_18_04_W_roh_BELLY.jpg,0.08309705555438995
A08_18_01_M_roh_BELLY.jpg,2,A08_06_08_W_roh_BELLY.jpg,0.08094200491905212
A08_18_01_M_roh_BELLY.jpg,3,A08_18_14_M_roh_BELLY.jpg,0.07100334763526917
A08_18_01_M_roh_BELLY.jpg,4,AT01_06_03_W_roh_BELLY.jpg,0.06968612223863602
A08_18_01_M_roh_BELLY.jpg,5,A08_18_17_W_roh_BELLY.jpg,0.06944677233695984
A08_18_01_M_roh_BELLY.jpg,6,A08_06_05_SA_roh_BELLY.jpg,0.06369540095329285
A08_18_01_M_roh_BELLY.jpg,7,A08_18_10_W_roh_BELLY.jpg,0.06351986527442932
A08_18_01_M_roh_BELLY.jpg,8,A01_18_04_M_roh_BELLY.jpg,0.06279052793979645
A08_18_01_M_roh_BELLY.jpg,9,A03_12_02_W_roh_BELLY.jpg,0.06247836723923683
A08_18_01_M_roh_BELLY.jpg,10,A08_18_13_W_roh_BELLY.jpg,0.0592956505715847
A08_18_01_M_roh_BELLY.jpg,11,A08_18_12_W_roh_BELLY.jpg,0.058721501380205154
A08_18_01_M_roh_BELLY.jpg,12,A04_15_06_M_roh_BELLY.jpg,0.05833698809146881
A08_18_01_M_roh_BELLY.jpg,13,A03_12_03_M_roh_BELLY.jpg,0.0575001984834671
A08_18_01_M_roh_BELLY.jpg,14,A08_18_22_W_roh_BELLY.jpg,0.056954868137836456
A08_18_01_M_roh_BELLY.jpg,15,A08_06_10_M_roh_BELLY.jpg,0.05679083243012428
A08_18_01_M_roh_BELLY.jpg,16,A08_18_19_W_roh_BELLY.jpg,0.0565304309129715
A08_18_01_M_roh_BELLY.jpg,17,A08_15_14_W_roh_BELLY.jpg,0.05582331120967865
A08_18_01_M_roh_BELLY.jpg,18,A08_18_05_W_roh_BELLY.jpg,0.0556914359331131
A08_18_01_M_roh_BELLY.jpg,19,A08_15_05_M_roh_BELLY.jpg,0.05564489588141441
A08_18_01_M_roh_BELLY.jpg,20,A04_06_01_M_roh_BELLY.jpg,0.05433071777224541
A08_18_02_W_roh_BELLY.jpg,1,A08_18_22_W_roh_BELLY.jpg,0.08508356660604477
A08_18_02_W_roh_BELLY.jpg,2,A04_12_04_W_roh_BELLY.jpg,0.07655759155750275
A08_18_02_W_roh_BELLY.jpg,3,A08_18_17_W_roh_BELLY.jpg,0.07490406185388565
A08_18_02_W_roh_BELLY.jpg,4,A08_18_06_W_roh_BELLY.jpg,0.07107403129339218
A08_18_02_W_roh_BELLY.jpg,5,A08_18_04_W_roh_BELLY.jpg,0.06920526921749115
A08_18_02_W_roh_BELLY.jpg,6,A04_15_06_M_roh_BELLY.jpg,0.06724421679973602
A08_18_02_W_roh_BELLY.jpg,7,A08_06_08_W_roh_BELLY.jpg,0.0670587420463562
A08_18_02_W_roh_BELLY.jpg,8,A02_06_07_M_roh_BELLY.jpg,0.06352143734693527
A08_18_02_W_roh_BELLY.jpg,9,AT01_06_03_W_roh_BELLY.jpg,0.06299342960119247
A08_18_02_W_roh_BELLY.jpg,10,A08_15_14_W_roh_BELLY.jpg,0.06273668259382248
A08_18_02_W_roh_BELLY.jpg,11,A01_15_03_W_roh_BELLY.jpg,0.06264853477478027
A08_18_02_W_roh_BELLY.jpg,12,A02_03_02_M_roh_BELLY.jpg,0.06258831173181534
A08_18_02_W_roh_BELLY.jpg,13,A02_06_06_M_roh_BELLY.jpg,0.0624336414039135
A08_18_02_W_roh_BELLY.jpg,14,A01_06_01_SA_roh_BELLY.jpg,0.05993787944316864
A08_18_02_W_roh_BELLY.jpg,15,A06_17_04_W_roh_BELLY.jpg,0.05992835760116577
A08_18_02_W_roh_BELLY.jpg,16,A01_18_05_W_roh_BELLY.jpg,0.059604842215776443
A08_18_02_W_roh_BELLY.jpg,17,AT01_03_02_W_roh_BELLY.jpg,0.058513201773166656
A08_18_02_W_roh_BELLY.jpg,18,A02_06_03_M_roh_BELLY.jpg,0.057799506932497025
A08_18_02_W_roh_BELLY.jpg,19,A01_18_04_M_roh_BELLY.jpg,0.057670336216688156
A08_18_02_W_roh_BELLY.jpg,20,A08_18_13_W_roh_BELLY.jpg,0.05756322294473648
A08_18_03_W_roh_BELLY.jpg,1,A08_18_04_W_roh_BELLY.jpg,0.08728058636188507
A08_18_03_W_roh_BELLY.jpg,2,A02_06_06_M_roh_BELLY.jpg,0.08236327022314072
A08_18_03_W_roh_BELLY.jpg,3,AT01_03_02_W_roh_BELLY.jpg,0.08105678111314774
A08_18_03_W_roh_BELLY.jpg,4,AT01_06_03_W_roh_BELLY.jpg,0.07897748053073883
A08_18_03_W_roh_BELLY.jpg,5,A08_18_17_W_roh_BELLY.jpg,0.06844113022089005
A08_18_03_W_roh_BELLY.jpg,6,A08_15_19_M_roh_BELLY.jpg,0.06614866852760315
A08_18_03_W_roh_BELLY.jpg,7,A03_12_03_M_roh_BELLY.jpg,0.06596872210502625
A08_18_03_W_roh_BELLY.jpg,8,A08_18_13_W_roh_BELLY.jpg,0.06467361748218536
A08_18_03_W_roh_BELLY.jpg,9,A04_15_05_W_roh_BELLY.jpg,0.06366129964590073
A08_18_03_W_roh_BELLY.jpg,10,A04_15_06_M_roh_BELLY.jpg,0.06083980202674866
A08_18_03_W_roh_BELLY.jpg,11,A01_15_03_W_roh_BELLY.jpg,0.06074920669198036
A08_18_03_W_roh_BELLY.jpg,12,A08_18_06_W_roh_BELLY.jpg,0.05997244268655777
A08_18_03_W_roh_BELLY.jpg,13,A06_03_01_M_roh_BELLY.jpg,0.058750782161951065
A08_18_03_W_roh_BELLY.jpg,14,A08_06_05_SA_roh_BELLY.jpg,0.05758845433592796
A08_18_03_W_roh_BELLY.jpg,15,A08_18_14_M_roh_BELLY.jpg,0.05727498233318329
A08_18_03_W_roh_BELLY.jpg,16,A08_18_10_W_roh_BELLY.jpg,0.05602132901549339
A08_18_03_W_roh_BELLY.jpg,17,A08_18_23_W_roh_BELLY.jpg,0.054916948080062866
A08_18_03_W_roh_BELLY.jpg,18,A06_03_02_W_roh_BELLY.jpg,0.05462566018104553
A08_18_03_W_roh_BELLY.jpg,19,A01_18_14_W_roh_BELLY.jpg,0.05440376698970795
A08_18_03_W_roh_BELLY.jpg,20,A08_18_22_W_roh_BELLY.jpg,0.053857166320085526
A08_18_04_W_roh_BELLY.jpg,1,A01_15_03_W_roh_BELLY.jpg,0.14826931059360504
A08_18_04_W_roh_BELLY.jpg,2,A02_06_06_M_roh_BELLY.jpg,0.1269664317369461
A08_18_04_W_roh_BELLY.jpg,3,A08_06_08_W_roh_BELLY.jpg,0.12001477181911469
A08_18_04_W_roh_BELLY.jpg,4,A03_12_03_M_roh_BELLY.jpg,0.1189519539475441
A08_18_04_W_roh_BELLY.jpg,5,A08_15_14_W_roh_BELLY.jpg,0.1157950758934021
A08_18_04_W_roh_BELLY.jpg,6,A02_06_07_M_roh_BELLY.jpg,0.11356328427791595
A08_18_04_W_roh_BELLY.jpg,7,A08_18_13_W_roh_BELLY.jpg,0.10742609202861786
A08_18_04_W_roh_BELLY.jpg,8,A07_18_03_W_roh_BELLY.jpg,0.10380798578262329
A08_18_04_W_roh_BELLY.jpg,9,A01_18_05_W_roh_BELLY.jpg,0.09996347874403
A08_18_04_W_roh_BELLY.jpg,10,A02_03_02_M_roh_BELLY.jpg,0.0986911952495575
A08_18_04_W_roh_BELLY.jpg,11,A06_03_01_M_roh_BELLY.jpg,0.09676139801740646
A08_18_04_W_roh_BELLY.jpg,12,A02_06_03_M_roh_BELLY.jpg,0.09523728489875793
A08_18_04_W_roh_BELLY.jpg,13,A04_06_02_M_roh_BELLY.jpg,0.0944899320602417
A08_18_04_W_roh_BELLY.jpg,14,A08_12_05_W_roh_BELLY.jpg,0.09416986256837845
A08_18_04_W_roh_BELLY.jpg,15,A07_18_01_W_roh_BELLY.jpg,0.09355910867452621
A08_18_04_W_roh_BELLY.jpg,16,A02_03_01_W_roh_BELLY.jpg,0.0933910682797432
A08_18_04_W_roh_BELLY.jpg,17,A01_18_03_W_roh_BELLY.jpg,0.09259603917598724
A08_18_04_W_roh_BELLY.jpg,18,AT01_06_03_W_roh_BELLY.jpg,0.09187354892492294
A08_18_04_W_roh_BELLY.jpg,19,AT01_03_02_W_roh_BELLY.jpg,0.09112561494112015
A08_18_04_W_roh_BELLY.jpg,20,A05_15_03_W_roh_BELLY.jpg,0.09107530117034912
A08_18_05_W_roh_BELLY.jpg,1,A08_06_08_W_roh_BELLY.jpg,0.10933812707662582
A08_18_05_W_roh_BELLY.jpg,2,A08_15_05_M_roh_BELLY.jpg,0.08895029872655869
A08_18_05_W_roh_BELLY.jpg,3,A08_18_20_W_roh_BELLY.jpg,0.08589264005422592
A08_18_05_W_roh_BELLY.jpg,4,A08_06_05_SA_roh_BELLY.jpg,0.0785432979464531
A08_18_05_W_roh_BELLY.jpg,5,A08_15_14_W_roh_BELLY.jpg,0.07720611244440079
A08_18_05_W_roh_BELLY.jpg,6,A01_15_03_W_roh_BELLY.jpg,0.07676661014556885
A08_18_05_W_roh_BELLY.jpg,7,A08_18_14_M_roh_BELLY.jpg,0.07390236854553223
A08_18_05_W_roh_BELLY.jpg,8,A03_12_03_M_roh_BELLY.jpg,0.06822598725557327
A08_18_05_W_roh_BELLY.jpg,9,A04_12_04_W_roh_BELLY.jpg,0.06655298173427582
A08_18_05_W_roh_BELLY.jpg,10,A02_06_06_M_roh_BELLY.jpg,0.06596993654966354
A08_18_05_W_roh_BELLY.jpg,11,A08_12_15_W_roh_BELLY.jpg,0.06560983508825302
A08_18_05_W_roh_BELLY.jpg,12,A01_18_07_W_roh_BELLY.jpg,0.0653192326426506
A08_18_05_W_roh_BELLY.jpg,13,A08_18_13_W_roh_BELLY.jpg,0.0649808719754219
A08_18_05_W_roh_BELLY.jpg,14,A04_06_01_M_roh_BELLY.jpg,0.06197856739163399
A08_18_05_W_roh_BELLY.jpg,15,A08_18_17_W_roh_BELLY.jpg,0.061777807772159576
A08_18_05_W_roh_BELLY.jpg,16,A05_18_07_W_roh_BELLY.jpg,0.06127345561981201
A08_18_05_W_roh_BELLY.jpg,17,A01_03_07_W_roh_BELLY.jpg,0.0605429969727993
A08_18_05_W_roh_BELLY.jpg,18,AT01_06_03_W_roh_BELLY.jpg,0.0604950413107872
A08_18_05_W_roh_BELLY.jpg,19,AT01_03_02_W_roh_BELLY.jpg,0.05936945602297783
A08_18_05_W_roh_BELLY.jpg,20,A06_03_01_M_roh_BELLY.jpg,0.05897214636206627
A08_18_06_W_roh_BELLY.jpg,1,A08_06_08_W_roh_BELLY.jpg,0.0930134728550911
A08_18_06_W_roh_BELLY.jpg,2,A08_18_13_W_roh_BELLY.jpg,0.08231427520513535
A08_18_06_W_roh_BELLY.jpg,3,A08_18_23_W_roh_BELLY.jpg,0.07757972925901413
A08_18_06_W_roh_BELLY.jpg,4,A01_18_14_W_roh_BELLY.jpg,0.07644718140363693
A08_18_06_W_roh_BELLY.jpg,5,A01_06_01_SA_roh_BELLY.jpg,0.07415390014648438
A08_18_06_W_roh_BELLY.jpg,6,A03_18_07_M_roh_BELLY.jpg,0.07407359033823013
A08_18_06_W_roh_BELLY.jpg,7,A04_12_04_W_roh_BELLY.jpg,0.07317500561475754
A08_18_06_W_roh_BELLY.jpg,8,A03_18_06_W_roh_BELLY.jpg,0.07285267859697342
A08_18_06_W_roh_BELLY.jpg,9,A03_15_04_W_roh_BELLY.jpg,0.07268001139163971
A08_18_06_W_roh_BELLY.jpg,10,A05_21_01_W_roh_BELLY.jpg,0.07259970158338547
A08_18_06_W_roh_BELLY.jpg,11,A03_15_06_W_roh_BELLY.jpg,0.07163988798856735
A08_18_06_W_roh_BELLY.jpg,12,A01_18_02_M_roh_BELLY.jpg,0.0713958740234375
A08_18_06_W_roh_BELLY.jpg,13,A08_18_17_W_roh_BELLY.jpg,0.07124266028404236
A08_18_06_W_roh_BELLY.jpg,14,A08_15_04_M_roh_BELLY.jpg,0.07123810052871704
A08_18_06_W_roh_BELLY.jpg,15,A08_18_02_W_roh_BELLY.jpg,0.07107403129339218
A08_18_06_W_roh_BELLY.jpg,16,A04_15_05_W_roh_BELLY.jpg,0.07025358825922012
A08_18_06_W_roh_BELLY.jpg,17,A08_15_07_W_roh_BELLY.jpg,0.06898752599954605
A08_18_06_W_roh_BELLY.jpg,18,AT01_06_03_W_roh_BELLY.jpg,0.06827788800001144
A08_18_06_W_roh_BELLY.jpg,19,A06_03_02_W_roh_BELLY.jpg,0.06617717444896698
A08_18_06_W_roh_BELLY.jpg,20,A08_06_05_SA_roh_BELLY.jpg,0.06484876573085785
A08_18_08_M_roh_BELLY.jpg,1,A08_18_17_W_roh_BELLY.jpg,0.07268217951059341
A08_18_08_M_roh_BELLY.jpg,2,A02_06_06_M_roh_BELLY.jpg,0.07184280455112457
A08_18_08_M_roh_BELLY.jpg,3,A08_18_20_W_roh_BELLY.jpg,0.07159601897001266
A08_18_08_M_roh_BELLY.jpg,4,A01_06_01_SA_roh_BELLY.jpg,0.07108824700117111
A08_18_08_M_roh_BELLY.jpg,5,A08_06_08_W_roh_BELLY.jpg,0.06839708238840103
A08_18_08_M_roh_BELLY.jpg,6,A08_06_02_SA_roh_BELLY.jpg,0.06555774062871933
A08_18_08_M_roh_BELLY.jpg,7,AT01_06_03_W_roh_BELLY.jpg,0.0652136504650116
A08_18_08_M_roh_BELLY.jpg,8,AT01_03_02_W_roh_BELLY.jpg,0.06505156308412552
A08_18_08_M_roh_BELLY.jpg,9,A08_15_07_W_roh_BELLY.jpg,0.06319493055343628
A08_18_08_M_roh_BELLY.jpg,10,A02_06_07_M_roh_BELLY.jpg,0.06142939254641533
A08_18_08_M_roh_BELLY.jpg,11,A02_06_03_M_roh_BELLY.jpg,0.06115136668086052
A08_18_08_M_roh_BELLY.jpg,12,A01_15_03_W_roh_BELLY.jpg,0.06107034534215927
A08_18_08_M_roh_BELLY.jpg,13,A08_12_13_W_roh_BELLY.jpg,0.05929892510175705
A08_18_08_M_roh_BELLY.jpg,14,A04_06_01_M_roh_BELLY.jpg,0.05872054025530815
A08_18_08_M_roh_BELLY.jpg,15,A04_17_02_W_roh_BELLY.jpg,0.05857804790139198
A08_18_08_M_roh_BELLY.jpg,16,A08_12_15_W_roh_BELLY.jpg,0.05832016468048096
A08_18_08_M_roh_BELLY.jpg,17,A04_15_04_M_roh_BELLY.jpg,0.05757658928632736
A08_18_08_M_roh_BELLY.jpg,18,A05_21_01_W_roh_BELLY.jpg,0.05716482922434807
A08_18_08_M_roh_BELLY.jpg,19,A08_18_13_W_roh_BELLY.jpg,0.05710287764668465
A08_18_08_M_roh_BELLY.jpg,20,A01_17_01_W_roh_BELLY.jpg,0.05623770132660866
A08_18_09_M_roh_BELLY.jpg,1,AT01_06_03_W_roh_BELLY.jpg,0.09864260256290436
A08_18_09_M_roh_BELLY.jpg,2,A08_06_08_W_roh_BELLY.jpg,0.08214271813631058
A08_18_09_M_roh_BELLY.jpg,3,A08_15_04_M_roh_BELLY.jpg,0.06799987703561783
A08_18_09_M_roh_BELLY.jpg,4,A04_06_01_M_roh_BELLY.jpg,0.06510290503501892
A08_18_09_M_roh_BELLY.jpg,5,A08_06_10_M_roh_BELLY.jpg,0.06353341788053513
A08_18_09_M_roh_BELLY.jpg,6,A08_18_13_W_roh_BELLY.jpg,0.06321760267019272
A08_18_09_M_roh_BELLY.jpg,7,A08_18_12_W_roh_BELLY.jpg,0.062220651656389236
A08_18_09_M_roh_BELLY.jpg,8,A04_12_04_W_roh_BELLY.jpg,0.06214086711406708
A08_18_09_M_roh_BELLY.jpg,9,A08_18_23_W_roh_BELLY.jpg,0.06113465875387192
A08_18_09_M_roh_BELLY.jpg,10,A02_06_06_M_roh_BELLY.jpg,0.06108951196074486
A08_18_09_M_roh_BELLY.jpg,11,A08_06_05_SA_roh_BELLY.jpg,0.06105203926563263
A08_18_09_M_roh_BELLY.jpg,12,A08_06_02_SA_roh_BELLY.jpg,0.060608040541410446
A08_18_09_M_roh_BELLY.jpg,13,A08_18_17_W_roh_BELLY.jpg,0.059918180108070374
A08_18_09_M_roh_BELLY.jpg,14,A05_21_01_W_roh_BELLY.jpg,0.058553893119096756
A08_18_09_M_roh_BELLY.jpg,15,A08_12_15_W_roh_BELLY.jpg,0.05726906284689903
A08_18_09_M_roh_BELLY.jpg,16,A03_18_06_W_roh_BELLY.jpg,0.056445904076099396
A08_18_09_M_roh_BELLY.jpg,17,A05_18_04_W_roh_BELLY.jpg,0.055994316935539246
A08_18_09_M_roh_BELLY.jpg,18,A04_15_06_M_roh_BELLY.jpg,0.05388377234339714
A08_18_09_M_roh_BELLY.jpg,19,A06_14_02_W_roh_BELLY.jpg,0.05337785556912422
A08_18_09_M_roh_BELLY.jpg,20,A01_06_01_SA_roh_BELLY.jpg,0.05319129303097725
A08_18_10_W_roh_BELLY.jpg,1,AT01_06_03_W_roh_BELLY.jpg,0.09317664802074432
A08_18_10_W_roh_BELLY.jpg,2,A08_15_05_M_roh_BELLY.jpg,0.09075095504522324
A08_18_10_W_roh_BELLY.jpg,3,A07_18_03_W_roh_BELLY.jpg,0.08526374399662018
A08_18_10_W_roh_BELLY.jpg,4,A08_18_13_W_roh_BELLY.jpg,0.08517560362815857
A08_18_10_W_roh_BELLY.jpg,5,A01_03_07_W_roh_BELLY.jpg,0.08512002974748611
A08_18_10_W_roh_BELLY.jpg,6,A02_06_03_M_roh_BELLY.jpg,0.0845031812787056
A08_18_10_W_roh_BELLY.jpg,7,A01_15_06_W_roh_BELLY.jpg,0.08387552201747894
A08_18_10_W_roh_BELLY.jpg,8,AT01_03_02_W_roh_BELLY.jpg,0.0836135521531105
A08_18_10_W_roh_BELLY.jpg,9,A01_15_03_W_roh_BELLY.jpg,0.0795731395483017
A08_18_10_W_roh_BELLY.jpg,10,A01_18_02_M_roh_BELLY.jpg,0.07737468928098679
A08_18_10_W_roh_BELLY.jpg,11,A04_06_01_M_roh_BELLY.jpg,0.07517576962709427
A08_18_10_W_roh_BELLY.jpg,12,A01_15_07_W_roh_BELLY.jpg,0.07366395741701126
A08_18_10_W_roh_BELLY.jpg,13,A08_18_17_W_roh_BELLY.jpg,0.07356543838977814
A08_18_10_W_roh_BELLY.jpg,14,A04_06_02_M_roh_BELLY.jpg,0.07298760861158371
A08_18_10_W_roh_BELLY.jpg,15,A03_12_03_M_roh_BELLY.jpg,0.07098666578531265
A08_18_10_W_roh_BELLY.jpg,16,A02_06_07_M_roh_BELLY.jpg,0.07060503214597702
A08_18_10_W_roh_BELLY.jpg,17,A01_15_01_W_roh_BELLY.jpg,0.06848050653934479
A08_18_10_W_roh_BELLY.jpg,18,A08_06_08_W_roh_BELLY.jpg,0.06705895811319351
A08_18_10_W_roh_BELLY.jpg,19,A01_18_04_M_roh_BELLY.jpg,0.06668975949287415
A08_18_10_W_roh_BELLY.jpg,20,A03_18_07_M_roh_BELLY.jpg,0.06661442667245865
A08_18_12_W_roh_BELLY.jpg,1,AT01_06_03_W_roh_BELLY.jpg,0.08427388966083527
A08_18_12_W_roh_BELLY.jpg,2,A01_06_01_SA_roh_BELLY.jpg,0.07267595082521439
A08_18_12_W_roh_BELLY.jpg,3,A01_03_07_W_roh_BELLY.jpg,0.06973007321357727
A08_18_12_W_roh_BELLY.jpg,4,A07_18_03_W_roh_BELLY.jpg,0.06951042264699936
A08_18_12_W_roh_BELLY.jpg,5,A03_15_06_W_roh_BELLY.jpg,0.06844285130500793
A08_18_12_W_roh_BELLY.jpg,6,A05_21_01_W_roh_BELLY.jpg,0.06690706312656403
A08_18_12_W_roh_BELLY.jpg,7,A08_18_14_M_roh_BELLY.jpg,0.06683055311441422
A08_18_12_W_roh_BELLY.jpg,8,A08_15_07_W_roh_BELLY.jpg,0.06505924463272095
A08_18_12_W_roh_BELLY.jpg,9,A03_12_03_M_roh_BELLY.jpg,0.06398019939661026
A08_18_12_W_roh_BELLY.jpg,10,A01_18_14_W_roh_BELLY.jpg,0.06379378587007523
A08_18_12_W_roh_BELLY.jpg,11,A08_06_08_W_roh_BELLY.jpg,0.06378061324357986
A08_18_12_W_roh_BELLY.jpg,12,A08_12_15_W_roh_BELLY.jpg,0.06303633004426956
A08_18_12_W_roh_BELLY.jpg,13,A01_09_21_W_roh_BELLY.jpg,0.06260616332292557
A08_18_12_W_roh_BELLY.jpg,14,A01_17_01_W_roh_BELLY.jpg,0.06235095486044884
A08_18_12_W_roh_BELLY.jpg,15,A08_18_09_M_roh_BELLY.jpg,0.062220651656389236
A08_18_12_W_roh_BELLY.jpg,16,A02_06_03_M_roh_BELLY.jpg,0.06088887155056
A08_18_12_W_roh_BELLY.jpg,17,A08_06_05_SA_roh_BELLY.jpg,0.060709595680236816
A08_18_12_W_roh_BELLY.jpg,18,A06_17_04_W_roh_BELLY.jpg,0.06057831272482872
A08_18_12_W_roh_BELLY.jpg,19,A08_15_03_W_roh_BELLY.jpg,0.06020747870206833
A08_18_12_W_roh_BELLY.jpg,20,A01_18_12_M_roh_BELLY.jpg,0.06003184616565704
A08_18_13_W_roh_BELLY.jpg,1,AT01_06_03_W_roh_BELLY.jpg,0.10963930934667587
A08_18_13_W_roh_BELLY.jpg,2,A08_18_04_W_roh_BELLY.jpg,0.10742609202861786
A08_18_13_W_roh_BELLY.jpg,3,A04_03_01_W_roh_BELLY.jpg,0.10382790863513947
A08_18_13_W_roh_BELLY.jpg,4,A08_06_08_W_roh_BELLY.jpg,0.10238803178071976
A08_18_13_W_roh_BELLY.jpg,5,A02_06_03_M_roh_BELLY.jpg,0.10230110585689545
A08_18_13_W_roh_BELLY.jpg,6,A03_12_03_M_roh_BELLY.jpg,0.1007651835680008
A08_18_13_W_roh_BELLY.jpg,7,A05_18_07_W_roh_BELLY.jpg,0.0969824492931366
A08_18_13_W_roh_BELLY.jpg,8,A01_15_03_W_roh_BELLY.jpg,0.09616795927286148
A08_18_13_W_roh_BELLY.jpg,9,A02_06_07_M_roh_BELLY.jpg,0.09567208588123322
A08_18_13_W_roh_BELLY.jpg,10,A04_06_02_M_roh_BELLY.jpg,0.09555760025978088
A08_18_13_W_roh_BELLY.jpg,11,A01_15_07_W_roh_BELLY.jpg,0.09387718141078949
A08_18_13_W_roh_BELLY.jpg,12,A02_06_04_M_roh_BELLY.jpg,0.09189958870410919
A08_18_13_W_roh_BELLY.jpg,13,A08_15_19_M_roh_BELLY.jpg,0.09148655086755753
A08_18_13_W_roh_BELLY.jpg,14,A08_15_14_W_roh_BELLY.jpg,0.09061944484710693
A08_18_13_W_roh_BELLY.jpg,15,A08_06_05_SA_roh_BELLY.jpg,0.0893835797905922
A08_18_13_W_roh_BELLY.jpg,16,A07_18_03_W_roh_BELLY.jpg,0.08932510018348694
A08_18_13_W_roh_BELLY.jpg,17,A02_03_02_M_roh_BELLY.jpg,0.08907859027385712
A08_18_13_W_roh_BELLY.jpg,18,A08_12_05_W_roh_BELLY.jpg,0.08733619004487991
A08_18_13_W_roh_BELLY.jpg,19,A01_18_14_W_roh_BELLY.jpg,0.0865202471613884
A08_18_13_W_roh_BELLY.jpg,20,A06_12_01_W_roh_BELLY.jpg,0.08546728640794754
A08_18_14_M_roh_BELLY.jpg,1,AT01_06_03_W_roh_BELLY.jpg,0.10446224361658096
A08_18_14_M_roh_BELLY.jpg,2,A08_15_14_W_roh_BELLY.jpg,0.09460628777742386
A08_18_14_M_roh_BELLY.jpg,3,A01_03_07_W_roh_BELLY.jpg,0.09306357800960541
A08_18_14_M_roh_BELLY.jpg,4,A04_15_05_W_roh_BELLY.jpg,0.09297973662614822
A08_18_14_M_roh_BELLY.jpg,5,A02_03_01_W_roh_BELLY.jpg,0.08953721076250076
A08_18_14_M_roh_BELLY.jpg,6,A08_15_06_W_roh_BELLY.jpg,0.08918433636426926
A08_18_14_M_roh_BELLY.jpg,7,A08_18_17_W_roh_BELLY.jpg,0.08904046565294266
A08_18_14_M_roh_BELLY.jpg,8,A08_06_08_W_roh_BELLY.jpg,0.08776010572910309
A08_18_14_M_roh_BELLY.jpg,9,A06_03_02_W_roh_BELLY.jpg,0.0863102599978447
A08_18_14_M_roh_BELLY.jpg,10,A08_06_05_SA_roh_BELLY.jpg,0.08467879891395569
A08_18_14_M_roh_BELLY.jpg,11,A01_15_03_W_roh_BELLY.jpg,0.08282975107431412
A08_18_14_M_roh_BELLY.jpg,12,A08_15_05_M_roh_BELLY.jpg,0.0791800394654274
A08_18_14_M_roh_BELLY.jpg,13,A08_15_19_M_roh_BELLY.jpg,0.0768161192536354
A08_18_14_M_roh_BELLY.jpg,14,A01_15_07_W_roh_BELLY.jpg,0.0739833191037178
A08_18_14_M_roh_BELLY.jpg,15,A08_18_05_W_roh_BELLY.jpg,0.07390236854553223
A08_18_14_M_roh_BELLY.jpg,16,A05_18_06_W_roh_BELLY.jpg,0.07348036020994186
A08_18_14_M_roh_BELLY.jpg,17,A08_18_20_W_roh_BELLY.jpg,0.0728006586432457
A08_18_14_M_roh_BELLY.jpg,18,A08_18_01_M_roh_BELLY.jpg,0.07100334763526917
A08_18_14_M_roh_BELLY.jpg,19,A01_18_14_W_roh_BELLY.jpg,0.07082004100084305
A08_18_14_M_roh_BELLY.jpg,20,A01_18_12_M_roh_BELLY.jpg,0.06971636414527893
A08_18_17_W_roh_BELLY.jpg,1,A04_15_06_M_roh_BELLY.jpg,0.09807167947292328
A08_18_17_W_roh_BELLY.jpg,2,A02_06_03_M_roh_BELLY.jpg,0.09067939221858978
A08_18_17_W_roh_BELLY.jpg,3,A08_18_14_M_roh_BELLY.jpg,0.08904046565294266
A08_18_17_W_roh_BELLY.jpg,4,A02_03_02_M_roh_BELLY.jpg,0.08890113234519958
A08_18_17_W_roh_BELLY.jpg,5,A01_18_05_W_roh_BELLY.jpg,0.08857346326112747
A08_18_17_W_roh_BELLY.jpg,6,A08_15_04_M_roh_BELLY.jpg,0.0878620445728302
A08_18_17_W_roh_BELLY.jpg,7,A08_06_05_SA_roh_BELLY.jpg,0.0836496353149414
A08_18_17_W_roh_BELLY.jpg,8,A06_14_02_W_roh_BELLY.jpg,0.0831700935959816
A08_18_17_W_roh_BELLY.jpg,9,A06_15_03_W_roh_BELLY.jpg,0.08272682875394821
A08_18_17_W_roh_BELLY.jpg,10,A08_15_14_W_roh_BELLY.jpg,0.0826919674873352
A08_18_17_W_roh_BELLY.jpg,11,A02_06_06_M_roh_BELLY.jpg,0.08054181188344955
A08_18_17_W_roh_BELLY.jpg,12,A08_06_08_W_roh_BELLY.jpg,0.08044762164354324
A08_18_17_W_roh_BELLY.jpg,13,A07_08_03_W_roh_BELLY.jpg,0.07984794676303864
A08_18_17_W_roh_BELLY.jpg,14,A02_08_05_M_roh_BELLY.jpg,0.0793965682387352
A08_18_17_W_roh_BELLY.jpg,15,A05_21_01_W_roh_BELLY.jpg,0.07922004908323288
A08_18_17_W_roh_BELLY.jpg,16,A04_15_03_M_roh_BELLY.jpg,0.07886546105146408
A08_18_17_W_roh_BELLY.jpg,17,A02_06_04_M_roh_BELLY.jpg,0.07803008705377579
A08_18_17_W_roh_BELLY.jpg,18,A01_06_01_SA_roh_BELLY.jpg,0.07749051600694656
A08_18_17_W_roh_BELLY.jpg,19,A08_15_05_M_roh_BELLY.jpg,0.07686305046081543
A08_18_17_W_roh_BELLY.jpg,20,A08_15_06_W_roh_BELLY.jpg,0.07678770273923874
A08_18_18_W_roh_BELLY.jpg,1,A08_18_19_W_roh_BELLY.jpg,0.07556983083486557
A08_18_18_W_roh_BELLY.jpg,2,AT01_06_03_W_roh_BELLY.jpg,0.07256234437227249
A08_18_18_W_roh_BELLY.jpg,3,A08_15_14_W_roh_BELLY.jpg,0.0625387579202652
A08_18_18_W_roh_BELLY.jpg,4,A02_06_06_M_roh_BELLY.jpg,0.062163710594177246
A08_18_18_W_roh_BELLY.jpg,5,AT01_03_02_W_roh_BELLY.jpg,0.06203998997807503
A08_18_18_W_roh_BELLY.jpg,6,A06_15_03_W_roh_BELLY.jpg,0.06184732913970947
A08_18_18_W_roh_BELLY.jpg,7,A08_06_08_W_roh_BELLY.jpg,0.0592336505651474
A08_18_18_W_roh_BELLY.jpg,8,A08_18_22_W_roh_BELLY.jpg,0.0587184801697731
A08_18_18_W_roh_BELLY.jpg,9,A02_08_05_M_roh_BELLY.jpg,0.056830473244190216
A08_18_18_W_roh_BELLY.jpg,10,A08_12_05_W_roh_BELLY.jpg,0.05591558665037155
A08_18_18_W_roh_BELLY.jpg,11,A02_06_03_M_roh_BELLY.jpg,0.05355396121740341
A08_18_18_W_roh_BELLY.jpg,12,A08_06_02_SA_roh_BELLY.jpg,0.05352815240621567
A08_18_18_W_roh_BELLY.jpg,13,A08_18_20_W_roh_BELLY.jpg,0.05322953313589096
A08_18_18_W_roh_BELLY.jpg,14,A08_18_17_W_roh_BELLY.jpg,0.05294439569115639
A08_18_18_W_roh_BELLY.jpg,15,A04_12_04_W_roh_BELLY.jpg,0.05265285074710846
A08_18_18_W_roh_BELLY.jpg,16,A08_18_13_W_roh_BELLY.jpg,0.05238424986600876
A08_18_18_W_roh_BELLY.jpg,17,A05_21_01_W_roh_BELLY.jpg,0.05223853141069412
A08_18_18_W_roh_BELLY.jpg,18,A05_18_04_W_roh_BELLY.jpg,0.0516124852001667
A08_18_18_W_roh_BELLY.jpg,19,A01_18_14_W_roh_BELLY.jpg,0.0515228770673275
A08_18_18_W_roh_BELLY.jpg,20,A01_06_01_SA_roh_BELLY.jpg,0.05111526697874069
A08_18_19_W_roh_BELLY.jpg,1,A08_06_10_M_roh_BELLY.jpg,0.09320008754730225
A08_18_19_W_roh_BELLY.jpg,2,A08_06_08_W_roh_BELLY.jpg,0.08776062726974487
A08_18_19_W_roh_BELLY.jpg,3,A01_06_01_SA_roh_BELLY.jpg,0.08145128190517426
A08_18_19_W_roh_BELLY.jpg,4,A01_15_03_W_roh_BELLY.jpg,0.0801248550415039
A08_18_19_W_roh_BELLY.jpg,5,A05_21_01_W_roh_BELLY.jpg,0.07961522042751312
A08_18_19_W_roh_BELLY.jpg,6,AT01_06_03_W_roh_BELLY.jpg,0.07961007207632065
A08_18_19_W_roh_BELLY.jpg,7,A08_18_18_W_roh_BELLY.jpg,0.07556983083486557
A08_18_19_W_roh_BELLY.jpg,8,A03_12_03_M_roh_BELLY.jpg,0.07522331178188324
A08_18_19_W_roh_BELLY.jpg,9,A04_06_02_M_roh_BELLY.jpg,0.07487598061561584
A08_18_19_W_roh_BELLY.jpg,10,A08_06_05_SA_roh_BELLY.jpg,0.07384150475263596
A08_18_19_W_roh_BELLY.jpg,11,A04_12_04_W_roh_BELLY.jpg,0.07292748242616653
A08_18_19_W_roh_BELLY.jpg,12,A08_18_04_W_roh_BELLY.jpg,0.07099060714244843
A08_18_19_W_roh_BELLY.jpg,13,A06_18_04_W_roh_BELLY.jpg,0.07011408358812332
A08_18_19_W_roh_BELLY.jpg,14,A06_15_03_W_roh_BELLY.jpg,0.06970778852701187
A08_18_19_W_roh_BELLY.jpg,15,A08_12_05_W_roh_BELLY.jpg,0.06955467164516449
A08_18_19_W_roh_BELLY.jpg,16,A05_18_06_W_roh_BELLY.jpg,0.0692925751209259
A08_18_19_W_roh_BELLY.jpg,17,A05_18_08_W_roh_BELLY.jpg,0.06917393207550049
A08_18_19_W_roh_BELLY.jpg,18,A01_15_01_W_roh_BELLY.jpg,0.06909563392400742
A08_18_19_W_roh_BELLY.jpg,19,A02_06_03_M_roh_BELLY.jpg,0.06835228949785233
A08_18_19_W_roh_BELLY.jpg,20,A08_15_05_M_roh_BELLY.jpg,0.06762409210205078
A08_18_20_W_roh_BELLY.jpg,1,A04_15_05_W_roh_BELLY.jpg,0.08976954966783524
A08_18_20_W_roh_BELLY.jpg,2,A03_15_06_W_roh_BELLY.jpg,0.08918127417564392
A08_18_20_W_roh_BELLY.jpg,3,A08_06_10_M_roh_BELLY.jpg,0.08800813555717468
A08_18_20_W_roh_BELLY.jpg,4,A08_18_05_W_roh_BELLY.jpg,0.08589264005422592
A08_18_20_W_roh_BELLY.jpg,5,A02_03_01_W_roh_BELLY.jpg,0.08383163064718246
A08_18_20_W_roh_BELLY.jpg,6,AT01_03_02_W_roh_BELLY.jpg,0.08292105793952942
A08_18_20_W_roh_BELLY.jpg,7,A01_06_01_SA_roh_BELLY.jpg,0.08111993968486786
A08_18_20_W_roh_BELLY.jpg,8,A01_15_03_W_roh_BELLY.jpg,0.0808304101228714
A08_18_20_W_roh_BELLY.jpg,9,A01_18_12_M_roh_BELLY.jpg,0.079600028693676
A08_18_20_W_roh_BELLY.jpg,10,A02_06_03_M_roh_BELLY.jpg,0.0784459263086319
A08_18_20_W_roh_BELLY.jpg,11,A02_03_02_M_roh_BELLY.jpg,0.07820210605859756
A08_18_20_W_roh_BELLY.jpg,12,A05_15_03_W_roh_BELLY.jpg,0.07816092669963837
A08_18_20_W_roh_BELLY.jpg,13,A01_18_14_W_roh_BELLY.jpg,0.07800093293190002
A08_18_20_W_roh_BELLY.jpg,14,A08_06_08_W_roh_BELLY.jpg,0.0769466683268547
A08_18_20_W_roh_BELLY.jpg,15,A01_18_03_W_roh_BELLY.jpg,0.07638344913721085
A08_18_20_W_roh_BELLY.jpg,16,A08_18_23_W_roh_BELLY.jpg,0.07624814659357071
A08_18_20_W_roh_BELLY.jpg,17,A08_18_14_M_roh_BELLY.jpg,0.0728006586432457
A08_18_20_W_roh_BELLY.jpg,18,A08_18_08_M_roh_BELLY.jpg,0.07159601897001266
A08_18_20_W_roh_BELLY.jpg,19,A08_06_02_SA_roh_BELLY.jpg,0.07140331715345383
A08_18_20_W_roh_BELLY.jpg,20,AT01_06_03_W_roh_BELLY.jpg,0.07136094570159912
A08_18_21_M_roh_BELLY.jpg,1,AT01_06_03_W_roh_BELLY.jpg,0.089033342897892
A08_18_21_M_roh_BELLY.jpg,2,A08_06_08_W_roh_BELLY.jpg,0.08776070177555084
A08_18_21_M_roh_BELLY.jpg,3,A03_12_03_M_roh_BELLY.jpg,0.08083052188158035
A08_18_21_M_roh_BELLY.jpg,4,A08_06_10_M_roh_BELLY.jpg,0.07251852005720139
A08_18_21_M_roh_BELLY.jpg,5,A03_18_07_M_roh_BELLY.jpg,0.07214950025081635
A08_18_21_M_roh_BELLY.jpg,6,AT01_03_02_W_roh_BELLY.jpg,0.07022178918123245
A08_18_21_M_roh_BELLY.jpg,7,A08_18_23_W_roh_BELLY.jpg,0.06954090297222137
A08_18_21_M_roh_BELLY.jpg,8,A08_15_05_M_roh_BELLY.jpg,0.06656431406736374
A08_18_21_M_roh_BELLY.jpg,9,A02_06_07_M_roh_BELLY.jpg,0.06384053081274033
A08_18_21_M_roh_BELLY.jpg,10,A02_06_03_M_roh_BELLY.jpg,0.06359195709228516
A08_18_21_M_roh_BELLY.jpg,11,A01_06_01_SA_roh_BELLY.jpg,0.06335072964429855
A08_18_21_M_roh_BELLY.jpg,12,A05_18_04_W_roh_BELLY.jpg,0.06329530477523804
A08_18_21_M_roh_BELLY.jpg,13,A08_18_17_W_roh_BELLY.jpg,0.060167040675878525
A08_18_21_M_roh_BELLY.jpg,14,A08_18_06_W_roh_BELLY.jpg,0.058771148324012756
A08_18_21_M_roh_BELLY.jpg,15,A02_03_02_M_roh_BELLY.jpg,0.05874970182776451
A08_18_21_M_roh_BELLY.jpg,16,A08_06_05_SA_roh_BELLY.jpg,0.05806250870227814
A08_18_21_M_roh_BELLY.jpg,17,A04_15_04_M_roh_BELLY.jpg,0.05746794492006302
A08_18_21_M_roh_BELLY.jpg,18,A08_18_04_W_roh_BELLY.jpg,0.05735336244106293
A08_18_21_M_roh_BELLY.jpg,19,A08_18_20_W_roh_BELLY.jpg,0.05687683820724487
A08_18_21_M_roh_BELLY.jpg,20,A01_15_03_W_roh_BELLY.jpg,0.056372903287410736
A08_18_22_W_roh_BELLY.jpg,1,A08_15_21_M_roh_BELLY.jpg,0.09524370729923248
A08_18_22_W_roh_BELLY.jpg,2,A08_18_02_W_roh_BELLY.jpg,0.08508356660604477
A08_18_22_W_roh_BELLY.jpg,3,A08_15_14_W_roh_BELLY.jpg,0.08400237560272217
A08_18_22_W_roh_BELLY.jpg,4,A01_15_03_W_roh_BELLY.jpg,0.08136734366416931
A08_18_22_W_roh_BELLY.jpg,5,AT01_06_03_W_roh_BELLY.jpg,0.08036314696073532
A08_18_22_W_roh_BELLY.jpg,6,A08_06_08_W_roh_BELLY.jpg,0.0790150985121727
A08_18_22_W_roh_BELLY.jpg,7,A01_18_05_W_roh_BELLY.jpg,0.07887110114097595
A08_18_22_W_roh_BELLY.jpg,8,A02_06_06_M_roh_BELLY.jpg,0.07433643192052841
A08_18_22_W_roh_BELLY.jpg,9,A02_06_03_M_roh_BELLY.jpg,0.07372734695672989
A08_18_22_W_roh_BELLY.jpg,10,A04_12_04_W_roh_BELLY.jpg,0.07020451873540878
A08_18_22_W_roh_BELLY.jpg,11,A01_18_07_W_roh_BELLY.jpg,0.06961140781641006
A08_18_22_W_roh_BELLY.jpg,12,A04_15_06_M_roh_BELLY.jpg,0.06958083063364029
A08_18_22_W_roh_BELLY.jpg,13,A08_12_13_W_roh_BELLY.jpg,0.06862814724445343
A08_18_22_W_roh_BELLY.jpg,14,A04_15_04_M_roh_BELLY.jpg,0.06855661422014236
A08_18_22_W_roh_BELLY.jpg,15,A01_18_12_M_roh_BELLY.jpg,0.06759019941091537
A08_18_22_W_roh_BELLY.jpg,16,A06_12_01_W_roh_BELLY.jpg,0.06694890558719635
A08_18_22_W_roh_BELLY.jpg,17,A08_06_05_SA_roh_BELLY.jpg,0.06664692610502243
A08_18_22_W_roh_BELLY.jpg,18,A08_15_04_M_roh_BELLY.jpg,0.06638827174901962
A08_18_22_W_roh_BELLY.jpg,19,A05_18_04_W_roh_BELLY.jpg,0.06577848643064499
A08_18_22_W_roh_BELLY.jpg,20,A05_18_08_W_roh_BELLY.jpg,0.06512869149446487
A08_18_23_W_roh_BELLY.jpg,1,A04_06_02_M_roh_BELLY.jpg,0.0955459401011467
A08_18_23_W_roh_BELLY.jpg,2,A08_06_08_W_roh_BELLY.jpg,0.08885075151920319
A08_18_23_W_roh_BELLY.jpg,3,AT01_06_03_W_roh_BELLY.jpg,0.08762352168560028
A08_18_23_W_roh_BELLY.jpg,4,AT01_03_02_W_roh_BELLY.jpg,0.08652128279209137
A08_18_23_W_roh_BELLY.jpg,5,A03_18_06_W_roh_BELLY.jpg,0.08566803485155106
A08_18_23_W_roh_BELLY.jpg,6,A06_17_01_M_roh_-_Kopie_BELLY.jpg,0.08407416939735413
A08_18_23_W_roh_BELLY.jpg,7,A08_18_06_W_roh_BELLY.jpg,0.07757972925901413
A08_18_23_W_roh_BELLY.jpg,8,A08_18_20_W_roh_BELLY.jpg,0.07624814659357071
A08_18_23_W_roh_BELLY.jpg,9,A08_15_04_M_roh_BELLY.jpg,0.07613563537597656
A08_18_23_W_roh_BELLY.jpg,10,A04_15_03_M_roh_BELLY.jpg,0.07607220858335495
A08_18_23_W_roh_BELLY.jpg,11,A04_06_01_M_roh_BELLY.jpg,0.0732666477560997
A08_18_23_W_roh_BELLY.jpg,12,A06_14_02_W_roh_BELLY.jpg,0.07133891433477402
A08_18_23_W_roh_BELLY.jpg,13,A02_03_01_W_roh_BELLY.jpg,0.07115039974451065
A08_18_23_W_roh_BELLY.jpg,14,A03_12_03_M_roh_BELLY.jpg,0.07048452645540237
A08_18_23_W_roh_BELLY.jpg,15,A02_03_02_M_roh_BELLY.jpg,0.07041637599468231
A08_18_23_W_roh_BELLY.jpg,16,A08_18_21_M_roh_BELLY.jpg,0.06954090297222137
A08_18_23_W_roh_BELLY.jpg,17,A08_06_05_SA_roh_BELLY.jpg,0.0694815069437027
A08_18_23_W_roh_BELLY.jpg,18,A04_12_04_W_roh_BELLY.jpg,0.06941983103752136
A08_18_23_W_roh_BELLY.jpg,19,A04_17_02_W_roh_BELLY.jpg,0.06751197576522827
A08_18_23_W_roh_BELLY.jpg,20,A08_06_10_M_roh_BELLY.jpg,0.0675031840801239
AT01_03_01_W_roh_BELLY.jpg,1,AT01_06_03_W_roh_BELLY.jpg,0.11104073375463486
AT01_03_01_W_roh_BELLY.jpg,2,A08_06_08_W_roh_BELLY.jpg,0.08144623041152954
AT01_03_01_W_roh_BELLY.jpg,3,AT01_03_02_W_roh_BELLY.jpg,0.07789329439401627
AT01_03_01_W_roh_BELLY.jpg,4,A08_06_10_M_roh_BELLY.jpg,0.07452093809843063
AT01_03_01_W_roh_BELLY.jpg,5,A08_06_05_SA_roh_BELLY.jpg,0.0741257593035698
AT01_03_01_W_roh_BELLY.jpg,6,A01_03_07_W_roh_BELLY.jpg,0.07068391144275665
AT01_03_01_W_roh_BELLY.jpg,7,A02_03_02_M_roh_BELLY.jpg,0.0684688463807106
AT01_03_01_W_roh_BELLY.jpg,8,A01_06_01_SA_roh_BELLY.jpg,0.0654379203915596
AT01_03_01_W_roh_BELLY.jpg,9,A06_03_02_W_roh_BELLY.jpg,0.06348244845867157
AT01_03_01_W_roh_BELLY.jpg,10,A08_18_13_W_roh_BELLY.jpg,0.06345469504594803
AT01_03_01_W_roh_BELLY.jpg,11,A01_15_07_W_roh_BELLY.jpg,0.06331253796815872
AT01_03_01_W_roh_BELLY.jpg,12,A08_18_20_W_roh_BELLY.jpg,0.06215515360236168
AT01_03_01_W_roh_BELLY.jpg,13,A04_03_01_W_roh_BELLY.jpg,0.06146470457315445
AT01_03_01_W_roh_BELLY.jpg,14,A06_03_01_M_roh_BELLY.jpg,0.06083579733967781
AT01_03_01_W_roh_BELLY.jpg,15,A04_06_02_M_roh_BELLY.jpg,0.06070883944630623
AT01_03_01_W_roh_BELLY.jpg,16,A04_06_01_M_roh_BELLY.jpg,0.06025297939777374
AT01_03_01_W_roh_BELLY.jpg,17,A08_18_06_W_roh_BELLY.jpg,0.060136910527944565
AT01_03_01_W_roh_BELLY.jpg,18,A05_21_01_W_roh_BELLY.jpg,0.05995585024356842
AT01_03_01_W_roh_BELLY.jpg,19,A01_18_14_W_roh_BELLY.jpg,0.05952846258878708
AT01_03_01_W_roh_BELLY.jpg,20,A03_12_03_M_roh_BELLY.jpg,0.05894674360752106
AT01_03_02_W_roh_BELLY.jpg,1,A01_15_03_W_roh_BELLY.jpg,0.12183231115341187
AT01_03_02_W_roh_BELLY.jpg,2,A03_12_03_M_roh_BELLY.jpg,0.10764879733324051
AT01_03_02_W_roh_BELLY.jpg,3,A06_03_02_W_roh_BELLY.jpg,0.10745704174041748
AT01_03_02_W_roh_BELLY.jpg,4,A08_06_08_W_roh_BELLY.jpg,0.10116103291511536
AT01_03_02_W_roh_BELLY.jpg,5,A02_06_06_M_roh_BELLY.jpg,0.09647176414728165
AT01_03_02_W_roh_BELLY.jpg,6,A08_18_04_W_roh_BELLY.jpg,0.09112561494112015
AT01_03_02_W_roh_BELLY.jpg,7,A04_15_05_W_roh_BELLY.jpg,0.0896623507142067
AT01_03_02_W_roh_BELLY.jpg,8,A05_18_06_W_roh_BELLY.jpg,0.08963838219642639
AT01_03_02_W_roh_BELLY.jpg,9,A08_06_05_SA_roh_BELLY.jpg,0.08933611959218979
AT01_03_02_W_roh_BELLY.jpg,10,A03_15_06_W_roh_BELLY.jpg,0.08813636004924774
AT01_03_02_W_roh_BELLY.jpg,11,A02_06_07_M_roh_BELLY.jpg,0.087980717420578
AT01_03_02_W_roh_BELLY.jpg,12,A01_18_14_W_roh_BELLY.jpg,0.08657725155353546
AT01_03_02_W_roh_BELLY.jpg,13,A08_18_23_W_roh_BELLY.jpg,0.08652128279209137
AT01_03_02_W_roh_BELLY.jpg,14,A08_15_06_W_roh_BELLY.jpg,0.08567842096090317
AT01_03_02_W_roh_BELLY.jpg,15,A03_12_02_W_roh_BELLY.jpg,0.08423185348510742
AT01_03_02_W_roh_BELLY.jpg,16,A08_18_10_W_roh_BELLY.jpg,0.0836135521531105
AT01_03_02_W_roh_BELLY.jpg,17,A08_12_15_W_roh_BELLY.jpg,0.08338626474142075
AT01_03_02_W_roh_BELLY.jpg,18,A08_18_20_W_roh_BELLY.jpg,0.08292105793952942
AT01_03_02_W_roh_BELLY.jpg,19,A06_12_04_W_roh_BELLY.jpg,0.08180400729179382
AT01_03_02_W_roh_BELLY.jpg,20,A08_18_03_W_roh_BELLY.jpg,0.08105678111314774
AT01_06_03_W_roh_BELLY.jpg,1,A05_21_01_W_roh_BELLY.jpg,0.15952236950397491
AT01_06_03_W_roh_BELLY.jpg,2,A02_03_02_M_roh_BELLY.jpg,0.1293138563632965
AT01_06_03_W_roh_BELLY.jpg,3,A01_06_01_SA_roh_BELLY.jpg,0.12340562790632248
AT01_06_03_W_roh_BELLY.jpg,4,A03_12_02_W_roh_BELLY.jpg,0.11926983296871185
AT01_06_03_W_roh_BELLY.jpg,5,A02_06_07_M_roh_BELLY.jpg,0.11854329705238342
AT01_06_03_W_roh_BELLY.jpg,6,A08_06_05_SA_roh_BELLY.jpg,0.11709704250097275
AT01_06_03_W_roh_BELLY.jpg,7,A04_06_01_M_roh_BELLY.jpg,0.1144394725561142
AT01_06_03_W_roh_BELLY.jpg,8,AT01_03_01_W_roh_BELLY.jpg,0.11104073375463486
AT01_06_03_W_roh_BELLY.jpg,9,A08_18_13_W_roh_BELLY.jpg,0.10963930934667587
AT01_06_03_W_roh_BELLY.jpg,10,A01_18_14_W_roh_BELLY.jpg,0.1070181205868721
AT01_06_03_W_roh_BELLY.jpg,11,A08_06_08_W_roh_BELLY.jpg,0.1058955118060112
AT01_06_03_W_roh_BELLY.jpg,12,A05_18_08_W_roh_BELLY.jpg,0.10463924705982208
AT01_06_03_W_roh_BELLY.jpg,13,A08_18_14_M_roh_BELLY.jpg,0.10446224361658096
AT01_06_03_W_roh_BELLY.jpg,14,A04_06_02_M_roh_BELLY.jpg,0.10418561100959778
AT01_06_03_W_roh_BELLY.jpg,15,A05_18_06_W_roh_BELLY.jpg,0.10176096856594086
AT01_06_03_W_roh_BELLY.jpg,16,A01_12_01_M_roh_BELLY.jpg,0.10134392231702805
AT01_06_03_W_roh_BELLY.jpg,17,A04_03_01_W_roh_BELLY.jpg,0.10107763856649399
AT01_06_03_W_roh_BELLY.jpg,18,A08_18_09_M_roh_BELLY.jpg,0.09864260256290436
AT01_06_03_W_roh_BELLY.jpg,19,A06_12_04_W_roh_BELLY.jpg,0.097560353577137
AT01_06_03_W_roh_BELLY.jpg,20,A06_15_02_W_roh_BELLY.jpg,0.09554051607847214
IMG-20250607-WA0003_BELLY.jpg,1,IMG-20250607-WA0006_BELLY.jpg,0.22618164122104645
IMG-20250607-WA0003_BELLY.jpg,2,A03_12_03_M_roh_BELLY.jpg,0.06904444843530655
IMG-20250607-WA0003_BELLY.jpg,3,A08_06_08_W_roh_BELLY.jpg,0.0681452825665474
IMG-20250607-WA0003_BELLY.jpg,4,A08_18_04_W_roh_BELLY.jpg,0.06723066419363022
IMG-20250607-WA0003_BELLY.jpg,5,A08_15_07_W_roh_BELLY.jpg,0.058726146817207336
IMG-20250607-WA0003_BELLY.jpg,6,A05_21_01_W_roh_BELLY.jpg,0.057757385075092316
IMG-20250607-WA0003_BELLY.jpg,7,A04_12_04_W_roh_BELLY.jpg,0.057267338037490845
IMG-20250607-WA0003_BELLY.jpg,8,A04_15_06_M_roh_BELLY.jpg,0.05665567144751549
IMG-20250607-WA0003_BELLY.jpg,9,A08_06_05_SA_roh_BELLY.jpg,0.0561663918197155
IMG-20250607-WA0003_BELLY.jpg,10,A08_12_05_W_roh_BELLY.jpg,0.05523538216948509
IMG-20250607-WA0003_BELLY.jpg,11,A05_18_04_W_roh_BELLY.jpg,0.05421197786927223
IMG-20250607-WA0003_BELLY.jpg,12,AT01_06_03_W_roh_BELLY.jpg,0.05420691892504692
IMG-20250607-WA0003_BELLY.jpg,13,A01_15_03_W_roh_BELLY.jpg,0.05156118422746658
IMG-20250607-WA0003_BELLY.jpg,14,A02_06_06_M_roh_BELLY.jpg,0.05150170996785164
IMG-20250607-WA0003_BELLY.jpg,15,A01_18_12_M_roh_BELLY.jpg,0.051063135266304016
IMG-20250607-WA0003_BELLY.jpg,16,A02_06_07_M_roh_BELLY.jpg,0.05011923238635063
IMG-20250607-WA0003_BELLY.jpg,17,A04_15_05_W_roh_BELLY.jpg,0.04916863888502121
IMG-20250607-WA0003_BELLY.jpg,18,A08_06_10_M_roh_BELLY.jpg,0.048933569341897964
IMG-20250607-WA0003_BELLY.jpg,19,A08_18_20_W_roh_BELLY.jpg,0.04873793199658394
IMG-20250607-WA0003_BELLY.jpg,20,A08_15_03_W_roh_BELLY.jpg,0.04656809940934181
IMG-20250607-WA0006_BELLY.jpg,1,IMG-20250607-WA0003_BELLY.jpg,0.22618164122104645
IMG-20250607-WA0006_BELLY.jpg,2,A08_06_08_W_roh_BELLY.jpg,0.08709925413131714
IMG-20250607-WA0006_BELLY.jpg,3,A04_12_04_W_roh_BELLY.jpg,0.07217917591333389
IMG-20250607-WA0006_BELLY.jpg,4,A05_21_01_W_roh_BELLY.jpg,0.0705658495426178
IMG-20250607-WA0006_BELLY.jpg,5,A04_15_06_M_roh_BELLY.jpg,0.06744641810655594
IMG-20250607-WA0006_BELLY.jpg,6,A08_12_05_W_roh_BELLY.jpg,0.06622516363859177
IMG-20250607-WA0006_BELLY.jpg,7,A08_15_07_W_roh_BELLY.jpg,0.06582571566104889
IMG-20250607-WA0006_BELLY.jpg,8,A01_18_12_M_roh_BELLY.jpg,0.06241041049361229
IMG-20250607-WA0006_BELLY.jpg,9,AT01_03_02_W_roh_BELLY.jpg,0.06221109628677368
IMG-20250607-WA0006_BELLY.jpg,10,A02_06_06_M_roh_BELLY.jpg,0.06211359426379204
IMG-20250607-WA0006_BELLY.jpg,11,A08_18_04_W_roh_BELLY.jpg,0.061372946947813034
IMG-20250607-WA0006_BELLY.jpg,12,A03_12_03_M_roh_BELLY.jpg,0.059234052896499634
IMG-20250607-WA0006_BELLY.jpg,13,A08_15_04_M_roh_BELLY.jpg,0.05879531800746918
IMG-20250607-WA0006_BELLY.jpg,14,A08_15_14_W_roh_BELLY.jpg,0.05877729132771492
IMG-20250607-WA0006_BELLY.jpg,15,A08_18_20_W_roh_BELLY.jpg,0.05865152180194855
IMG-20250607-WA0006_BELLY.jpg,16,A03_18_07_M_roh_BELLY.jpg,0.05851593613624573
IMG-20250607-WA0006_BELLY.jpg,17,A08_18_17_W_roh_BELLY.jpg,0.058443158864974976
IMG-20250607-WA0006_BELLY.jpg,18,A08_15_05_M_roh_BELLY.jpg,0.057747796177864075
IMG-20250607-WA0006_BELLY.jpg,19,A08_18_06_W_roh_BELLY.jpg,0.057391609996557236
IMG-20250607-WA0006_BELLY.jpg,20,A05_18_07_W_roh_BELLY.jpg,0.05655360221862793
IMG-20250607-WA0007_BELLY.jpg,1,A08_06_08_W_roh_BELLY.jpg,0.09012109041213989
IMG-20250607-WA0007_BELLY.jpg,2,A04_12_04_W_roh_BELLY.jpg,0.07446300983428955
IMG-20250607-WA0007_BELLY.jpg,3,A04_06_01_M_roh_BELLY.jpg,0.06734263151884079
IMG-20250607-WA0007_BELLY.jpg,4,A08_12_15_W_roh_BELLY.jpg,0.06243894621729851
IMG-20250607-WA0007_BELLY.jpg,5,A05_21_01_W_roh_BELLY.jpg,0.06111203506588936
IMG-20250607-WA0007_BELLY.jpg,6,A08_12_13_W_roh_BELLY.jpg,0.055692531168460846
IMG-20250607-WA0007_BELLY.jpg,7,A08_06_05_SA_roh_BELLY.jpg,0.055684007704257965
IMG-20250607-WA0007_BELLY.jpg,8,A08_06_02_SA_roh_BELLY.jpg,0.05482833459973335
IMG-20250607-WA0007_BELLY.jpg,9,A01_06_01_SA_roh_BELLY.jpg,0.0544050894677639
IMG-20250607-WA0007_BELLY.jpg,10,A04_06_02_M_roh_BELLY.jpg,0.054392408579587936
IMG-20250607-WA0007_BELLY.jpg,11,A07_08_03_W_roh_BELLY.jpg,0.051820773631334305
IMG-20250607-WA0007_BELLY.jpg,12,AT01_06_03_W_roh_BELLY.jpg,0.05105524882674217
IMG-20250607-WA0007_BELLY.jpg,13,A02_06_06_M_roh_BELLY.jpg,0.04996400699019432
IMG-20250607-WA0007_BELLY.jpg,14,A01_18_14_W_roh_BELLY.jpg,0.04707523435354233
IMG-20250607-WA0007_BELLY.jpg,15,A02_06_03_M_roh_BELLY.jpg,0.0456978864967823
IMG-20250607-WA0007_BELLY.jpg,16,A06_14_02_W_roh_BELLY.jpg,0.04528262838721275
IMG-20250607-WA0007_BELLY.jpg,17,A01_15_06_W_roh_BELLY.jpg,0.04467696696519852
IMG-20250607-WA0007_BELLY.jpg,18,A03_12_02_W_roh_BELLY.jpg,0.04366133734583855
IMG-20250607-WA0007_BELLY.jpg,19,A08_18_17_W_roh_BELLY.jpg,0.04296763241291046
IMG-20250607-WA0007_BELLY.jpg,20,IMG-20250607-WA0003_BELLY.jpg,0.040301188826560974
IMG-20250626-WA0002_BELLY.jpg,1,IMG-20250626-WA0004_BELLY.jpg,0.2706056535243988
IMG-20250626-WA0002_BELLY.jpg,2,A08_06_08_W_roh_BELLY.jpg,0.06035296246409416
IMG-20250626-WA0002_BELLY.jpg,3,A04_15_06_M_roh_BELLY.jpg,0.052708014845848083
IMG-20250626-WA0002_BELLY.jpg,4,A01_06_01_SA_roh_BELLY.jpg,0.04948443919420242
IMG-20250626-WA0002_BELLY.jpg,5,A04_12_04_W_roh_BELLY.jpg,0.04878944903612137
IMG-20250626-WA0002_BELLY.jpg,6,A08_15_14_W_roh_BELLY.jpg,0.048380047082901
IMG-20250626-WA0002_BELLY.jpg,7,A08_06_02_SA_roh_BELLY.jpg,0.047586195170879364
IMG-20250626-WA0002_BELLY.jpg,8,AT01_06_03_W_roh_BELLY.jpg,0.04737738147377968
IMG-20250626-WA0002_BELLY.jpg,9,A08_18_17_W_roh_BELLY.jpg,0.046063099056482315
IMG-20250626-WA0002_BELLY.jpg,10,A08_18_04_W_roh_BELLY.jpg,0.04485565796494484
IMG-20250626-WA0002_BELLY.jpg,11,A08_12_15_W_roh_BELLY.jpg,0.04454272985458374
IMG-20250626-WA0002_BELLY.jpg,12,A02_06_03_M_roh_BELLY.jpg,0.04428290203213692
IMG-20250626-WA0002_BELLY.jpg,13,A08_12_05_W_roh_BELLY.jpg,0.04380398243665695
IMG-20250626-WA0002_BELLY.jpg,14,A05_21_01_W_roh_BELLY.jpg,0.04355994984507561
IMG-20250626-WA0002_BELLY.jpg,15,A04_06_01_M_roh_BELLY.jpg,0.04319547116756439
IMG-20250626-WA0002_BELLY.jpg,16,A01_15_03_W_roh_BELLY.jpg,0.042805250734090805
IMG-20250626-WA0002_BELLY.jpg,17,A08_18_06_W_roh_BELLY.jpg,0.042662862688302994
IMG-20250626-WA0002_BELLY.jpg,18,A02_06_06_M_roh_BELLY.jpg,0.042486581951379776
IMG-20250626-WA0002_BELLY.jpg,19,A08_15_03_W_roh_BELLY.jpg,0.04229562357068062
IMG-20250626-WA0002_BELLY.jpg,20,A02_03_02_M_roh_BELLY.jpg,0.04147333651781082
IMG-20250626-WA0003_BELLY.jpg,1,A08_06_08_W_roh_BELLY.jpg,0.05794655159115791
IMG-20250626-WA0003_BELLY.jpg,2,A08_06_02_SA_roh_BELLY.jpg,0.0500701479613781
IMG-20250626-WA0003_BELLY.jpg,3,A05_21_01_W_roh_BELLY.jpg,0.04899821802973747
IMG-20250626-WA0003_BELLY.jpg,4,A04_12_04_W_roh_BELLY.jpg,0.0480206236243248
IMG-20250626-WA0003_BELLY.jpg,5,A08_06_05_SA_roh_BELLY.jpg,0.04618320241570473
IMG-20250626-WA0003_BELLY.jpg,6,A04_06_02_M_roh_BELLY.jpg,0.04534583538770676
IMG-20250626-WA0003_BELLY.jpg,7,AT01_06_03_W_roh_BELLY.jpg,0.0450378954410553
IMG-20250626-WA0003_BELLY.jpg,8,A08_12_15_W_roh_BELLY.jpg,0.04420259967446327
IMG-20250626-WA0003_BELLY.jpg,9,A02_06_03_M_roh_BELLY.jpg,0.04352030158042908
IMG-20250626-WA0003_BELLY.jpg,10,IMG-20250626-WA0009_BELLY.jpg,0.041832681745290756
IMG-20250626-WA0003_BELLY.jpg,11,A02_06_06_M_roh_BELLY.jpg,0.041353438049554825
IMG-20250626-WA0003_BELLY.jpg,12,IMG-20250626-WA0024_BELLY.jpg,0.038174405694007874
IMG-20250626-WA0003_BELLY.jpg,13,IMG-20250910-WA0025_BELLY.jpg,0.037803031504154205
IMG-20250626-WA0003_BELLY.jpg,14,IMG-20250626-WA0020_BELLY.jpg,0.03773652762174606
IMG-20250626-WA0003_BELLY.jpg,15,IMG_20250515_114220_BELLY.jpg,0.036843013018369675
IMG-20250626-WA0003_BELLY.jpg,16,A01_06_01_SA_roh_BELLY.jpg,0.03684089705348015
IMG-20250626-WA0003_BELLY.jpg,17,A03_18_06_W_roh_BELLY.jpg,0.03658441826701164
IMG-20250626-WA0003_BELLY.jpg,18,A08_06_10_M_roh_BELLY.jpg,0.03546440973877907
IMG-20250626-WA0003_BELLY.jpg,19,A08_12_13_W_roh_BELLY.jpg,0.035159897059202194
IMG-20250626-WA0003_BELLY.jpg,20,A03_12_02_W_roh_BELLY.jpg,0.03506980463862419
IMG-20250626-WA0004_BELLY.jpg,1,IMG-20250626-WA0002_BELLY.jpg,0.2706056535243988
IMG-20250626-WA0004_BELLY.jpg,2,A08_06_08_W_roh_BELLY.jpg,0.06308487057685852
IMG-20250626-WA0004_BELLY.jpg,3,IMG-20250626-WA0020_BELLY.jpg,0.06116907298564911
IMG-20250626-WA0004_BELLY.jpg,4,A05_21_01_W_roh_BELLY.jpg,0.05953853577375412
IMG-20250626-WA0004_BELLY.jpg,5,IMG-20250910-WA0016_BELLY.jpg,0.05167488381266594
IMG-20250626-WA0004_BELLY.jpg,6,A08_06_10_M_roh_BELLY.jpg,0.049252334982156754
IMG-20250626-WA0004_BELLY.jpg,7,AT01_06_03_W_roh_BELLY.jpg,0.049113333225250244
IMG-20250626-WA0004_BELLY.jpg,8,A08_12_15_W_roh_BELLY.jpg,0.049028292298316956
IMG-20250626-WA0004_BELLY.jpg,9,A01_06_01_SA_roh_BELLY.jpg,0.0487365685403347
IMG-20250626-WA0004_BELLY.jpg,10,A08_15_03_W_roh_BELLY.jpg,0.04709436744451523
IMG-20250626-WA0004_BELLY.jpg,11,IMG-20250910-WA0027_BELLY.jpg,0.046952709555625916
IMG-20250626-WA0004_BELLY.jpg,12,A04_06_01_M_roh_BELLY.jpg,0.04665648564696312
IMG-20250626-WA0004_BELLY.jpg,13,A02_06_03_M_roh_BELLY.jpg,0.046303458511829376
IMG-20250626-WA0004_BELLY.jpg,14,A08_12_05_W_roh_BELLY.jpg,0.04611356183886528
IMG-20250626-WA0004_BELLY.jpg,15,IMG-20250910-WA0025_BELLY.jpg,0.04439473897218704
IMG-20250626-WA0004_BELLY.jpg,16,IMG-20250919-WA0009_BELLY.jpg,0.04411478713154793
IMG-20250626-WA0004_BELLY.jpg,17,A08_06_05_SA_roh_BELLY.jpg,0.043906956911087036
IMG-20250626-WA0004_BELLY.jpg,18,A04_12_04_W_roh_BELLY.jpg,0.04377998411655426
IMG-20250626-WA0004_BELLY.jpg,19,A08_06_02_SA_roh_BELLY.jpg,0.0425395630300045
IMG-20250626-WA0004_BELLY.jpg,20,A01_15_03_W_roh_BELLY.jpg,0.04250128194689751
IMG-20250626-WA0006_BELLY.jpg,1,A02_06_07_M_roh_BELLY.jpg,0.0592254102230072
IMG-20250626-WA0006_BELLY.jpg,2,A08_06_08_W_roh_BELLY.jpg,0.05619388073682785
IMG-20250626-WA0006_BELLY.jpg,3,A08_06_10_M_roh_BELLY.jpg,0.04983362555503845
IMG-20250626-WA0006_BELLY.jpg,4,A02_06_06_M_roh_BELLY.jpg,0.04861147329211235
IMG-20250626-WA0006_BELLY.jpg,5,A08_12_15_W_roh_BELLY.jpg,0.0485633946955204
IMG-20250626-WA0006_BELLY.jpg,6,A05_21_01_W_roh_BELLY.jpg,0.04852626472711563
IMG-20250626-WA0006_BELLY.jpg,7,A05_18_04_W_roh_BELLY.jpg,0.048188600689172745
IMG-20250626-WA0006_BELLY.jpg,8,A08_12_05_W_roh_BELLY.jpg,0.04719862341880798
IMG-20250626-WA0006_BELLY.jpg,9,A08_18_04_W_roh_BELLY.jpg,0.04542690888047218
IMG-20250626-WA0006_BELLY.jpg,10,A04_12_04_W_roh_BELLY.jpg,0.04361501708626747
IMG-20250626-WA0006_BELLY.jpg,11,A01_15_03_W_roh_BELLY.jpg,0.042805131524801254
IMG-20250626-WA0006_BELLY.jpg,12,A03_15_06_W_roh_BELLY.jpg,0.04251139983534813
IMG-20250626-WA0006_BELLY.jpg,13,A08_18_17_W_roh_BELLY.jpg,0.04237179085612297
IMG-20250626-WA0006_BELLY.jpg,14,A08_18_06_W_roh_BELLY.jpg,0.04185755178332329
IMG-20250626-WA0006_BELLY.jpg,15,A08_15_05_M_roh_BELLY.jpg,0.0417027622461319
IMG-20250626-WA0006_BELLY.jpg,16,A08_18_12_W_roh_BELLY.jpg,0.04168231785297394
IMG-20250626-WA0006_BELLY.jpg,17,A04_15_04_M_roh_BELLY.jpg,0.04156118631362915
IMG-20250626-WA0006_BELLY.jpg,18,AT01_06_03_W_roh_BELLY.jpg,0.041170280426740646
IMG-20250626-WA0006_BELLY.jpg,19,A08_06_05_SA_roh_BELLY.jpg,0.04055643454194069
IMG-20250626-WA0006_BELLY.jpg,20,A04_15_05_W_roh_BELLY.jpg,0.03987004607915878
IMG-20250626-WA0007_BELLY.jpg,1,A08_06_08_W_roh_BELLY.jpg,0.05749918520450592
IMG-20250626-WA0007_BELLY.jpg,2,A04_12_04_W_roh_BELLY.jpg,0.04728774353861809
IMG-20250626-WA0007_BELLY.jpg,3,A05_21_01_W_roh_BELLY.jpg,0.04683493450284004
IMG-20250626-WA0007_BELLY.jpg,4,A08_06_05_SA_roh_BELLY.jpg,0.04673641175031662
IMG-20250626-WA0007_BELLY.jpg,5,A08_12_05_W_roh_BELLY.jpg,0.04614157974720001
IMG-20250626-WA0007_BELLY.jpg,6,IMG-20250607-WA0003_BELLY.jpg,0.04534221068024635
IMG-20250626-WA0007_BELLY.jpg,7,AT01_06_03_W_roh_BELLY.jpg,0.04439469054341316
IMG-20250626-WA0007_BELLY.jpg,8,A05_18_04_W_roh_BELLY.jpg,0.0433184914290905
IMG-20250626-WA0007_BELLY.jpg,9,IMG-20250919-WA0009_BELLY.jpg,0.04176044464111328
IMG-20250626-WA0007_BELLY.jpg,10,A04_15_06_M_roh_BELLY.jpg,0.041502613574266434
IMG-20250626-WA0007_BELLY.jpg,11,A08_18_04_W_roh_BELLY.jpg,0.0414956770837307
IMG-20250626-WA0007_BELLY.jpg,12,A08_06_02_SA_roh_BELLY.jpg,0.04137803986668587
IMG-20250626-WA0007_BELLY.jpg,13,A08_12_15_W_roh_BELLY.jpg,0.041238490492105484
IMG-20250626-WA0007_BELLY.jpg,14,A02_06_06_M_roh_BELLY.jpg,0.04030631482601166
IMG-20250626-WA0007_BELLY.jpg,15,A01_06_01_SA_roh_BELLY.jpg,0.04000207036733627
IMG-20250626-WA0007_BELLY.jpg,16,A02_06_03_M_roh_BELLY.jpg,0.03990074247121811
IMG-20250626-WA0007_BELLY.jpg,17,A08_18_17_W_roh_BELLY.jpg,0.039446160197257996
IMG-20250626-WA0007_BELLY.jpg,18,IMG-20250626-WA0013_BELLY.jpg,0.03909330442547798
IMG-20250626-WA0007_BELLY.jpg,19,A07_09_02_W_roh_BELLY.jpg,0.038307517766952515
IMG-20250626-WA0007_BELLY.jpg,20,A04_06_02_M_roh_BELLY.jpg,0.037660468369722366
IMG-20250626-WA0009_BELLY.jpg,1,IMG-20250626-WA0011_BELLY.jpg,0.23475171625614166
IMG-20250626-WA0009_BELLY.jpg,2,A08_06_08_W_roh_BELLY.jpg,0.06087050586938858
IMG-20250626-WA0009_BELLY.jpg,3,A04_12_04_W_roh_BELLY.jpg,0.05765010416507721
IMG-20250626-WA0009_BELLY.jpg,4,A08_06_05_SA_roh_BELLY.jpg,0.057252783328294754
IMG-20250626-WA0009_BELLY.jpg,5,A08_12_15_W_roh_BELLY.jpg,0.05714209005236626
IMG-20250626-WA0009_BELLY.jpg,6,A05_21_01_W_roh_BELLY.jpg,0.0530022531747818
IMG-20250626-WA0009_BELLY.jpg,7,AT01_06_03_W_roh_BELLY.jpg,0.045411888509988785
IMG-20250626-WA0009_BELLY.jpg,8,A08_15_14_W_roh_BELLY.jpg,0.04381001740694046
IMG-20250626-WA0009_BELLY.jpg,9,A02_06_06_M_roh_BELLY.jpg,0.04308949038386345
IMG-20250626-WA0009_BELLY.jpg,10,A08_06_02_SA_roh_BELLY.jpg,0.04298051819205284
IMG-20250626-WA0009_BELLY.jpg,11,A08_12_05_W_roh_BELLY.jpg,0.04284737631678581
IMG-20250626-WA0009_BELLY.jpg,12,IMG-20250626-WA0003_BELLY.jpg,0.041832681745290756
IMG-20250626-WA0009_BELLY.jpg,13,A02_06_03_M_roh_BELLY.jpg,0.04164104908704758
IMG-20250626-WA0009_BELLY.jpg,14,A08_18_04_W_roh_BELLY.jpg,0.04099537432193756
IMG-20250626-WA0009_BELLY.jpg,15,A08_15_07_W_roh_BELLY.jpg,0.04077524319291115
IMG-20250626-WA0009_BELLY.jpg,16,A03_12_03_M_roh_BELLY.jpg,0.04034954309463501
IMG-20250626-WA0009_BELLY.jpg,17,A08_15_03_W_roh_BELLY.jpg,0.04007929190993309
IMG-20250626-WA0009_BELLY.jpg,18,A04_06_02_M_roh_BELLY.jpg,0.03997310250997543
IMG-20250626-WA0009_BELLY.jpg,19,A01_06_01_SA_roh_BELLY.jpg,0.039793048053979874
IMG-20250626-WA0009_BELLY.jpg,20,IMG-20250626-WA0021_BELLY.jpg,0.03972272947430611
IMG-20250626-WA0011_BELLY.jpg,1,IMG-20250626-WA0009_BELLY.jpg,0.23475171625614166
IMG-20250626-WA0011_BELLY.jpg,2,A08_06_08_W_roh_BELLY.jpg,0.060870759189128876
IMG-20250626-WA0011_BELLY.jpg,3,IMG-20250910-WA0025_BELLY.jpg,0.05528440326452255
IMG-20250626-WA0011_BELLY.jpg,4,A08_06_02_SA_roh_BELLY.jpg,0.05420134961605072
IMG-20250626-WA0011_BELLY.jpg,5,A05_18_04_W_roh_BELLY.jpg,0.05393124744296074
IMG-20250626-WA0011_BELLY.jpg,6,A04_12_04_W_roh_BELLY.jpg,0.05227895826101303
IMG-20250626-WA0011_BELLY.jpg,7,A02_06_03_M_roh_BELLY.jpg,0.050124987959861755
IMG-20250626-WA0011_BELLY.jpg,8,IMG-20250607-WA0006_BELLY.jpg,0.05001266673207283
IMG-20250626-WA0011_BELLY.jpg,9,A08_12_15_W_roh_BELLY.jpg,0.04950660094618797
IMG-20250626-WA0011_BELLY.jpg,10,A03_12_03_M_roh_BELLY.jpg,0.047966405749320984
IMG-20250626-WA0011_BELLY.jpg,11,A08_18_04_W_roh_BELLY.jpg,0.04753948003053665
IMG-20250626-WA0011_BELLY.jpg,12,A05_21_01_W_roh_BELLY.jpg,0.04651753604412079
IMG-20250626-WA0011_BELLY.jpg,13,A08_06_05_SA_roh_BELLY.jpg,0.04564952477812767
IMG-20250626-WA0011_BELLY.jpg,14,A02_06_06_M_roh_BELLY.jpg,0.04549938440322876
IMG-20250626-WA0011_BELLY.jpg,15,A08_12_13_W_roh_BELLY.jpg,0.04527197778224945
IMG-20250626-WA0011_BELLY.jpg,16,A02_08_05_M_roh_BELLY.jpg,0.0450223907828331
IMG-20250626-WA0011_BELLY.jpg,17,A04_06_02_M_roh_BELLY.jpg,0.04397348687052727
IMG-20250626-WA0011_BELLY.jpg,18,A08_12_05_W_roh_BELLY.jpg,0.04341801628470421
IMG-20250626-WA0011_BELLY.jpg,19,A08_15_06_W_roh_BELLY.jpg,0.04264572635293007
IMG-20250626-WA0011_BELLY.jpg,20,IMG-20250626-WA0004_BELLY.jpg,0.041879624128341675
IMG-20250626-WA0013_BELLY.jpg,1,A08_06_08_W_roh_BELLY.jpg,0.06897434592247009
IMG-20250626-WA0013_BELLY.jpg,2,A08_06_02_SA_roh_BELLY.jpg,0.0542014054954052
IMG-20250626-WA0013_BELLY.jpg,3,IMG-20250626-WA0024_BELLY.jpg,0.050599757581949234
IMG-20250626-WA0013_BELLY.jpg,4,A08_06_05_SA_roh_BELLY.jpg,0.04983523115515709
IMG-20250626-WA0013_BELLY.jpg,5,A04_06_01_M_roh_BELLY.jpg,0.04829386621713638
IMG-20250626-WA0013_BELLY.jpg,6,A05_21_01_W_roh_BELLY.jpg,0.045833755284547806
IMG-20250626-WA0013_BELLY.jpg,7,A04_15_05_W_roh_BELLY.jpg,0.04529693350195885
IMG-20250626-WA0013_BELLY.jpg,8,IMG-20250910-WA0025_BELLY.jpg,0.04400956258177757
IMG-20250626-WA0013_BELLY.jpg,9,A08_12_15_W_roh_BELLY.jpg,0.04374002292752266
IMG-20250626-WA0013_BELLY.jpg,10,A02_06_06_M_roh_BELLY.jpg,0.04340071603655815
IMG-20250626-WA0013_BELLY.jpg,11,A04_12_04_W_roh_BELLY.jpg,0.04286940395832062
IMG-20250626-WA0013_BELLY.jpg,12,AT01_06_03_W_roh_BELLY.jpg,0.042346712201833725
IMG-20250626-WA0013_BELLY.jpg,13,A08_18_04_W_roh_BELLY.jpg,0.04225717484951019
IMG-20250626-WA0013_BELLY.jpg,14,A08_18_20_W_roh_BELLY.jpg,0.04194488376379013
IMG-20250626-WA0013_BELLY.jpg,15,A03_12_03_M_roh_BELLY.jpg,0.041625577956438065
IMG-20250626-WA0013_BELLY.jpg,16,A07_09_02_W_roh_BELLY.jpg,0.041344720870256424
IMG-20250626-WA0013_BELLY.jpg,17,A01_15_03_W_roh_BELLY.jpg,0.04062098264694214
IMG-20250626-WA0013_BELLY.jpg,18,A01_18_14_W_roh_BELLY.jpg,0.0404418520629406
IMG-20250626-WA0013_BELLY.jpg,19,A02_06_03_M_roh_BELLY.jpg,0.04024798423051834
IMG-20250626-WA0013_BELLY.jpg,20,IMG-20250910-WA0027_BELLY.jpg,0.040191441774368286
IMG-20250626-WA0014_BELLY.jpg,1,A05_21_01_W_roh_BELLY.jpg,0.07323035597801208
IMG-20250626-WA0014_BELLY.jpg,2,A08_06_08_W_roh_BELLY.jpg,0.06622545421123505
IMG-20250626-WA0014_BELLY.jpg,3,A08_06_02_SA_roh_BELLY.jpg,0.0588209442794323
IMG-20250626-WA0014_BELLY.jpg,4,A02_06_03_M_roh_BELLY.jpg,0.054568879306316376
IMG-20250626-WA0014_BELLY.jpg,5,AT01_06_03_W_roh_BELLY.jpg,0.05278630927205086
IMG-20250626-WA0014_BELLY.jpg,6,A04_06_02_M_roh_BELLY.jpg,0.051824018359184265
IMG-20250626-WA0014_BELLY.jpg,7,A04_06_01_M_roh_BELLY.jpg,0.05129789933562279
IMG-20250626-WA0014_BELLY.jpg,8,A08_06_05_SA_roh_BELLY.jpg,0.05069952458143234
IMG-20250626-WA0014_BELLY.jpg,9,A04_12_04_W_roh_BELLY.jpg,0.05044359341263771
IMG-20250626-WA0014_BELLY.jpg,10,A08_12_15_W_roh_BELLY.jpg,0.049159690737724304
IMG-20250626-WA0014_BELLY.jpg,11,A03_12_03_M_roh_BELLY.jpg,0.04757801070809364
IMG-20250626-WA0014_BELLY.jpg,12,A08_12_13_W_roh_BELLY.jpg,0.04730411618947983
IMG-20250626-WA0014_BELLY.jpg,13,A03_12_02_W_roh_BELLY.jpg,0.044718511402606964
IMG-20250626-WA0014_BELLY.jpg,14,A01_06_01_SA_roh_BELLY.jpg,0.04441455751657486
IMG-20250626-WA0014_BELLY.jpg,15,A08_18_17_W_roh_BELLY.jpg,0.04441143944859505
IMG-20250626-WA0014_BELLY.jpg,16,A01_18_14_W_roh_BELLY.jpg,0.04425307363271713
IMG-20250626-WA0014_BELLY.jpg,17,A06_12_04_W_roh_BELLY.jpg,0.044225700199604034
IMG-20250626-WA0014_BELLY.jpg,18,A08_15_03_W_roh_BELLY.jpg,0.043387554585933685
IMG-20250626-WA0014_BELLY.jpg,19,A08_18_19_W_roh_BELLY.jpg,0.04192556440830231
IMG-20250626-WA0014_BELLY.jpg,20,A08_06_10_M_roh_BELLY.jpg,0.0412568673491478
IMG-20250626-WA0015_BELLY.jpg,1,A08_06_08_W_roh_BELLY.jpg,0.0795028954744339
IMG-20250626-WA0015_BELLY.jpg,2,A08_15_03_W_roh_BELLY.jpg,0.06544927507638931
IMG-20250626-WA0015_BELLY.jpg,3,A05_21_01_W_roh_BELLY.jpg,0.05716519057750702
IMG-20250626-WA0015_BELLY.jpg,4,A08_06_10_M_roh_BELLY.jpg,0.05541878566145897
IMG-20250626-WA0015_BELLY.jpg,5,A03_12_03_M_roh_BELLY.jpg,0.055408261716365814
IMG-20250626-WA0015_BELLY.jpg,6,AT01_06_03_W_roh_BELLY.jpg,0.05364261940121651
IMG-20250626-WA0015_BELLY.jpg,7,A04_12_04_W_roh_BELLY.jpg,0.05272809788584709
IMG-20250626-WA0015_BELLY.jpg,8,A08_18_12_W_roh_BELLY.jpg,0.05230202525854111
IMG-20250626-WA0015_BELLY.jpg,9,A08_12_15_W_roh_BELLY.jpg,0.05212754011154175
IMG-20250626-WA0015_BELLY.jpg,10,A02_06_06_M_roh_BELLY.jpg,0.052034858614206314
IMG-20250626-WA0015_BELLY.jpg,11,A08_18_04_W_roh_BELLY.jpg,0.05164878070354462
IMG-20250626-WA0015_BELLY.jpg,12,A08_12_05_W_roh_BELLY.jpg,0.05119332671165466
IMG-20250626-WA0015_BELLY.jpg,13,A08_06_05_SA_roh_BELLY.jpg,0.050492458045482635
IMG-20250626-WA0015_BELLY.jpg,14,A03_18_06_W_roh_BELLY.jpg,0.05041886121034622
IMG-20250626-WA0015_BELLY.jpg,15,A08_15_07_W_roh_BELLY.jpg,0.04982813447713852
IMG-20250626-WA0015_BELLY.jpg,16,A08_06_02_SA_roh_BELLY.jpg,0.04962953180074692
IMG-20250626-WA0015_BELLY.jpg,17,A08_18_08_M_roh_BELLY.jpg,0.049054864794015884
IMG-20250626-WA0015_BELLY.jpg,18,A08_18_06_W_roh_BELLY.jpg,0.04886692762374878
IMG-20250626-WA0015_BELLY.jpg,19,A02_06_03_M_roh_BELLY.jpg,0.0482744425535202
IMG-20250626-WA0015_BELLY.jpg,20,A01_18_14_W_roh_BELLY.jpg,0.04822351038455963
IMG-20250626-WA0016_BELLY.jpg,1,IMG-20250626-WA0020_BELLY.jpg,0.37315133213996887
IMG-20250626-WA0016_BELLY.jpg,2,AT01_06_03_W_roh_BELLY.jpg,0.07020098716020584
IMG-20250626-WA0016_BELLY.jpg,3,A08_06_08_W_roh_BELLY.jpg,0.06691168248653412
IMG-20250626-WA0016_BELLY.jpg,4,A08_18_04_W_roh_BELLY.jpg,0.05492109805345535
IMG-20250626-WA0016_BELLY.jpg,5,A05_21_01_W_roh_BELLY.jpg,0.05395716056227684
IMG-20250626-WA0016_BELLY.jpg,6,A04_12_04_W_roh_BELLY.jpg,0.05180155858397484
IMG-20250626-WA0016_BELLY.jpg,7,A02_06_06_M_roh_BELLY.jpg,0.049994152039289474
IMG-20250626-WA0016_BELLY.jpg,8,A02_06_03_M_roh_BELLY.jpg,0.04898994415998459
IMG-20250626-WA0016_BELLY.jpg,9,A08_12_13_W_roh_BELLY.jpg,0.048216868191957474
IMG-20250626-WA0016_BELLY.jpg,10,A01_18_14_W_roh_BELLY.jpg,0.046800918877124786
IMG-20250626-WA0016_BELLY.jpg,11,A01_06_01_SA_roh_BELLY.jpg,0.044432323426008224
IMG-20250626-WA0016_BELLY.jpg,12,A03_12_02_W_roh_BELLY.jpg,0.04394027590751648
IMG-20250626-WA0016_BELLY.jpg,13,A08_06_05_SA_roh_BELLY.jpg,0.04345700889825821
IMG-20250626-WA0016_BELLY.jpg,14,A04_06_01_M_roh_BELLY.jpg,0.04116896912455559
IMG-20250626-WA0016_BELLY.jpg,15,IMG-20250919-WA0011_BELLY.jpg,0.040824588388204575
IMG-20250626-WA0016_BELLY.jpg,16,A08_15_04_M_roh_BELLY.jpg,0.04050556197762489
IMG-20250626-WA0016_BELLY.jpg,17,IMG_20250807_103916_BELLY.jpg,0.039999838918447495
IMG-20250626-WA0016_BELLY.jpg,18,A08_12_15_W_roh_BELLY.jpg,0.03945235162973404
IMG-20250626-WA0016_BELLY.jpg,19,A03_12_03_M_roh_BELLY.jpg,0.039271801710128784
IMG-20250626-WA0016_BELLY.jpg,20,A01_15_03_W_roh_BELLY.jpg,0.0386003702878952
IMG-20250626-WA0020_BELLY.jpg,1,IMG-20250626-WA0016_BELLY.jpg,0.37315133213996887
IMG-20250626-WA0020_BELLY.jpg,2,A08_06_08_W_roh_BELLY.jpg,0.07017416507005692
IMG-20250626-WA0020_BELLY.jpg,3,IMG-20250626-WA0004_BELLY.jpg,0.06116907298564911
IMG-20250626-WA0020_BELLY.jpg,4,A04_12_04_W_roh_BELLY.jpg,0.06030820682644844
IMG-20250626-WA0020_BELLY.jpg,5,A08_12_15_W_roh_BELLY.jpg,0.05657881498336792
IMG-20250626-WA0020_BELLY.jpg,6,A05_21_01_W_roh_BELLY.jpg,0.05347324162721634
IMG-20250626-WA0020_BELLY.jpg,7,A02_06_06_M_roh_BELLY.jpg,0.051908332854509354
IMG-20250626-WA0020_BELLY.jpg,8,IMG-20250910-WA0025_BELLY.jpg,0.05060551315546036
IMG-20250626-WA0020_BELLY.jpg,9,A04_06_01_M_roh_BELLY.jpg,0.04964187368750572
IMG-20250626-WA0020_BELLY.jpg,10,A08_06_02_SA_roh_BELLY.jpg,0.04837310314178467
IMG-20250626-WA0020_BELLY.jpg,11,A01_18_14_W_roh_BELLY.jpg,0.0476391576230526
IMG-20250626-WA0020_BELLY.jpg,12,IMG-20250910-WA0014_BELLY.jpg,0.045211806893348694
IMG-20250626-WA0020_BELLY.jpg,13,A06_18_04_W_roh_BELLY.jpg,0.04518914222717285
IMG-20250626-WA0020_BELLY.jpg,14,A08_06_05_SA_roh_BELLY.jpg,0.04518018290400505
IMG-20250626-WA0020_BELLY.jpg,15,A05_18_04_W_roh_BELLY.jpg,0.04497683420777321
IMG-20250626-WA0020_BELLY.jpg,16,AT01_06_03_W_roh_BELLY.jpg,0.043630294501781464
IMG-20250626-WA0020_BELLY.jpg,17,A01_15_06_W_roh_BELLY.jpg,0.04300294071435928
IMG-20250626-WA0020_BELLY.jpg,18,IMG-20250910-WA0029_BELLY.jpg,0.042969778180122375
IMG-20250626-WA0020_BELLY.jpg,19,A08_06_10_M_roh_BELLY.jpg,0.042934007942676544
IMG-20250626-WA0020_BELLY.jpg,20,A01_06_01_SA_roh_BELLY.jpg,0.04254072159528732
IMG-20250626-WA0021_BELLY.jpg,1,A08_06_08_W_roh_BELLY.jpg,0.08274120092391968
IMG-20250626-WA0021_BELLY.jpg,2,A04_12_04_W_roh_BELLY.jpg,0.05920115485787392
IMG-20250626-WA0021_BELLY.jpg,3,IMG-20250626-WA0024_BELLY.jpg,0.05751613527536392
IMG-20250626-WA0021_BELLY.jpg,4,A05_21_01_W_roh_BELLY.jpg,0.0565907247364521
IMG-20250626-WA0021_BELLY.jpg,5,A08_06_05_SA_roh_BELLY.jpg,0.05407532677054405
IMG-20250626-WA0021_BELLY.jpg,6,A02_06_06_M_roh_BELLY.jpg,0.05275304988026619
IMG-20250626-WA0021_BELLY.jpg,7,A04_06_02_M_roh_BELLY.jpg,0.05075514689087868
IMG-20250626-WA0021_BELLY.jpg,8,A08_12_15_W_roh_BELLY.jpg,0.049999065697193146
IMG-20250626-WA0021_BELLY.jpg,9,A04_06_01_M_roh_BELLY.jpg,0.04718324914574623
IMG-20250626-WA0021_BELLY.jpg,10,A08_12_05_W_roh_BELLY.jpg,0.04682852700352669
IMG-20250626-WA0021_BELLY.jpg,11,AT01_06_03_W_roh_BELLY.jpg,0.04659150540828705
IMG-20250626-WA0021_BELLY.jpg,12,A08_06_02_SA_roh_BELLY.jpg,0.04497234895825386
IMG-20250626-WA0021_BELLY.jpg,13,A08_06_10_M_roh_BELLY.jpg,0.04361380636692047
IMG-20250626-WA0021_BELLY.jpg,14,A03_12_02_W_roh_BELLY.jpg,0.04332084581255913
IMG-20250626-WA0021_BELLY.jpg,15,A07_18_01_W_roh_BELLY.jpg,0.04311351850628853
IMG-20250626-WA0021_BELLY.jpg,16,A01_06_01_SA_roh_BELLY.jpg,0.041774120181798935
IMG-20250626-WA0021_BELLY.jpg,17,A02_06_03_M_roh_BELLY.jpg,0.04131109640002251
IMG-20250626-WA0021_BELLY.jpg,18,A04_12_02_M_roh_BELLY.jpg,0.0406283475458622
IMG-20250626-WA0021_BELLY.jpg,19,A08_12_13_W_roh_BELLY.jpg,0.04030654579401016
IMG-20250626-WA0021_BELLY.jpg,20,A03_12_03_M_roh_BELLY.jpg,0.03993568196892738
IMG-20250626-WA0022_BELLY.jpg,1,A08_06_08_W_roh_BELLY.jpg,0.0669117420911789
IMG-20250626-WA0022_BELLY.jpg,2,A08_06_05_SA_roh_BELLY.jpg,0.06229386478662491
IMG-20250626-WA0022_BELLY.jpg,3,A04_12_04_W_roh_BELLY.jpg,0.05180142819881439
IMG-20250626-WA0022_BELLY.jpg,4,A08_12_15_W_roh_BELLY.jpg,0.05173395946621895
IMG-20250626-WA0022_BELLY.jpg,5,A01_15_03_W_roh_BELLY.jpg,0.049177151173353195
IMG-20250626-WA0022_BELLY.jpg,6,AT01_06_03_W_roh_BELLY.jpg,0.04611379653215408
IMG-20250626-WA0022_BELLY.jpg,7,A08_18_17_W_roh_BELLY.jpg,0.04539717733860016
IMG-20250626-WA0022_BELLY.jpg,8,A08_15_04_M_roh_BELLY.jpg,0.04489666223526001
IMG-20250626-WA0022_BELLY.jpg,9,A08_18_04_W_roh_BELLY.jpg,0.04364295303821564
IMG-20250626-WA0022_BELLY.jpg,10,A08_15_14_W_roh_BELLY.jpg,0.0433785580098629
IMG-20250626-WA0022_BELLY.jpg,11,A08_06_02_SA_roh_BELLY.jpg,0.04326599836349487
IMG-20250626-WA0022_BELLY.jpg,12,A02_06_03_M_roh_BELLY.jpg,0.043240878731012344
IMG-20250626-WA0022_BELLY.jpg,13,A01_06_01_SA_roh_BELLY.jpg,0.04240371286869049
IMG-20250626-WA0022_BELLY.jpg,14,IMG-20250919-WA0009_BELLY.jpg,0.041905634105205536
IMG-20250626-WA0022_BELLY.jpg,15,A03_12_03_M_roh_BELLY.jpg,0.04162556305527687
IMG-20250626-WA0022_BELLY.jpg,16,A01_15_07_W_roh_BELLY.jpg,0.04138492792844772
IMG-20250626-WA0022_BELLY.jpg,17,A02_06_06_M_roh_BELLY.jpg,0.04135357588529587
IMG-20250626-WA0022_BELLY.jpg,18,A08_18_06_W_roh_BELLY.jpg,0.041263751685619354
IMG-20250626-WA0022_BELLY.jpg,19,AT01_03_02_W_roh_BELLY.jpg,0.04122160002589226
IMG-20250626-WA0022_BELLY.jpg,20,A05_21_01_W_roh_BELLY.jpg,0.04014414921402931
IMG-20250626-WA0024_BELLY.jpg,1,A08_06_08_W_roh_BELLY.jpg,0.07277422398328781
IMG-20250626-WA0024_BELLY.jpg,2,IMG-20250626-WA0021_BELLY.jpg,0.05751613527536392
IMG-20250626-WA0024_BELLY.jpg,3,IMG-20250910-WA0025_BELLY.jpg,0.056556664407253265
IMG-20250626-WA0024_BELLY.jpg,4,IMG-20250626-WA0013_BELLY.jpg,0.050599757581949234
IMG-20250626-WA0024_BELLY.jpg,5,A08_06_02_SA_roh_BELLY.jpg,0.04962923750281334
IMG-20250626-WA0024_BELLY.jpg,6,A08_06_05_SA_roh_BELLY.jpg,0.04884147644042969
IMG-20250626-WA0024_BELLY.jpg,7,A04_12_04_W_roh_BELLY.jpg,0.04840056598186493
IMG-20250626-WA0024_BELLY.jpg,8,AT01_06_03_W_roh_BELLY.jpg,0.04541170597076416
IMG-20250626-WA0024_BELLY.jpg,9,A05_21_01_W_roh_BELLY.jpg,0.04503689333796501
IMG-20250626-WA0024_BELLY.jpg,10,A02_06_03_M_roh_BELLY.jpg,0.044924743473529816
IMG-20250626-WA0024_BELLY.jpg,11,A01_06_01_SA_roh_BELLY.jpg,0.043866027146577835
IMG-20250626-WA0024_BELLY.jpg,12,A08_12_15_W_roh_BELLY.jpg,0.043291620910167694
IMG-20250626-WA0024_BELLY.jpg,13,A02_06_06_M_roh_BELLY.jpg,0.04278494417667389
IMG-20250626-WA0024_BELLY.jpg,14,A08_12_05_W_roh_BELLY.jpg,0.04241796210408211
IMG-20250626-WA0024_BELLY.jpg,15,A01_15_03_W_roh_BELLY.jpg,0.041425395756959915
IMG-20250626-WA0024_BELLY.jpg,16,A08_18_23_W_roh_BELLY.jpg,0.04015848785638809
IMG-20250626-WA0024_BELLY.jpg,17,AT01_03_02_W_roh_BELLY.jpg,0.03979656845331192
IMG-20250626-WA0024_BELLY.jpg,18,A08_15_14_W_roh_BELLY.jpg,0.039627790451049805
IMG-20250626-WA0024_BELLY.jpg,19,A04_06_01_M_roh_BELLY.jpg,0.03953651338815689
IMG-20250626-WA0024_BELLY.jpg,20,A08_06_10_M_roh_BELLY.jpg,0.03897574543952942
IMG-20250626-WA0025_BELLY.jpg,1,A08_06_08_W_roh_BELLY.jpg,0.0837690457701683
IMG-20250626-WA0025_BELLY.jpg,2,A04_12_04_W_roh_BELLY.jpg,0.0685679093003273
IMG-20250626-WA0025_BELLY.jpg,3,A08_12_15_W_roh_BELLY.jpg,0.06243852898478508
IMG-20250626-WA0025_BELLY.jpg,4,A05_21_01_W_roh_BELLY.jpg,0.05953815579414368
IMG-20250626-WA0025_BELLY.jpg,5,A02_06_06_M_roh_BELLY.jpg,0.0571354478597641
IMG-20250626-WA0025_BELLY.jpg,6,A03_12_03_M_roh_BELLY.jpg,0.057130198925733566
IMG-20250626-WA0025_BELLY.jpg,7,A02_06_07_M_roh_BELLY.jpg,0.05440201610326767
IMG-20250626-WA0025_BELLY.jpg,8,A06_18_04_W_roh_BELLY.jpg,0.053396519273519516
IMG-20250626-WA0025_BELLY.jpg,9,A08_06_02_SA_roh_BELLY.jpg,0.05231568589806557
IMG-20250626-WA0025_BELLY.jpg,10,A08_06_10_M_roh_BELLY.jpg,0.05165916308760643
IMG-20250626-WA0025_BELLY.jpg,11,A08_18_04_W_roh_BELLY.jpg,0.050432972609996796
IMG-20250626-WA0025_BELLY.jpg,12,IMG_20250501_132350_BELLY.jpg,0.04954196512699127
IMG-20250626-WA0025_BELLY.jpg,13,A08_18_23_W_roh_BELLY.jpg,0.04915395751595497
IMG-20250626-WA0025_BELLY.jpg,14,A02_06_03_M_roh_BELLY.jpg,0.048628274351358414
IMG-20250626-WA0025_BELLY.jpg,15,A08_15_04_M_roh_BELLY.jpg,0.048256706446409225
IMG-20250626-WA0025_BELLY.jpg,16,IMG-20250910-WA0022_BELLY.jpg,0.047702230513095856
IMG-20250626-WA0025_BELLY.jpg,17,A04_15_06_M_roh_BELLY.jpg,0.04738248884677887
IMG-20250626-WA0025_BELLY.jpg,18,A08_06_05_SA_roh_BELLY.jpg,0.047084201127290726
IMG-20250626-WA0025_BELLY.jpg,19,A08_18_09_M_roh_BELLY.jpg,0.04694763571023941
IMG-20250626-WA0025_BELLY.jpg,20,A08_15_07_W_roh_BELLY.jpg,0.0466904491186142
IMG-20250717-WA0009_BELLY.jpg,1,A08_06_08_W_roh_BELLY.jpg,0.05597037822008133
IMG-20250717-WA0009_BELLY.jpg,2,A04_12_04_W_roh_BELLY.jpg,0.05565913766622543
IMG-20250717-WA0009_BELLY.jpg,3,A05_21_01_W_roh_BELLY.jpg,0.05492242053151131
IMG-20250717-WA0009_BELLY.jpg,4,AT01_06_03_W_roh_BELLY.jpg,0.05364246293902397
IMG-20250717-WA0009_BELLY.jpg,5,A02_06_03_M_roh_BELLY.jpg,0.045863326638936996
IMG-20250717-WA0009_BELLY.jpg,6,A04_06_01_M_roh_BELLY.jpg,0.04581564664840698
IMG-20250717-WA0009_BELLY.jpg,7,A08_12_15_W_roh_BELLY.jpg,0.04517450928688049
IMG-20250717-WA0009_BELLY.jpg,8,A08_06_02_SA_roh_BELLY.jpg,0.04453739523887634
IMG-20250717-WA0009_BELLY.jpg,9,A08_18_04_W_roh_BELLY.jpg,0.04419269785284996
IMG-20250717-WA0009_BELLY.jpg,10,A02_06_06_M_roh_BELLY.jpg,0.043700579553842545
IMG-20250717-WA0009_BELLY.jpg,11,A04_06_02_M_roh_BELLY.jpg,0.04213189333677292
IMG-20250717-WA0009_BELLY.jpg,12,A08_06_05_SA_roh_BELLY.jpg,0.04156016930937767
IMG-20250717-WA0009_BELLY.jpg,13,A01_06_01_SA_roh_BELLY.jpg,0.04055063799023628
IMG-20250717-WA0009_BELLY.jpg,14,A08_12_05_W_roh_BELLY.jpg,0.04004650190472603
IMG-20250717-WA0009_BELLY.jpg,15,A08_18_17_W_roh_BELLY.jpg,0.03930024057626724
IMG-20250717-WA0009_BELLY.jpg,16,A01_15_03_W_roh_BELLY.jpg,0.038237567991018295
IMG-20250717-WA0009_BELLY.jpg,17,A08_15_05_M_roh_BELLY.jpg,0.03785458207130432
IMG-20250717-WA0009_BELLY.jpg,18,A08_12_13_W_roh_BELLY.jpg,0.03758750855922699
IMG-20250717-WA0009_BELLY.jpg,19,A08_06_10_M_roh_BELLY.jpg,0.03733828663825989
IMG-20250717-WA0009_BELLY.jpg,20,A08_18_20_W_roh_BELLY.jpg,0.03698144853115082
IMG-20250717-WA0011_BELLY.jpg,1,A08_06_08_W_roh_BELLY.jpg,0.08483632653951645
IMG-20250717-WA0011_BELLY.jpg,2,A05_21_01_W_roh_BELLY.jpg,0.06669300049543381
IMG-20250717-WA0011_BELLY.jpg,3,A08_06_05_SA_roh_BELLY.jpg,0.05904644727706909
IMG-20250717-WA0011_BELLY.jpg,4,AT01_06_03_W_roh_BELLY.jpg,0.05561801418662071
IMG-20250717-WA0011_BELLY.jpg,5,A08_12_15_W_roh_BELLY.jpg,0.054553717374801636
IMG-20250717-WA0011_BELLY.jpg,6,A02_06_07_M_roh_BELLY.jpg,0.049568235874176025
IMG-20250717-WA0011_BELLY.jpg,7,A02_06_03_M_roh_BELLY.jpg,0.048787523061037064
IMG-20250717-WA0011_BELLY.jpg,8,A08_06_02_SA_roh_BELLY.jpg,0.047876663506031036
IMG-20250717-WA0011_BELLY.jpg,9,A04_06_01_M_roh_BELLY.jpg,0.04456019029021263
IMG-20250717-WA0011_BELLY.jpg,10,A08_18_13_W_roh_BELLY.jpg,0.04359623044729233
IMG-20250717-WA0011_BELLY.jpg,11,A02_06_06_M_roh_BELLY.jpg,0.04327010735869408
IMG-20250717-WA0011_BELLY.jpg,12,A08_12_13_W_roh_BELLY.jpg,0.043182794004678726
IMG-20250717-WA0011_BELLY.jpg,13,A08_18_17_W_roh_BELLY.jpg,0.0426289439201355
IMG-20250717-WA0011_BELLY.jpg,14,A04_12_02_M_roh_BELLY.jpg,0.0421619787812233
IMG-20250717-WA0011_BELLY.jpg,15,A04_12_04_W_roh_BELLY.jpg,0.04181953892111778
IMG-20250717-WA0011_BELLY.jpg,16,A01_06_01_SA_roh_BELLY.jpg,0.04055100306868553
IMG-20250717-WA0011_BELLY.jpg,17,A01_05_03_W_roh_BELLY.jpg,0.04037850350141525
IMG-20250717-WA0011_BELLY.jpg,18,A08_12_05_W_roh_BELLY.jpg,0.040349122136831284
IMG-20250717-WA0011_BELLY.jpg,19,A03_12_02_W_roh_BELLY.jpg,0.03980220854282379
IMG-20250717-WA0011_BELLY.jpg,20,A01_18_14_W_roh_BELLY.jpg,0.03978261351585388
IMG-20250717-WA0012_BELLY.jpg,1,A08_06_08_W_roh_BELLY.jpg,0.08110783249139786
IMG-20250717-WA0012_BELLY.jpg,2,A05_21_01_W_roh_BELLY.jpg,0.07562088221311569
IMG-20250717-WA0012_BELLY.jpg,3,A04_12_04_W_roh_BELLY.jpg,0.06687407940626144
IMG-20250717-WA0012_BELLY.jpg,4,A08_06_05_SA_roh_BELLY.jpg,0.06386807560920715
IMG-20250717-WA0012_BELLY.jpg,5,AT01_06_03_W_roh_BELLY.jpg,0.0628681629896164
IMG-20250717-WA0012_BELLY.jpg,6,A08_06_02_SA_roh_BELLY.jpg,0.06069440022110939
IMG-20250717-WA0012_BELLY.jpg,7,A02_06_03_M_roh_BELLY.jpg,0.06014957278966904
IMG-20250717-WA0012_BELLY.jpg,8,A01_18_14_W_roh_BELLY.jpg,0.057509008795022964
IMG-20250717-WA0012_BELLY.jpg,9,A04_06_02_M_roh_BELLY.jpg,0.056757230311632156
IMG-20250717-WA0012_BELLY.jpg,10,A02_06_06_M_roh_BELLY.jpg,0.052994079887866974
IMG-20250717-WA0012_BELLY.jpg,11,A04_06_01_M_roh_BELLY.jpg,0.051818158477544785
IMG-20250717-WA0012_BELLY.jpg,12,A01_06_01_SA_roh_BELLY.jpg,0.05169210582971573
IMG-20250717-WA0012_BELLY.jpg,13,A08_12_13_W_roh_BELLY.jpg,0.050464268773794174
IMG-20250717-WA0012_BELLY.jpg,14,A08_12_15_W_roh_BELLY.jpg,0.04981902614235878
IMG-20250717-WA0012_BELLY.jpg,15,A08_18_17_W_roh_BELLY.jpg,0.04961433261632919
IMG-20250717-WA0012_BELLY.jpg,16,A03_12_03_M_roh_BELLY.jpg,0.04941743239760399
IMG-20250717-WA0012_BELLY.jpg,17,A08_18_22_W_roh_BELLY.jpg,0.047999732196331024
IMG-20250717-WA0012_BELLY.jpg,18,A08_12_05_W_roh_BELLY.jpg,0.04731322079896927
IMG-20250717-WA0012_BELLY.jpg,19,A08_15_14_W_roh_BELLY.jpg,0.046766240149736404
IMG-20250717-WA0012_BELLY.jpg,20,AT01_03_02_W_roh_BELLY.jpg,0.04569437354803085
IMG-20250717-WA0013_BELLY.jpg,1,A08_06_08_W_roh_BELLY.jpg,0.05858583375811577
IMG-20250717-WA0013_BELLY.jpg,2,A04_12_04_W_roh_BELLY.jpg,0.04908663034439087
IMG-20250717-WA0013_BELLY.jpg,3,A08_12_15_W_roh_BELLY.jpg,0.042433962225914
IMG-20250717-WA0013_BELLY.jpg,4,A02_06_03_M_roh_BELLY.jpg,0.041705936193466187
IMG-20250717-WA0013_BELLY.jpg,5,A08_06_05_SA_roh_BELLY.jpg,0.04106294363737106
IMG-20250717-WA0013_BELLY.jpg,6,A03_12_03_M_roh_BELLY.jpg,0.040975067764520645
IMG-20250717-WA0013_BELLY.jpg,7,A02_06_06_M_roh_BELLY.jpg,0.04092913866043091
IMG-20250717-WA0013_BELLY.jpg,8,A05_21_01_W_roh_BELLY.jpg,0.03963647037744522
IMG-20250717-WA0013_BELLY.jpg,9,A01_18_14_W_roh_BELLY.jpg,0.03897859528660774
IMG-20250717-WA0013_BELLY.jpg,10,A01_15_03_W_roh_BELLY.jpg,0.03797090798616409
IMG-20250717-WA0013_BELLY.jpg,11,A03_12_02_W_roh_BELLY.jpg,0.03792818635702133
IMG-20250717-WA0013_BELLY.jpg,12,A08_18_04_W_roh_BELLY.jpg,0.03754616528749466
IMG-20250717-WA0013_BELLY.jpg,13,A02_06_07_M_roh_BELLY.jpg,0.03750619292259216
IMG-20250717-WA0013_BELLY.jpg,14,A04_06_01_M_roh_BELLY.jpg,0.037133313715457916
IMG-20250717-WA0013_BELLY.jpg,15,A04_06_02_M_roh_BELLY.jpg,0.036261193454265594
IMG-20250717-WA0013_BELLY.jpg,16,IMG_20250807_105223_BELLY.jpg,0.03585660830140114
IMG-20250717-WA0013_BELLY.jpg,17,A08_06_02_SA_roh_BELLY.jpg,0.0357646606862545
IMG-20250717-WA0013_BELLY.jpg,18,IMG-20250910-WA0025_BELLY.jpg,0.03573233634233475
IMG-20250717-WA0013_BELLY.jpg,19,A08_18_17_W_roh_BELLY.jpg,0.035644035786390305
IMG-20250717-WA0013_BELLY.jpg,20,A01_06_01_SA_roh_BELLY.jpg,0.03379174694418907
IMG-20250717-WA0017_BELLY.jpg,1,A08_06_08_W_roh_BELLY.jpg,0.06716404855251312
IMG-20250717-WA0017_BELLY.jpg,2,A05_21_01_W_roh_BELLY.jpg,0.06600771099328995
IMG-20250717-WA0017_BELLY.jpg,3,A04_06_01_M_roh_BELLY.jpg,0.06388624012470245
IMG-20250717-WA0017_BELLY.jpg,4,A08_06_05_SA_roh_BELLY.jpg,0.05645151063799858
IMG-20250717-WA0017_BELLY.jpg,5,A04_12_04_W_roh_BELLY.jpg,0.05565885081887245
IMG-20250717-WA0017_BELLY.jpg,6,A08_06_02_SA_roh_BELLY.jpg,0.05507901310920715
IMG-20250717-WA0017_BELLY.jpg,7,A01_06_01_SA_roh_BELLY.jpg,0.05251949280500412
IMG-20250717-WA0017_BELLY.jpg,8,A04_06_02_M_roh_BELLY.jpg,0.05225784704089165
IMG-20250717-WA0017_BELLY.jpg,9,A08_12_15_W_roh_BELLY.jpg,0.051970627158880234
IMG-20250717-WA0017_BELLY.jpg,10,AT01_06_03_W_roh_BELLY.jpg,0.05096302926540375
IMG-20250717-WA0017_BELLY.jpg,11,A02_06_03_M_roh_BELLY.jpg,0.049151111394166946
IMG-20250717-WA0017_BELLY.jpg,12,A08_18_17_W_roh_BELLY.jpg,0.04744010046124458
IMG-20250717-WA0017_BELLY.jpg,13,A02_06_06_M_roh_BELLY.jpg,0.047123029828071594
IMG-20250717-WA0017_BELLY.jpg,14,A03_12_03_M_roh_BELLY.jpg,0.04341783747076988
IMG-20250717-WA0017_BELLY.jpg,15,A01_18_14_W_roh_BELLY.jpg,0.04091869294643402
IMG-20250717-WA0017_BELLY.jpg,16,A03_12_02_W_roh_BELLY.jpg,0.039931878447532654
IMG-20250717-WA0017_BELLY.jpg,17,A01_15_03_W_roh_BELLY.jpg,0.03905557096004486
IMG-20250717-WA0017_BELLY.jpg,18,A04_12_02_M_roh_BELLY.jpg,0.03898097202181816
IMG-20250717-WA0017_BELLY.jpg,19,A06_14_02_W_roh_BELLY.jpg,0.03835372254252434
IMG-20250717-WA0017_BELLY.jpg,20,A08_12_13_W_roh_BELLY.jpg,0.03760245069861412
IMG-20250829-WA0013_BELLY.jpg,1,A08_06_08_W_roh_BELLY.jpg,0.0742313489317894
IMG-20250829-WA0013_BELLY.jpg,2,A02_06_06_M_roh_BELLY.jpg,0.06427780538797379
IMG-20250829-WA0013_BELLY.jpg,3,A05_21_01_W_roh_BELLY.jpg,0.06327001750469208
IMG-20250829-WA0013_BELLY.jpg,4,A04_06_01_M_roh_BELLY.jpg,0.06197869032621384
IMG-20250829-WA0013_BELLY.jpg,5,A08_06_05_SA_roh_BELLY.jpg,0.06145688518881798
IMG-20250829-WA0013_BELLY.jpg,6,A08_12_15_W_roh_BELLY.jpg,0.0559004507958889
IMG-20250829-WA0013_BELLY.jpg,7,A01_06_01_SA_roh_BELLY.jpg,0.055698271840810776
IMG-20250829-WA0013_BELLY.jpg,8,A04_06_02_M_roh_BELLY.jpg,0.0541803352534771
IMG-20250829-WA0013_BELLY.jpg,9,A02_06_03_M_roh_BELLY.jpg,0.05350751057267189
IMG-20250829-WA0013_BELLY.jpg,10,A04_12_04_W_roh_BELLY.jpg,0.05272786691784859
IMG-20250829-WA0013_BELLY.jpg,11,A03_12_03_M_roh_BELLY.jpg,0.05006192997097969
IMG-20250829-WA0013_BELLY.jpg,12,A08_18_17_W_roh_BELLY.jpg,0.04927347972989082
IMG-20250829-WA0013_BELLY.jpg,13,A08_06_02_SA_roh_BELLY.jpg,0.04897698760032654
IMG-20250829-WA0013_BELLY.jpg,14,AT01_06_03_W_roh_BELLY.jpg,0.04891044646501541
IMG-20250829-WA0013_BELLY.jpg,15,A08_12_13_W_roh_BELLY.jpg,0.04853525012731552
IMG-20250829-WA0013_BELLY.jpg,16,A01_15_03_W_roh_BELLY.jpg,0.043699491769075394
IMG-20250829-WA0013_BELLY.jpg,17,A04_15_03_M_roh_BELLY.jpg,0.04295898228883743
IMG-20250829-WA0013_BELLY.jpg,18,A01_18_14_W_roh_BELLY.jpg,0.04287078231573105
IMG-20250829-WA0013_BELLY.jpg,19,A08_15_04_M_roh_BELLY.jpg,0.042482271790504456
IMG-20250829-WA0013_BELLY.jpg,20,A07_18_01_W_roh_BELLY.jpg,0.04124997928738594
IMG-20250829-WA0015_BELLY.jpg,1,A08_06_08_W_roh_BELLY.jpg,0.07329749315977097
IMG-20250829-WA0015_BELLY.jpg,2,A05_21_01_W_roh_BELLY.jpg,0.06407592445611954
IMG-20250829-WA0015_BELLY.jpg,3,A08_06_02_SA_roh_BELLY.jpg,0.06078337877988815
IMG-20250829-WA0015_BELLY.jpg,4,AT01_06_03_W_roh_BELLY.jpg,0.058626070618629456
IMG-20250829-WA0015_BELLY.jpg,5,A08_12_15_W_roh_BELLY.jpg,0.058122407644987106
IMG-20250829-WA0015_BELLY.jpg,6,A04_06_02_M_roh_BELLY.jpg,0.057635143399238586
IMG-20250829-WA0015_BELLY.jpg,7,A08_06_10_M_roh_BELLY.jpg,0.052856236696243286
IMG-20250829-WA0015_BELLY.jpg,8,A03_12_03_M_roh_BELLY.jpg,0.05195175111293793
IMG-20250829-WA0015_BELLY.jpg,9,A04_12_04_W_roh_BELLY.jpg,0.05142567679286003
IMG-20250829-WA0015_BELLY.jpg,10,A02_06_07_M_roh_BELLY.jpg,0.05071774497628212
IMG-20250829-WA0015_BELLY.jpg,11,A01_06_01_SA_roh_BELLY.jpg,0.04873622953891754
IMG-20250829-WA0015_BELLY.jpg,12,A08_06_05_SA_roh_BELLY.jpg,0.048699114471673965
IMG-20250829-WA0015_BELLY.jpg,13,IMG-20250910-WA0025_BELLY.jpg,0.04695436358451843
IMG-20250829-WA0015_BELLY.jpg,14,A04_03_01_W_roh_BELLY.jpg,0.045671701431274414
IMG-20250829-WA0015_BELLY.jpg,15,A06_14_02_W_roh_BELLY.jpg,0.045359231531620026
IMG-20250829-WA0015_BELLY.jpg,16,A08_12_13_W_roh_BELLY.jpg,0.04525960609316826
IMG-20250829-WA0015_BELLY.jpg,17,A08_18_04_W_roh_BELLY.jpg,0.04500434175133705
IMG-20250829-WA0015_BELLY.jpg,18,A01_15_03_W_roh_BELLY.jpg,0.044985536485910416
IMG-20250829-WA0015_BELLY.jpg,19,A08_18_22_W_roh_BELLY.jpg,0.04456733912229538
IMG-20250829-WA0015_BELLY.jpg,20,A08_15_14_W_roh_BELLY.jpg,0.04381018877029419
IMG-20250829-WA0018_BELLY.jpg,1,A08_06_08_W_roh_BELLY.jpg,0.07835806161165237
IMG-20250829-WA0018_BELLY.jpg,2,A08_06_02_SA_roh_BELLY.jpg,0.06425957381725311
IMG-20250829-WA0018_BELLY.jpg,3,A04_06_01_M_roh_BELLY.jpg,0.06388663500547409
IMG-20250829-WA0018_BELLY.jpg,4,A04_12_04_W_roh_BELLY.jpg,0.06074208766222
IMG-20250829-WA0018_BELLY.jpg,5,A01_06_01_SA_roh_BELLY.jpg,0.06030812859535217
IMG-20250829-WA0018_BELLY.jpg,6,A02_06_06_M_roh_BELLY.jpg,0.05562780424952507
IMG-20250829-WA0018_BELLY.jpg,7,AT01_06_03_W_roh_BELLY.jpg,0.055047109723091125
IMG-20250829-WA0018_BELLY.jpg,8,A01_15_03_W_roh_BELLY.jpg,0.0487721748650074
IMG-20250829-WA0018_BELLY.jpg,9,A08_06_05_SA_roh_BELLY.jpg,0.04760424792766571
IMG-20250829-WA0018_BELLY.jpg,10,A04_06_02_M_roh_BELLY.jpg,0.04710477590560913
IMG-20250829-WA0018_BELLY.jpg,11,A05_21_01_W_roh_BELLY.jpg,0.04698886722326279
IMG-20250829-WA0018_BELLY.jpg,12,A08_18_19_W_roh_BELLY.jpg,0.04536006227135658
IMG-20250829-WA0018_BELLY.jpg,13,A06_18_04_W_roh_BELLY.jpg,0.044985897839069366
IMG-20250829-WA0018_BELLY.jpg,14,A01_15_01_W_roh_BELLY.jpg,0.044783759862184525
IMG-20250829-WA0018_BELLY.jpg,15,A08_12_05_W_roh_BELLY.jpg,0.04460810497403145
IMG-20250829-WA0018_BELLY.jpg,16,A08_12_15_W_roh_BELLY.jpg,0.04396044462919235
IMG-20250829-WA0018_BELLY.jpg,17,A02_06_03_M_roh_BELLY.jpg,0.043627940118312836
IMG-20250829-WA0018_BELLY.jpg,18,A08_18_17_W_roh_BELLY.jpg,0.04330699145793915
IMG-20250829-WA0018_BELLY.jpg,19,A08_18_04_W_roh_BELLY.jpg,0.04134798422455788
IMG-20250829-WA0018_BELLY.jpg,20,A01_18_14_W_roh_BELLY.jpg,0.04133445769548416
IMG-20250829-WA0020_BELLY.jpg,1,A08_06_08_W_roh_BELLY.jpg,0.09365669637918472
IMG-20250829-WA0020_BELLY.jpg,2,A05_21_01_W_roh_BELLY.jpg,0.0707385316491127
IMG-20250829-WA0020_BELLY.jpg,3,A01_06_01_SA_roh_BELLY.jpg,0.06787121295928955
IMG-20250829-WA0020_BELLY.jpg,4,A08_06_10_M_roh_BELLY.jpg,0.06711923331022263
IMG-20250829-WA0020_BELLY.jpg,5,A04_06_02_M_roh_BELLY.jpg,0.06597501039505005
IMG-20250829-WA0020_BELLY.jpg,6,A08_06_05_SA_roh_BELLY.jpg,0.0658607929944992
IMG-20250829-WA0020_BELLY.jpg,7,A02_06_06_M_roh_BELLY.jpg,0.065144382417202
IMG-20250829-WA0020_BELLY.jpg,8,A04_12_04_W_roh_BELLY.jpg,0.06402790546417236
IMG-20250829-WA0020_BELLY.jpg,9,A08_06_02_SA_roh_BELLY.jpg,0.05924437195062637
IMG-20250829-WA0020_BELLY.jpg,10,A05_18_04_W_roh_BELLY.jpg,0.05569237470626831
IMG-20250829-WA0020_BELLY.jpg,11,AT01_06_03_W_roh_BELLY.jpg,0.05504747852683067
IMG-20250829-WA0020_BELLY.jpg,12,A02_06_03_M_roh_BELLY.jpg,0.054908957332372665
IMG-20250829-WA0020_BELLY.jpg,13,A08_18_04_W_roh_BELLY.jpg,0.05143367126584053
IMG-20250829-WA0020_BELLY.jpg,14,A06_18_04_W_roh_BELLY.jpg,0.048385705798864365
IMG-20250829-WA0020_BELLY.jpg,15,A08_18_12_W_roh_BELLY.jpg,0.04796240106225014
IMG-20250829-WA0020_BELLY.jpg,16,A04_12_02_M_roh_BELLY.jpg,0.04777435213327408
IMG-20250829-WA0020_BELLY.jpg,17,A08_12_05_W_roh_BELLY.jpg,0.047313392162323
IMG-20250829-WA0020_BELLY.jpg,18,A03_12_02_W_roh_BELLY.jpg,0.04728787764906883
IMG-20250829-WA0020_BELLY.jpg,19,A04_06_01_M_roh_BELLY.jpg,0.04709785431623459
IMG-20250829-WA0020_BELLY.jpg,20,A08_18_06_W_roh_BELLY.jpg,0.04650859534740448
IMG-20250829-WA0022_BELLY.jpg,1,A01_06_01_SA_roh_BELLY.jpg,0.0676816925406456
IMG-20250829-WA0022_BELLY.jpg,2,A08_06_08_W_roh_BELLY.jpg,0.0653238594532013
IMG-20250829-WA0022_BELLY.jpg,3,A05_21_01_W_roh_BELLY.jpg,0.06369148194789886
IMG-20250829-WA0022_BELLY.jpg,4,AT01_06_03_W_roh_BELLY.jpg,0.06218237802386284
IMG-20250829-WA0022_BELLY.jpg,5,A04_06_01_M_roh_BELLY.jpg,0.0620158314704895
IMG-20250829-WA0022_BELLY.jpg,6,A04_12_04_W_roh_BELLY.jpg,0.0592784658074379
IMG-20250829-WA0022_BELLY.jpg,7,A08_06_05_SA_roh_BELLY.jpg,0.05748778209090233
IMG-20250829-WA0022_BELLY.jpg,8,A08_12_15_W_roh_BELLY.jpg,0.05627277493476868
IMG-20250829-WA0022_BELLY.jpg,9,A04_06_02_M_roh_BELLY.jpg,0.05617555230855942
IMG-20250829-WA0022_BELLY.jpg,10,A02_06_06_M_roh_BELLY.jpg,0.053741779178380966
IMG-20250829-WA0022_BELLY.jpg,11,A07_18_01_W_roh_BELLY.jpg,0.052564654499292374
IMG-20250829-WA0022_BELLY.jpg,12,A08_18_04_W_roh_BELLY.jpg,0.050506267696619034
IMG-20250829-WA0022_BELLY.jpg,13,A08_06_02_SA_roh_BELLY.jpg,0.05015741288661957
IMG-20250829-WA0022_BELLY.jpg,14,A01_18_14_W_roh_BELLY.jpg,0.049805134534835815
IMG-20250829-WA0022_BELLY.jpg,15,A01_15_03_W_roh_BELLY.jpg,0.04567250609397888
IMG-20250829-WA0022_BELLY.jpg,16,A08_12_05_W_roh_BELLY.jpg,0.045457471162080765
IMG-20250829-WA0022_BELLY.jpg,17,A02_06_03_M_roh_BELLY.jpg,0.044342685490846634
IMG-20250829-WA0022_BELLY.jpg,18,A08_18_17_W_roh_BELLY.jpg,0.04375565052032471
IMG-20250829-WA0022_BELLY.jpg,19,A04_15_03_M_roh_BELLY.jpg,0.04222441092133522
IMG-20250829-WA0022_BELLY.jpg,20,A08_18_19_W_roh_BELLY.jpg,0.041995059698820114
IMG-20250829-WA0024_BELLY.jpg,1,A08_06_08_W_roh_BELLY.jpg,0.055102646350860596
IMG-20250829-WA0024_BELLY.jpg,2,A08_06_05_SA_roh_BELLY.jpg,0.05364425852894783
IMG-20250829-WA0024_BELLY.jpg,3,A03_12_03_M_roh_BELLY.jpg,0.053525056689977646
IMG-20250829-WA0024_BELLY.jpg,4,A04_12_04_W_roh_BELLY.jpg,0.05327442288398743
IMG-20250829-WA0024_BELLY.jpg,5,A01_06_01_SA_roh_BELLY.jpg,0.05075933784246445
IMG-20250829-WA0024_BELLY.jpg,6,A08_12_15_W_roh_BELLY.jpg,0.04981928691267967
IMG-20250829-WA0024_BELLY.jpg,7,AT01_06_03_W_roh_BELLY.jpg,0.048779845237731934
IMG-20250829-WA0024_BELLY.jpg,8,IMG_20250515_114220_BELLY.jpg,0.04789157956838608
IMG-20250829-WA0024_BELLY.jpg,9,A08_12_05_W_roh_BELLY.jpg,0.046466656029224396
IMG-20250829-WA0024_BELLY.jpg,10,A02_06_06_M_roh_BELLY.jpg,0.045784857124090195
IMG-20250829-WA0024_BELLY.jpg,11,A08_06_02_SA_roh_BELLY.jpg,0.044537562876939774
IMG-20250829-WA0024_BELLY.jpg,12,A04_06_01_M_roh_BELLY.jpg,0.04396989941596985
IMG-20250829-WA0024_BELLY.jpg,13,A05_21_01_W_roh_BELLY.jpg,0.04391548037528992
IMG-20250829-WA0024_BELLY.jpg,14,A04_06_02_M_roh_BELLY.jpg,0.0423048660159111
IMG-20250829-WA0024_BELLY.jpg,15,A06_18_04_W_roh_BELLY.jpg,0.04221464321017265
IMG-20250829-WA0024_BELLY.jpg,16,IMG-20250910-WA0025_BELLY.jpg,0.04074084758758545
IMG-20250829-WA0024_BELLY.jpg,17,A02_06_03_M_roh_BELLY.jpg,0.03882654011249542
IMG-20250829-WA0024_BELLY.jpg,18,A01_18_14_W_roh_BELLY.jpg,0.03872133046388626
IMG-20250829-WA0024_BELLY.jpg,19,A08_18_17_W_roh_BELLY.jpg,0.03780943527817726
IMG-20250829-WA0024_BELLY.jpg,20,A08_18_04_W_roh_BELLY.jpg,0.03744581341743469
IMG-20250910-WA0014_BELLY.jpg,1,A08_06_08_W_roh_BELLY.jpg,0.07183179259300232
IMG-20250910-WA0014_BELLY.jpg,2,IMG-20250910-WA0025_BELLY.jpg,0.06825840473175049
IMG-20250910-WA0014_BELLY.jpg,3,A08_06_05_SA_roh_BELLY.jpg,0.06720388680696487
IMG-20250910-WA0014_BELLY.jpg,4,A08_06_10_M_roh_BELLY.jpg,0.06204991415143013
IMG-20250910-WA0014_BELLY.jpg,5,A01_15_03_W_roh_BELLY.jpg,0.06055401638150215
IMG-20250910-WA0014_BELLY.jpg,6,A02_06_03_M_roh_BELLY.jpg,0.05735064670443535
IMG-20250910-WA0014_BELLY.jpg,7,A01_06_01_SA_roh_BELLY.jpg,0.05666288733482361
IMG-20250910-WA0014_BELLY.jpg,8,AT01_06_03_W_roh_BELLY.jpg,0.05246606469154358
IMG-20250910-WA0014_BELLY.jpg,9,A01_15_01_W_roh_BELLY.jpg,0.05237174779176712
IMG-20250910-WA0014_BELLY.jpg,10,AT01_03_02_W_roh_BELLY.jpg,0.052335869520902634
IMG-20250910-WA0014_BELLY.jpg,11,A08_15_05_M_roh_BELLY.jpg,0.05228513479232788
IMG-20250910-WA0014_BELLY.jpg,12,A02_06_06_M_roh_BELLY.jpg,0.05202464014291763
IMG-20250910-WA0014_BELLY.jpg,13,A02_08_05_M_roh_BELLY.jpg,0.05199282988905907
IMG-20250910-WA0014_BELLY.jpg,14,A08_18_17_W_roh_BELLY.jpg,0.05167433246970177
IMG-20250910-WA0014_BELLY.jpg,15,A04_12_04_W_roh_BELLY.jpg,0.050676535815000534
IMG-20250910-WA0014_BELLY.jpg,16,A01_17_01_W_roh_BELLY.jpg,0.050548553466796875
IMG-20250910-WA0014_BELLY.jpg,17,A08_12_15_W_roh_BELLY.jpg,0.05000923573970795
IMG-20250910-WA0014_BELLY.jpg,18,A04_06_01_M_roh_BELLY.jpg,0.049904219806194305
IMG-20250910-WA0014_BELLY.jpg,19,A08_18_12_W_roh_BELLY.jpg,0.04968985915184021
IMG-20250910-WA0014_BELLY.jpg,20,A08_12_05_W_roh_BELLY.jpg,0.049361709505319595
IMG-20250910-WA0015_BELLY.jpg,1,A08_06_08_W_roh_BELLY.jpg,0.06521402299404144
IMG-20250910-WA0015_BELLY.jpg,2,A05_21_01_W_roh_BELLY.jpg,0.05940777063369751
IMG-20250910-WA0015_BELLY.jpg,3,A02_06_06_M_roh_BELLY.jpg,0.05118667334318161
IMG-20250910-WA0015_BELLY.jpg,4,A03_12_03_M_roh_BELLY.jpg,0.0510859340429306
IMG-20250910-WA0015_BELLY.jpg,5,A04_15_06_M_roh_BELLY.jpg,0.05105523020029068
IMG-20250910-WA0015_BELLY.jpg,6,A08_06_05_SA_roh_BELLY.jpg,0.04488223046064377
IMG-20250910-WA0015_BELLY.jpg,7,A04_15_05_W_roh_BELLY.jpg,0.04355736821889877
IMG-20250910-WA0015_BELLY.jpg,8,IMG-20250910-WA0027_BELLY.jpg,0.043030377477407455
IMG-20250910-WA0015_BELLY.jpg,9,A08_06_02_SA_roh_BELLY.jpg,0.04242587462067604
IMG-20250910-WA0015_BELLY.jpg,10,A08_18_04_W_roh_BELLY.jpg,0.04225681722164154
IMG-20250910-WA0015_BELLY.jpg,11,A08_12_15_W_roh_BELLY.jpg,0.04212547838687897
IMG-20250910-WA0015_BELLY.jpg,12,A02_06_03_M_roh_BELLY.jpg,0.04158145561814308
IMG-20250910-WA0015_BELLY.jpg,13,A04_12_04_W_roh_BELLY.jpg,0.04095250368118286
IMG-20250910-WA0015_BELLY.jpg,14,IMG-20250607-WA0006_BELLY.jpg,0.04037828743457794
IMG-20250910-WA0015_BELLY.jpg,15,A08_18_17_W_roh_BELLY.jpg,0.039959050714969635
IMG-20250910-WA0015_BELLY.jpg,16,A04_06_01_M_roh_BELLY.jpg,0.03984043747186661
IMG-20250910-WA0015_BELLY.jpg,17,A08_18_06_W_roh_BELLY.jpg,0.03836726024746895
IMG-20250910-WA0015_BELLY.jpg,18,A08_06_10_M_roh_BELLY.jpg,0.038283199071884155
IMG-20250910-WA0015_BELLY.jpg,19,A01_12_01_M_roh_BELLY.jpg,0.03790935128927231
IMG-20250910-WA0015_BELLY.jpg,20,A02_06_07_M_roh_BELLY.jpg,0.03755316883325577
IMG-20250910-WA0016_BELLY.jpg,1,A08_06_08_W_roh_BELLY.jpg,0.06117650121450424
IMG-20250910-WA0016_BELLY.jpg,2,A02_06_03_M_roh_BELLY.jpg,0.055353548377752304
IMG-20250910-WA0016_BELLY.jpg,3,A05_21_01_W_roh_BELLY.jpg,0.05316253378987312
IMG-20250910-WA0016_BELLY.jpg,4,IMG-20250626-WA0004_BELLY.jpg,0.05167488381266594
IMG-20250910-WA0016_BELLY.jpg,5,IMG-20250910-WA0023_BELLY.jpg,0.050671983510255814
IMG-20250910-WA0016_BELLY.jpg,6,A08_12_15_W_roh_BELLY.jpg,0.04973571002483368
IMG-20250910-WA0016_BELLY.jpg,7,AT01_06_03_W_roh_BELLY.jpg,0.04964185506105423
IMG-20250910-WA0016_BELLY.jpg,8,A01_06_01_SA_roh_BELLY.jpg,0.04649437218904495
IMG-20250910-WA0016_BELLY.jpg,9,A08_06_05_SA_roh_BELLY.jpg,0.0464576855301857
IMG-20250910-WA0016_BELLY.jpg,10,A08_06_02_SA_roh_BELLY.jpg,0.04644694924354553
IMG-20250910-WA0016_BELLY.jpg,11,A04_06_01_M_roh_BELLY.jpg,0.04627231881022453
IMG-20250910-WA0016_BELLY.jpg,12,IMG-20250910-WA0025_BELLY.jpg,0.04426752030849457
IMG-20250910-WA0016_BELLY.jpg,13,A04_12_04_W_roh_BELLY.jpg,0.04406717047095299
IMG-20250910-WA0016_BELLY.jpg,14,A02_06_07_M_roh_BELLY.jpg,0.04374101385474205
IMG-20250910-WA0016_BELLY.jpg,15,A02_06_06_M_roh_BELLY.jpg,0.043190669268369675
IMG-20250910-WA0016_BELLY.jpg,16,IMG-20250607-WA0006_BELLY.jpg,0.04041416570544243
IMG-20250910-WA0016_BELLY.jpg,17,A08_06_10_M_roh_BELLY.jpg,0.03999512642621994
IMG-20250910-WA0016_BELLY.jpg,18,A03_12_03_M_roh_BELLY.jpg,0.03982415050268173
IMG-20250910-WA0016_BELLY.jpg,19,A04_06_02_M_roh_BELLY.jpg,0.03947633132338524
IMG-20250910-WA0016_BELLY.jpg,20,A08_18_12_W_roh_BELLY.jpg,0.03926395624876022
IMG-20250910-WA0017_BELLY.jpg,1,A08_06_08_W_roh_BELLY.jpg,0.06117639318108559
IMG-20250910-WA0017_BELLY.jpg,2,A08_12_15_W_roh_BELLY.jpg,0.05357036739587784
IMG-20250910-WA0017_BELLY.jpg,3,A05_21_01_W_roh_BELLY.jpg,0.05352529510855675
IMG-20250910-WA0017_BELLY.jpg,4,A01_06_01_SA_roh_BELLY.jpg,0.04778987541794777
IMG-20250910-WA0017_BELLY.jpg,5,A04_12_04_W_roh_BELLY.jpg,0.04707090184092522
IMG-20250910-WA0017_BELLY.jpg,6,A08_06_05_SA_roh_BELLY.jpg,0.046746835112571716
IMG-20250910-WA0017_BELLY.jpg,7,A02_06_06_M_roh_BELLY.jpg,0.04522440582513809
IMG-20250910-WA0017_BELLY.jpg,8,A02_06_03_M_roh_BELLY.jpg,0.04511239752173424
IMG-20250910-WA0017_BELLY.jpg,9,AT01_06_03_W_roh_BELLY.jpg,0.04500151053071022
IMG-20250910-WA0017_BELLY.jpg,10,A03_12_03_M_roh_BELLY.jpg,0.044447872787714005
IMG-20250910-WA0017_BELLY.jpg,11,A08_18_04_W_roh_BELLY.jpg,0.042949825525283813
IMG-20250910-WA0017_BELLY.jpg,12,IMG-20250626-WA0004_BELLY.jpg,0.04231027141213417
IMG-20250910-WA0017_BELLY.jpg,13,A01_18_14_W_roh_BELLY.jpg,0.0422949492931366
IMG-20250910-WA0017_BELLY.jpg,14,A08_06_02_SA_roh_BELLY.jpg,0.039496202021837234
IMG-20250910-WA0017_BELLY.jpg,15,A08_18_21_M_roh_BELLY.jpg,0.0381631962954998
IMG-20250910-WA0017_BELLY.jpg,16,IMG-20250607-WA0003_BELLY.jpg,0.03816130757331848
IMG-20250910-WA0017_BELLY.jpg,17,A04_06_01_M_roh_BELLY.jpg,0.038068633526563644
IMG-20250910-WA0017_BELLY.jpg,18,IMG_20250807_103916_BELLY.jpg,0.037299834191799164
IMG-20250910-WA0017_BELLY.jpg,19,A04_06_02_M_roh_BELLY.jpg,0.03724442049860954
IMG-20250910-WA0017_BELLY.jpg,20,A08_18_22_W_roh_BELLY.jpg,0.03682192042469978
IMG-20250910-WA0018_BELLY.jpg,1,A08_06_08_W_roh_BELLY.jpg,0.06117624789476395
IMG-20250910-WA0018_BELLY.jpg,2,A05_21_01_W_roh_BELLY.jpg,0.0561351403594017
IMG-20250910-WA0018_BELLY.jpg,3,A02_06_06_M_roh_BELLY.jpg,0.05002318695187569
IMG-20250910-WA0018_BELLY.jpg,4,A04_12_04_W_roh_BELLY.jpg,0.04878335818648338
IMG-20250910-WA0018_BELLY.jpg,5,A01_06_01_SA_roh_BELLY.jpg,0.04711514338850975
IMG-20250910-WA0018_BELLY.jpg,6,A02_06_03_M_roh_BELLY.jpg,0.04703277722001076
IMG-20250910-WA0018_BELLY.jpg,7,A01_18_14_W_roh_BELLY.jpg,0.04634643718600273
IMG-20250910-WA0018_BELLY.jpg,8,A04_06_02_M_roh_BELLY.jpg,0.04580668359994888
IMG-20250910-WA0018_BELLY.jpg,9,A08_12_15_W_roh_BELLY.jpg,0.04575013369321823
IMG-20250910-WA0018_BELLY.jpg,10,A08_06_05_SA_roh_BELLY.jpg,0.04488249495625496
IMG-20250910-WA0018_BELLY.jpg,11,A02_06_07_M_roh_BELLY.jpg,0.044867467135190964
IMG-20250910-WA0018_BELLY.jpg,12,A08_12_05_W_roh_BELLY.jpg,0.04444780573248863
IMG-20250910-WA0018_BELLY.jpg,13,A08_18_04_W_roh_BELLY.jpg,0.04405598342418671
IMG-20250910-WA0018_BELLY.jpg,14,AT01_06_03_W_roh_BELLY.jpg,0.04386269301176071
IMG-20250910-WA0018_BELLY.jpg,15,A08_06_02_SA_roh_BELLY.jpg,0.04347926378250122
IMG-20250910-WA0018_BELLY.jpg,16,A03_12_03_M_roh_BELLY.jpg,0.04347920045256615
IMG-20250910-WA0018_BELLY.jpg,17,A05_18_04_W_roh_BELLY.jpg,0.04331860691308975
IMG-20250910-WA0018_BELLY.jpg,18,IMG-20250910-WA0025_BELLY.jpg,0.04312293604016304
IMG-20250910-WA0018_BELLY.jpg,19,A08_06_10_M_roh_BELLY.jpg,0.042023397982120514
IMG-20250910-WA0018_BELLY.jpg,20,A01_15_07_W_roh_BELLY.jpg,0.04049856960773468
IMG-20250910-WA0022_BELLY.jpg,1,IMG-20250910-WA0029_BELLY.jpg,0.3358636498451233
IMG-20250910-WA0022_BELLY.jpg,2,A04_06_01_M_roh_BELLY.jpg,0.057869646698236465
IMG-20250910-WA0022_BELLY.jpg,3,A08_06_08_W_roh_BELLY.jpg,0.057061877101659775
IMG-20250910-WA0022_BELLY.jpg,4,A04_12_04_W_roh_BELLY.jpg,0.05285539850592613
IMG-20250910-WA0022_BELLY.jpg,5,A02_06_06_M_roh_BELLY.jpg,0.05150165036320686
IMG-20250910-WA0022_BELLY.jpg,6,A08_06_05_SA_roh_BELLY.jpg,0.05089147761464119
IMG-20250910-WA0022_BELLY.jpg,7,A05_21_01_W_roh_BELLY.jpg,0.0508197583258152
IMG-20250910-WA0022_BELLY.jpg,8,A08_06_02_SA_roh_BELLY.jpg,0.050523657351732254
IMG-20250910-WA0022_BELLY.jpg,9,IMG-20250626-WA0025_BELLY.jpg,0.047702230513095856
IMG-20250910-WA0022_BELLY.jpg,10,A08_12_15_W_roh_BELLY.jpg,0.04682837054133415
IMG-20250910-WA0022_BELLY.jpg,11,A02_06_03_M_roh_BELLY.jpg,0.04661499708890915
IMG-20250910-WA0022_BELLY.jpg,12,A08_18_17_W_roh_BELLY.jpg,0.0459342785179615
IMG-20250910-WA0022_BELLY.jpg,13,AT01_06_03_W_roh_BELLY.jpg,0.04329796880483627
IMG-20250910-WA0022_BELLY.jpg,14,A02_08_05_M_roh_BELLY.jpg,0.04187582805752754
IMG-20250910-WA0022_BELLY.jpg,15,A04_12_02_M_roh_BELLY.jpg,0.040966205298900604
IMG-20250910-WA0022_BELLY.jpg,16,A04_06_02_M_roh_BELLY.jpg,0.04082012549042702
IMG-20250910-WA0022_BELLY.jpg,17,A01_06_01_SA_roh_BELLY.jpg,0.04048734903335571
IMG-20250910-WA0022_BELLY.jpg,18,IMG-20250829-WA0020_BELLY.jpg,0.03970635309815407
IMG-20250910-WA0022_BELLY.jpg,19,IMG-20250910-WA0025_BELLY.jpg,0.03969342261552811
IMG-20250910-WA0022_BELLY.jpg,20,A08_18_04_W_roh_BELLY.jpg,0.03965029865503311
IMG-20250910-WA0023_BELLY.jpg,1,A08_06_08_W_roh_BELLY.jpg,0.05960698053240776
IMG-20250910-WA0023_BELLY.jpg,2,A08_12_15_W_roh_BELLY.jpg,0.05868366360664368
IMG-20250910-WA0023_BELLY.jpg,3,A08_06_05_SA_roh_BELLY.jpg,0.0540405809879303
IMG-20250910-WA0023_BELLY.jpg,4,IMG-20250910-WA0016_BELLY.jpg,0.050671983510255814
IMG-20250910-WA0023_BELLY.jpg,5,AT01_06_03_W_roh_BELLY.jpg,0.05025123059749603
IMG-20250910-WA0023_BELLY.jpg,6,A02_06_06_M_roh_BELLY.jpg,0.04913267120718956
IMG-20250910-WA0023_BELLY.jpg,7,A05_21_01_W_roh_BELLY.jpg,0.045021165162324905
IMG-20250910-WA0023_BELLY.jpg,8,A04_12_04_W_roh_BELLY.jpg,0.04406699910759926
IMG-20250910-WA0023_BELLY.jpg,9,A02_06_03_M_roh_BELLY.jpg,0.04375249519944191
IMG-20250910-WA0023_BELLY.jpg,10,IMG-20250910-WA0025_BELLY.jpg,0.04357730224728584
IMG-20250910-WA0023_BELLY.jpg,11,A01_15_03_W_roh_BELLY.jpg,0.04309998080134392
IMG-20250910-WA0023_BELLY.jpg,12,A05_18_08_W_roh_BELLY.jpg,0.04236013442277908
IMG-20250910-WA0023_BELLY.jpg,13,A04_06_01_M_roh_BELLY.jpg,0.04225713759660721
IMG-20250910-WA0023_BELLY.jpg,14,A08_18_17_W_roh_BELLY.jpg,0.04148201271891594
IMG-20250910-WA0023_BELLY.jpg,15,A08_06_02_SA_roh_BELLY.jpg,0.04112805798649788
IMG-20250910-WA0023_BELLY.jpg,16,A01_06_01_SA_roh_BELLY.jpg,0.03958742693066597
IMG-20250910-WA0023_BELLY.jpg,17,IMG-20250607-WA0006_BELLY.jpg,0.039527781307697296
IMG-20250910-WA0023_BELLY.jpg,18,A03_12_03_M_roh_BELLY.jpg,0.038314301520586014
IMG-20250910-WA0023_BELLY.jpg,19,A04_15_04_M_roh_BELLY.jpg,0.03742669150233269
IMG-20250910-WA0023_BELLY.jpg,20,A08_15_04_M_roh_BELLY.jpg,0.03674735873937607
IMG-20250910-WA0025_BELLY.jpg,1,A08_06_08_W_roh_BELLY.jpg,0.09012097865343094
IMG-20250910-WA0025_BELLY.jpg,2,A05_21_01_W_roh_BELLY.jpg,0.07067003101110458
IMG-20250910-WA0025_BELLY.jpg,3,IMG-20250910-WA0014_BELLY.jpg,0.06825840473175049
IMG-20250910-WA0025_BELLY.jpg,4,A04_12_04_W_roh_BELLY.jpg,0.06272923946380615
IMG-20250910-WA0025_BELLY.jpg,5,A02_06_03_M_roh_BELLY.jpg,0.06169944256544113
IMG-20250910-WA0025_BELLY.jpg,6,A08_06_02_SA_roh_BELLY.jpg,0.057995911687612534
IMG-20250910-WA0025_BELLY.jpg,7,IMG-20250626-WA0024_BELLY.jpg,0.056556664407253265
IMG-20250910-WA0025_BELLY.jpg,8,IMG-20250626-WA0011_BELLY.jpg,0.05528440326452255
IMG-20250910-WA0025_BELLY.jpg,9,A02_06_06_M_roh_BELLY.jpg,0.05500909686088562
IMG-20250910-WA0025_BELLY.jpg,10,A01_06_01_SA_roh_BELLY.jpg,0.05358654633164406
IMG-20250910-WA0025_BELLY.jpg,11,A08_06_10_M_roh_BELLY.jpg,0.05330589786171913
IMG-20250910-WA0025_BELLY.jpg,12,A08_06_05_SA_roh_BELLY.jpg,0.051258768886327744
IMG-20250910-WA0025_BELLY.jpg,13,A04_06_02_M_roh_BELLY.jpg,0.05117609724402428
IMG-20250910-WA0025_BELLY.jpg,14,IMG-20250626-WA0020_BELLY.jpg,0.05060551315546036
IMG-20250910-WA0025_BELLY.jpg,15,A08_12_15_W_roh_BELLY.jpg,0.05050645023584366
IMG-20250910-WA0025_BELLY.jpg,16,A04_06_01_M_roh_BELLY.jpg,0.04999902844429016
IMG-20250910-WA0025_BELLY.jpg,17,A01_18_12_M_roh_BELLY.jpg,0.04868190735578537
IMG-20250910-WA0025_BELLY.jpg,18,A06_12_04_W_roh_BELLY.jpg,0.048146434128284454
IMG-20250910-WA0025_BELLY.jpg,19,A02_06_07_M_roh_BELLY.jpg,0.04756012558937073
IMG-20250910-WA0025_BELLY.jpg,20,IMG-20250829-WA0015_BELLY.jpg,0.04695436358451843
IMG-20250910-WA0027_BELLY.jpg,1,IMG-20250910-WA0030_BELLY.jpg,0.30332621932029724
IMG-20250910-WA0027_BELLY.jpg,2,A08_06_08_W_roh_BELLY.jpg,0.06839750707149506
IMG-20250910-WA0027_BELLY.jpg,3,A05_21_01_W_roh_BELLY.jpg,0.05752178654074669
IMG-20250910-WA0027_BELLY.jpg,4,A08_18_04_W_roh_BELLY.jpg,0.055592771619558334
IMG-20250910-WA0027_BELLY.jpg,5,AT01_06_03_W_roh_BELLY.jpg,0.04934573173522949
IMG-20250910-WA0027_BELLY.jpg,6,A08_06_05_SA_roh_BELLY.jpg,0.04863635450601578
IMG-20250910-WA0027_BELLY.jpg,7,A08_15_04_M_roh_BELLY.jpg,0.04832383990287781
IMG-20250910-WA0027_BELLY.jpg,8,A04_12_04_W_roh_BELLY.jpg,0.0473441444337368
IMG-20250910-WA0027_BELLY.jpg,9,IMG-20250626-WA0004_BELLY.jpg,0.046952709555625916
IMG-20250910-WA0027_BELLY.jpg,10,A08_15_05_M_roh_BELLY.jpg,0.04540616273880005
IMG-20250910-WA0027_BELLY.jpg,11,IMG-20250607-WA0003_BELLY.jpg,0.04478301480412483
IMG-20250910-WA0027_BELLY.jpg,12,A08_06_10_M_roh_BELLY.jpg,0.043623220175504684
IMG-20250910-WA0027_BELLY.jpg,13,IMG-20250607-WA0006_BELLY.jpg,0.043460845947265625
IMG-20250910-WA0027_BELLY.jpg,14,A02_06_06_M_roh_BELLY.jpg,0.04319044202566147
IMG-20250910-WA0027_BELLY.jpg,15,IMG-20250910-WA0015_BELLY.jpg,0.043030377477407455
IMG-20250910-WA0027_BELLY.jpg,16,A01_06_01_SA_roh_BELLY.jpg,0.04182153567671776
IMG-20250910-WA0027_BELLY.jpg,17,A04_06_01_M_roh_BELLY.jpg,0.041730694472789764
IMG-20250910-WA0027_BELLY.jpg,18,A08_12_15_W_roh_BELLY.jpg,0.04123874381184578
IMG-20250910-WA0027_BELLY.jpg,19,A08_18_17_W_roh_BELLY.jpg,0.04089083522558212
IMG-20250910-WA0027_BELLY.jpg,20,IMG-20250626-WA0013_BELLY.jpg,0.040191441774368286
IMG-20250910-WA0029_BELLY.jpg,1,IMG-20250910-WA0022_BELLY.jpg,0.3358636498451233
IMG-20250910-WA0029_BELLY.jpg,2,A08_06_08_W_roh_BELLY.jpg,0.06194809451699257
IMG-20250910-WA0029_BELLY.jpg,3,AT01_06_03_W_roh_BELLY.jpg,0.05992812663316727
IMG-20250910-WA0029_BELLY.jpg,4,A05_21_01_W_roh_BELLY.jpg,0.05899969860911369
IMG-20250910-WA0029_BELLY.jpg,5,A01_06_01_SA_roh_BELLY.jpg,0.05867145583033562
IMG-20250910-WA0029_BELLY.jpg,6,A08_06_02_SA_roh_BELLY.jpg,0.05465485528111458
IMG-20250910-WA0029_BELLY.jpg,7,A04_06_02_M_roh_BELLY.jpg,0.0534120574593544
IMG-20250910-WA0029_BELLY.jpg,8,A08_06_05_SA_roh_BELLY.jpg,0.052169159054756165
IMG-20250910-WA0029_BELLY.jpg,9,A02_06_03_M_roh_BELLY.jpg,0.051342468708753586
IMG-20250910-WA0029_BELLY.jpg,10,A02_06_06_M_roh_BELLY.jpg,0.05033520236611366
IMG-20250910-WA0029_BELLY.jpg,11,A08_12_05_W_roh_BELLY.jpg,0.04866533353924751
IMG-20250910-WA0029_BELLY.jpg,12,A08_12_15_W_roh_BELLY.jpg,0.04517446830868721
IMG-20250910-WA0029_BELLY.jpg,13,A04_06_01_M_roh_BELLY.jpg,0.04456007480621338
IMG-20250910-WA0029_BELLY.jpg,14,A02_06_07_M_roh_BELLY.jpg,0.04401050880551338
IMG-20250910-WA0029_BELLY.jpg,15,IMG-20250626-WA0020_BELLY.jpg,0.042969778180122375
IMG-20250910-WA0029_BELLY.jpg,16,A08_12_13_W_roh_BELLY.jpg,0.04256848618388176
IMG-20250910-WA0029_BELLY.jpg,17,IMG-20250910-WA0063_BELLY.jpg,0.040779225528240204
IMG-20250910-WA0029_BELLY.jpg,18,A01_18_14_W_roh_BELLY.jpg,0.04066567122936249
IMG-20250910-WA0029_BELLY.jpg,19,A08_06_10_M_roh_BELLY.jpg,0.040531013160943985
IMG-20250910-WA0029_BELLY.jpg,20,A03_12_02_W_roh_BELLY.jpg,0.04006325080990791
IMG-20250910-WA0030_BELLY.jpg,1,IMG-20250910-WA0027_BELLY.jpg,0.30332621932029724
IMG-20250910-WA0030_BELLY.jpg,2,A05_21_01_W_roh_BELLY.jpg,0.05825427174568176
IMG-20250910-WA0030_BELLY.jpg,3,A08_06_08_W_roh_BELLY.jpg,0.05795980989933014
IMG-20250910-WA0030_BELLY.jpg,4,A02_06_06_M_roh_BELLY.jpg,0.057944025844335556
IMG-20250910-WA0030_BELLY.jpg,5,A08_06_10_M_roh_BELLY.jpg,0.05220668390393257
IMG-20250910-WA0030_BELLY.jpg,6,A08_06_05_SA_roh_BELLY.jpg,0.049497272819280624
IMG-20250910-WA0030_BELLY.jpg,7,A08_18_17_W_roh_BELLY.jpg,0.04903585463762283
IMG-20250910-WA0030_BELLY.jpg,8,A08_18_04_W_roh_BELLY.jpg,0.04772452265024185
IMG-20250910-WA0030_BELLY.jpg,9,A02_06_03_M_roh_BELLY.jpg,0.046529754996299744
IMG-20250910-WA0030_BELLY.jpg,10,A04_12_04_W_roh_BELLY.jpg,0.0462484173476696
IMG-20250910-WA0030_BELLY.jpg,11,A08_12_15_W_roh_BELLY.jpg,0.045750100165605545
IMG-20250910-WA0030_BELLY.jpg,12,A01_15_03_W_roh_BELLY.jpg,0.044087015092372894
IMG-20250910-WA0030_BELLY.jpg,13,AT01_06_03_W_roh_BELLY.jpg,0.04360401630401611
IMG-20250910-WA0030_BELLY.jpg,14,A03_12_03_M_roh_BELLY.jpg,0.04324033856391907
IMG-20250910-WA0030_BELLY.jpg,15,A01_05_03_W_roh_BELLY.jpg,0.04210558161139488
IMG-20250910-WA0030_BELLY.jpg,16,A01_06_01_SA_roh_BELLY.jpg,0.04182141646742821
IMG-20250910-WA0030_BELLY.jpg,17,A01_18_12_M_roh_BELLY.jpg,0.04175211861729622
IMG-20250910-WA0030_BELLY.jpg,18,A05_18_04_W_roh_BELLY.jpg,0.040508706122636795
IMG-20250910-WA0030_BELLY.jpg,19,IMG-20250607-WA0003_BELLY.jpg,0.03940383717417717
IMG-20250910-WA0030_BELLY.jpg,20,A08_18_13_W_roh_BELLY.jpg,0.039289213716983795
IMG-20250910-WA0061_BELLY.jpg,1,A08_06_08_W_roh_BELLY.jpg,0.0692865177989006
IMG-20250910-WA0061_BELLY.jpg,2,A04_15_06_M_roh_BELLY.jpg,0.053079742938280106
IMG-20250910-WA0061_BELLY.jpg,3,A04_15_05_W_roh_BELLY.jpg,0.050781309604644775
IMG-20250910-WA0061_BELLY.jpg,4,A04_12_04_W_roh_BELLY.jpg,0.05003451928496361
IMG-20250910-WA0061_BELLY.jpg,5,A08_12_05_W_roh_BELLY.jpg,0.047794073820114136
IMG-20250910-WA0061_BELLY.jpg,6,A06_18_04_W_roh_BELLY.jpg,0.04771461337804794
IMG-20250910-WA0061_BELLY.jpg,7,A08_06_05_SA_roh_BELLY.jpg,0.04673629254102707
IMG-20250910-WA0061_BELLY.jpg,8,A05_21_01_W_roh_BELLY.jpg,0.0465172603726387
IMG-20250910-WA0061_BELLY.jpg,9,A03_12_03_M_roh_BELLY.jpg,0.04527084529399872
IMG-20250910-WA0061_BELLY.jpg,10,A02_06_03_M_roh_BELLY.jpg,0.044667791575193405
IMG-20250910-WA0061_BELLY.jpg,11,A04_15_04_M_roh_BELLY.jpg,0.04466184973716736
IMG-20250910-WA0061_BELLY.jpg,12,A08_06_02_SA_roh_BELLY.jpg,0.0446452833712101
IMG-20250910-WA0061_BELLY.jpg,13,A08_18_17_W_roh_BELLY.jpg,0.0434223897755146
IMG-20250910-WA0061_BELLY.jpg,14,A08_12_15_W_roh_BELLY.jpg,0.04319257289171219
IMG-20250910-WA0061_BELLY.jpg,15,A08_12_13_W_roh_BELLY.jpg,0.04160182923078537
IMG-20250910-WA0061_BELLY.jpg,16,A08_15_05_M_roh_BELLY.jpg,0.04150762781500816
IMG-20250910-WA0061_BELLY.jpg,17,A04_06_01_M_roh_BELLY.jpg,0.04116879031062126
IMG-20250910-WA0061_BELLY.jpg,18,A04_06_02_M_roh_BELLY.jpg,0.040228523313999176
IMG-20250910-WA0061_BELLY.jpg,19,AT01_06_03_W_roh_BELLY.jpg,0.04020097479224205
IMG-20250910-WA0061_BELLY.jpg,20,A08_18_05_W_roh_BELLY.jpg,0.040074530988931656
IMG-20250910-WA0062_BELLY.jpg,1,A08_06_08_W_roh_BELLY.jpg,0.06988678872585297
IMG-20250910-WA0062_BELLY.jpg,2,A02_06_06_M_roh_BELLY.jpg,0.0625002384185791
IMG-20250910-WA0062_BELLY.jpg,3,A05_21_01_W_roh_BELLY.jpg,0.06166527792811394
IMG-20250910-WA0062_BELLY.jpg,4,A08_06_05_SA_roh_BELLY.jpg,0.0554327629506588
IMG-20250910-WA0062_BELLY.jpg,5,AT01_06_03_W_roh_BELLY.jpg,0.05147205665707588
IMG-20250910-WA0062_BELLY.jpg,6,A04_12_04_W_roh_BELLY.jpg,0.05088403820991516
IMG-20250910-WA0062_BELLY.jpg,7,A02_06_07_M_roh_BELLY.jpg,0.050163544714450836
IMG-20250910-WA0062_BELLY.jpg,8,A04_06_02_M_roh_BELLY.jpg,0.0483485646545887
IMG-20250910-WA0062_BELLY.jpg,9,A01_06_01_SA_roh_BELLY.jpg,0.0476328544318676
IMG-20250910-WA0062_BELLY.jpg,10,A08_12_15_W_roh_BELLY.jpg,0.04621311277151108
IMG-20250910-WA0062_BELLY.jpg,11,A08_12_05_W_roh_BELLY.jpg,0.04354948177933693
IMG-20250910-WA0062_BELLY.jpg,12,A04_06_01_M_roh_BELLY.jpg,0.04188478738069534
IMG-20250910-WA0062_BELLY.jpg,13,A02_06_03_M_roh_BELLY.jpg,0.041066672652959824
IMG-20250910-WA0062_BELLY.jpg,14,A08_15_14_W_roh_BELLY.jpg,0.04066801443696022
IMG-20250910-WA0062_BELLY.jpg,15,A07_09_02_W_roh_BELLY.jpg,0.039122700691223145
IMG-20250910-WA0062_BELLY.jpg,16,A08_18_04_W_roh_BELLY.jpg,0.038187384605407715
IMG-20250910-WA0062_BELLY.jpg,17,A08_12_13_W_roh_BELLY.jpg,0.03807433322072029
IMG-20250910-WA0062_BELLY.jpg,18,A08_18_17_W_roh_BELLY.jpg,0.036839809268713
IMG-20250910-WA0062_BELLY.jpg,19,A05_18_04_W_roh_BELLY.jpg,0.03677578270435333
IMG-20250910-WA0062_BELLY.jpg,20,A08_18_23_W_roh_BELLY.jpg,0.03660040348768234
IMG-20250910-WA0063_BELLY.jpg,1,A04_06_01_M_roh_BELLY.jpg,0.07905587553977966
IMG-20250910-WA0063_BELLY.jpg,2,A08_06_08_W_roh_BELLY.jpg,0.06728480756282806
IMG-20250910-WA0063_BELLY.jpg,3,A05_21_01_W_roh_BELLY.jpg,0.0546606220304966
IMG-20250910-WA0063_BELLY.jpg,4,A04_12_04_W_roh_BELLY.jpg,0.05103849247097969
IMG-20250910-WA0063_BELLY.jpg,5,A08_06_02_SA_roh_BELLY.jpg,0.04995507001876831
IMG-20250910-WA0063_BELLY.jpg,6,A08_06_05_SA_roh_BELLY.jpg,0.04994063824415207
IMG-20250910-WA0063_BELLY.jpg,7,A03_12_03_M_roh_BELLY.jpg,0.04956679791212082
IMG-20250910-WA0063_BELLY.jpg,8,A08_06_10_M_roh_BELLY.jpg,0.0479852631688118
IMG-20250910-WA0063_BELLY.jpg,9,A01_06_01_SA_roh_BELLY.jpg,0.047575727105140686
IMG-20250910-WA0063_BELLY.jpg,10,A08_12_15_W_roh_BELLY.jpg,0.04696982726454735
IMG-20250910-WA0063_BELLY.jpg,11,A08_12_05_W_roh_BELLY.jpg,0.0452706404030323
IMG-20250910-WA0063_BELLY.jpg,12,A08_12_13_W_roh_BELLY.jpg,0.04499158263206482
IMG-20250910-WA0063_BELLY.jpg,13,A08_18_04_W_roh_BELLY.jpg,0.0444440059363842
IMG-20250910-WA0063_BELLY.jpg,14,A02_06_06_M_roh_BELLY.jpg,0.044428519904613495
IMG-20250910-WA0063_BELLY.jpg,15,A02_06_07_M_roh_BELLY.jpg,0.04263778030872345
IMG-20250910-WA0063_BELLY.jpg,16,A06_14_02_W_roh_BELLY.jpg,0.042486175894737244
IMG-20250910-WA0063_BELLY.jpg,17,A03_18_06_W_roh_BELLY.jpg,0.04241853579878807
IMG-20250910-WA0063_BELLY.jpg,18,A08_18_13_W_roh_BELLY.jpg,0.04129159078001976
IMG-20250910-WA0063_BELLY.jpg,19,A03_18_07_M_roh_BELLY.jpg,0.04110412672162056
IMG-20250910-WA0063_BELLY.jpg,20,A04_06_02_M_roh_BELLY.jpg,0.04102512076497078
IMG-20250910-WA0064_BELLY.jpg,1,A08_06_08_W_roh_BELLY.jpg,0.07069475948810577
IMG-20250910-WA0064_BELLY.jpg,2,A05_21_01_W_roh_BELLY.jpg,0.05716516077518463
IMG-20250910-WA0064_BELLY.jpg,3,A02_06_03_M_roh_BELLY.jpg,0.054706841707229614
IMG-20250910-WA0064_BELLY.jpg,4,A04_06_01_M_roh_BELLY.jpg,0.05448280647397041
IMG-20250910-WA0064_BELLY.jpg,5,AT01_06_03_W_roh_BELLY.jpg,0.05233731120824814
IMG-20250910-WA0064_BELLY.jpg,6,A01_15_03_W_roh_BELLY.jpg,0.05063105374574661
IMG-20250910-WA0064_BELLY.jpg,7,A01_06_01_SA_roh_BELLY.jpg,0.0493493527173996
IMG-20250910-WA0064_BELLY.jpg,8,A02_06_06_M_roh_BELLY.jpg,0.04889705404639244
IMG-20250910-WA0064_BELLY.jpg,9,A04_12_04_W_roh_BELLY.jpg,0.04704110696911812
IMG-20250910-WA0064_BELLY.jpg,10,A08_15_05_M_roh_BELLY.jpg,0.046585310250520706
IMG-20250910-WA0064_BELLY.jpg,11,A08_06_02_SA_roh_BELLY.jpg,0.04647499695420265
IMG-20250910-WA0064_BELLY.jpg,12,A08_12_15_W_roh_BELLY.jpg,0.04642303287982941
IMG-20250910-WA0064_BELLY.jpg,13,A02_06_07_M_roh_BELLY.jpg,0.045399464666843414
IMG-20250910-WA0064_BELLY.jpg,14,A04_15_05_W_roh_BELLY.jpg,0.04370550438761711
IMG-20250910-WA0064_BELLY.jpg,15,A08_18_04_W_roh_BELLY.jpg,0.04307211935520172
IMG-20250910-WA0064_BELLY.jpg,16,A08_06_05_SA_roh_BELLY.jpg,0.043060045689344406
IMG-20250910-WA0064_BELLY.jpg,17,A08_12_05_W_roh_BELLY.jpg,0.0429726168513298
IMG-20250910-WA0064_BELLY.jpg,18,A01_18_14_W_roh_BELLY.jpg,0.04234572499990463
IMG-20250910-WA0064_BELLY.jpg,19,A08_06_10_M_roh_BELLY.jpg,0.04150781035423279
IMG-20250910-WA0064_BELLY.jpg,20,IMG-20250626-WA0025_BELLY.jpg,0.04146112501621246
IMG-20250919-WA0009_BELLY.jpg,1,A08_06_08_W_roh_BELLY.jpg,0.0702425017952919
IMG-20250919-WA0009_BELLY.jpg,2,A05_21_01_W_roh_BELLY.jpg,0.05899972468614578
IMG-20250919-WA0009_BELLY.jpg,3,A04_12_04_W_roh_BELLY.jpg,0.05488143861293793
IMG-20250919-WA0009_BELLY.jpg,4,A08_06_02_SA_roh_BELLY.jpg,0.05465490370988846
IMG-20250919-WA0009_BELLY.jpg,5,A02_06_03_M_roh_BELLY.jpg,0.05265354365110397
IMG-20250919-WA0009_BELLY.jpg,6,A08_06_05_SA_roh_BELLY.jpg,0.05180425941944122
IMG-20250919-WA0009_BELLY.jpg,7,A08_18_17_W_roh_BELLY.jpg,0.05177288129925728
IMG-20250919-WA0009_BELLY.jpg,8,AT01_06_03_W_roh_BELLY.jpg,0.051472119987010956
IMG-20250919-WA0009_BELLY.jpg,9,A01_15_03_W_roh_BELLY.jpg,0.04920624569058418
IMG-20250919-WA0009_BELLY.jpg,10,A08_15_04_M_roh_BELLY.jpg,0.04776574671268463
IMG-20250919-WA0009_BELLY.jpg,11,A08_18_04_W_roh_BELLY.jpg,0.047734327614307404
IMG-20250919-WA0009_BELLY.jpg,12,A08_06_10_M_roh_BELLY.jpg,0.046983689069747925
IMG-20250919-WA0009_BELLY.jpg,13,A08_15_14_W_roh_BELLY.jpg,0.04683482274413109
IMG-20250919-WA0009_BELLY.jpg,14,A04_06_02_M_roh_BELLY.jpg,0.04549010470509529
IMG-20250919-WA0009_BELLY.jpg,15,A01_06_01_SA_roh_BELLY.jpg,0.04518707096576691
IMG-20250919-WA0009_BELLY.jpg,16,A03_12_03_M_roh_BELLY.jpg,0.045100025832653046
IMG-20250919-WA0009_BELLY.jpg,17,A08_18_12_W_roh_BELLY.jpg,0.04482027143239975
IMG-20250919-WA0009_BELLY.jpg,18,A05_18_04_W_roh_BELLY.jpg,0.044554129242897034
IMG-20250919-WA0009_BELLY.jpg,19,IMG-20250626-WA0004_BELLY.jpg,0.04411478713154793
IMG-20250919-WA0009_BELLY.jpg,20,A08_18_08_M_roh_BELLY.jpg,0.04373035579919815
IMG-20250919-WA0011_BELLY.jpg,1,A08_06_02_SA_roh_BELLY.jpg,0.06953439861536026
IMG-20250919-WA0011_BELLY.jpg,2,A05_21_01_W_roh_BELLY.jpg,0.061665117740631104
IMG-20250919-WA0011_BELLY.jpg,3,IMG-20250919-WA0014_BELLY.jpg,0.060812488198280334
IMG-20250919-WA0011_BELLY.jpg,4,A08_06_08_W_roh_BELLY.jpg,0.05947171524167061
IMG-20250919-WA0011_BELLY.jpg,5,A04_12_04_W_roh_BELLY.jpg,0.05133655294775963
IMG-20250919-WA0011_BELLY.jpg,6,A08_06_05_SA_roh_BELLY.jpg,0.04869930073618889
IMG-20250919-WA0011_BELLY.jpg,7,A05_18_04_W_roh_BELLY.jpg,0.0468796081840992
IMG-20250919-WA0011_BELLY.jpg,8,A08_12_05_W_roh_BELLY.jpg,0.04682810232043266
IMG-20250919-WA0011_BELLY.jpg,9,A08_15_04_M_roh_BELLY.jpg,0.0467279851436615
IMG-20250919-WA0011_BELLY.jpg,10,A08_18_04_W_roh_BELLY.jpg,0.04660186916589737
IMG-20250919-WA0011_BELLY.jpg,11,A02_06_06_M_roh_BELLY.jpg,0.046584874391555786
IMG-20250919-WA0011_BELLY.jpg,12,AT01_06_03_W_roh_BELLY.jpg,0.04618822783231735
IMG-20250919-WA0011_BELLY.jpg,13,A08_18_20_W_roh_BELLY.jpg,0.04576233774423599
IMG-20250919-WA0011_BELLY.jpg,14,A03_12_03_M_roh_BELLY.jpg,0.04445977881550789
IMG-20250919-WA0011_BELLY.jpg,15,A07_09_02_W_roh_BELLY.jpg,0.04441998526453972
IMG-20250919-WA0011_BELLY.jpg,16,A04_06_02_M_roh_BELLY.jpg,0.043732959777116776
IMG-20250919-WA0011_BELLY.jpg,17,A08_15_05_M_roh_BELLY.jpg,0.043279893696308136
IMG-20250919-WA0011_BELLY.jpg,18,A01_15_03_W_roh_BELLY.jpg,0.043129850178956985
IMG-20250919-WA0011_BELLY.jpg,19,A01_06_01_SA_roh_BELLY.jpg,0.042540356516838074
IMG-20250919-WA0011_BELLY.jpg,20,A08_18_17_W_roh_BELLY.jpg,0.042311400175094604
IMG-20250919-WA0012_BELLY.jpg,1,A08_06_08_W_roh_BELLY.jpg,0.06716449558734894
IMG-20250919-WA0012_BELLY.jpg,2,A04_12_04_W_roh_BELLY.jpg,0.05327456817030907
IMG-20250919-WA0012_BELLY.jpg,3,A05_21_01_W_roh_BELLY.jpg,0.05003039911389351
IMG-20250919-WA0012_BELLY.jpg,4,A08_06_05_SA_roh_BELLY.jpg,0.04708438366651535
IMG-20250919-WA0012_BELLY.jpg,5,A08_06_10_M_roh_BELLY.jpg,0.0456080324947834
IMG-20250919-WA0012_BELLY.jpg,6,A08_06_02_SA_roh_BELLY.jpg,0.042917683720588684
IMG-20250919-WA0012_BELLY.jpg,7,A08_18_20_W_roh_BELLY.jpg,0.04264573007822037
IMG-20250919-WA0012_BELLY.jpg,8,A01_06_01_SA_roh_BELLY.jpg,0.04254072159528732
IMG-20250919-WA0012_BELLY.jpg,9,A02_06_06_M_roh_BELLY.jpg,0.0424458272755146
IMG-20250919-WA0012_BELLY.jpg,10,A08_18_04_W_roh_BELLY.jpg,0.042256955057382584
IMG-20250919-WA0012_BELLY.jpg,11,A08_12_15_W_roh_BELLY.jpg,0.041958220303058624
IMG-20250919-WA0012_BELLY.jpg,12,A01_18_12_M_roh_BELLY.jpg,0.0417519211769104
IMG-20250919-WA0012_BELLY.jpg,13,A08_15_04_M_roh_BELLY.jpg,0.04164476692676544
IMG-20250919-WA0012_BELLY.jpg,14,AT01_06_03_W_roh_BELLY.jpg,0.04141511023044586
IMG-20250919-WA0012_BELLY.jpg,15,A08_12_05_W_roh_BELLY.jpg,0.04004715383052826
IMG-20250919-WA0012_BELLY.jpg,16,A08_15_05_M_roh_BELLY.jpg,0.03999980166554451
IMG-20250919-WA0012_BELLY.jpg,17,A03_12_03_M_roh_BELLY.jpg,0.03975149616599083
IMG-20250919-WA0012_BELLY.jpg,18,A08_18_14_M_roh_BELLY.jpg,0.03954709321260452
IMG-20250919-WA0012_BELLY.jpg,19,AT01_03_02_W_roh_BELLY.jpg,0.03920643776655197
IMG-20250919-WA0012_BELLY.jpg,20,A05_18_04_W_roh_BELLY.jpg,0.03898448124527931
IMG-20250919-WA0014_BELLY.jpg,1,A08_06_08_W_roh_BELLY.jpg,0.06205558776855469
IMG-20250919-WA0014_BELLY.jpg,2,IMG-20250919-WA0011_BELLY.jpg,0.060812488198280334
IMG-20250919-WA0014_BELLY.jpg,3,A05_21_01_W_roh_BELLY.jpg,0.05209609493613243
IMG-20250919-WA0014_BELLY.jpg,4,A08_06_05_SA_roh_BELLY.jpg,0.04934728518128395
IMG-20250919-WA0014_BELLY.jpg,5,A04_12_04_W_roh_BELLY.jpg,0.04496350511908531
IMG-20250919-WA0014_BELLY.jpg,6,A08_18_17_W_roh_BELLY.jpg,0.04455867037177086
IMG-20250919-WA0014_BELLY.jpg,7,A08_12_15_W_roh_BELLY.jpg,0.0443507619202137
IMG-20250919-WA0014_BELLY.jpg,8,A04_06_01_M_roh_BELLY.jpg,0.042890071868896484
IMG-20250919-WA0014_BELLY.jpg,9,A02_06_03_M_roh_BELLY.jpg,0.042549606412649155
IMG-20250919-WA0014_BELLY.jpg,10,AT01_06_03_W_roh_BELLY.jpg,0.042346227914094925
IMG-20250919-WA0014_BELLY.jpg,11,A04_06_02_M_roh_BELLY.jpg,0.04216507822275162
IMG-20250919-WA0014_BELLY.jpg,12,A01_06_01_SA_roh_BELLY.jpg,0.04156242311000824
IMG-20250919-WA0014_BELLY.jpg,13,A01_15_03_W_roh_BELLY.jpg,0.0409189909696579
IMG-20250919-WA0014_BELLY.jpg,14,A08_06_02_SA_roh_BELLY.jpg,0.04078805446624756
IMG-20250919-WA0014_BELLY.jpg,15,A08_12_05_W_roh_BELLY.jpg,0.04034924507141113
IMG-20250919-WA0014_BELLY.jpg,16,IMG-20250829-WA0020_BELLY.jpg,0.04016570746898651
IMG-20250919-WA0014_BELLY.jpg,17,A08_15_03_W_roh_BELLY.jpg,0.03935694321990013
IMG-20250919-WA0014_BELLY.jpg,18,A08_18_02_W_roh_BELLY.jpg,0.039046432822942734
IMG-20250919-WA0014_BELLY.jpg,19,A04_15_05_W_roh_BELLY.jpg,0.03876935690641403
IMG-20250919-WA0014_BELLY.jpg,20,A08_15_14_W_roh_BELLY.jpg,0.0386367104947567
IMG-20250919-WA0016_BELLY.jpg,1,A02_06_06_M_roh_BELLY.jpg,0.06291931867599487
IMG-20250919-WA0016_BELLY.jpg,2,A05_21_01_W_roh_BELLY.jpg,0.06281828880310059
IMG-20250919-WA0016_BELLY.jpg,3,A08_06_08_W_roh_BELLY.jpg,0.059903018176555634
IMG-20250919-WA0016_BELLY.jpg,4,A08_06_05_SA_roh_BELLY.jpg,0.05848648026585579
IMG-20250919-WA0016_BELLY.jpg,5,A08_06_02_SA_roh_BELLY.jpg,0.05082077905535698
IMG-20250919-WA0016_BELLY.jpg,6,A08_18_04_W_roh_BELLY.jpg,0.04879423603415489
IMG-20250919-WA0016_BELLY.jpg,7,A04_12_04_W_roh_BELLY.jpg,0.048191845417022705
IMG-20250919-WA0016_BELLY.jpg,8,A01_15_03_W_roh_BELLY.jpg,0.04223834350705147
IMG-20250919-WA0016_BELLY.jpg,9,A08_18_17_W_roh_BELLY.jpg,0.041584838181734085
IMG-20250919-WA0016_BELLY.jpg,10,A05_18_07_W_roh_BELLY.jpg,0.04128047823905945
IMG-20250919-WA0016_BELLY.jpg,11,AT01_03_02_W_roh_BELLY.jpg,0.040141716599464417
IMG-20250919-WA0016_BELLY.jpg,12,AT01_06_03_W_roh_BELLY.jpg,0.03932780772447586
IMG-20250919-WA0016_BELLY.jpg,13,A08_12_15_W_roh_BELLY.jpg,0.038806840777397156
IMG-20250919-WA0016_BELLY.jpg,14,A08_06_10_M_roh_BELLY.jpg,0.03875948116183281
IMG-20250919-WA0016_BELLY.jpg,15,A03_12_03_M_roh_BELLY.jpg,0.038436077535152435
IMG-20250919-WA0016_BELLY.jpg,16,A04_06_02_M_roh_BELLY.jpg,0.03809095919132233
IMG-20250919-WA0016_BELLY.jpg,17,A02_06_03_M_roh_BELLY.jpg,0.037835657596588135
IMG-20250919-WA0016_BELLY.jpg,18,A02_06_07_M_roh_BELLY.jpg,0.037802666425704956
IMG-20250919-WA0016_BELLY.jpg,19,A08_18_05_W_roh_BELLY.jpg,0.037711918354034424
IMG-20250919-WA0016_BELLY.jpg,20,A01_18_14_W_roh_BELLY.jpg,0.03729580342769623
IMG-20250919-WA0019_BELLY.jpg,1,A08_06_08_W_roh_BELLY.jpg,0.06555934250354767
IMG-20250919-WA0019_BELLY.jpg,2,A04_12_04_W_roh_BELLY.jpg,0.0476500540971756
IMG-20250919-WA0019_BELLY.jpg,3,AT01_06_03_W_roh_BELLY.jpg,0.04551851004362106
IMG-20250919-WA0019_BELLY.jpg,4,A08_06_05_SA_roh_BELLY.jpg,0.044214922934770584
IMG-20250919-WA0019_BELLY.jpg,5,A01_18_14_W_roh_BELLY.jpg,0.04176254943013191
IMG-20250919-WA0019_BELLY.jpg,6,A08_12_05_W_roh_BELLY.jpg,0.04063376784324646
IMG-20250919-WA0019_BELLY.jpg,7,A08_18_17_W_roh_BELLY.jpg,0.04061370715498924
IMG-20250919-WA0019_BELLY.jpg,8,A05_21_01_W_roh_BELLY.jpg,0.04042181745171547
IMG-20250919-WA0019_BELLY.jpg,9,A08_06_02_SA_roh_BELLY.jpg,0.040171291679143906
IMG-20250919-WA0019_BELLY.jpg,10,A04_06_02_M_roh_BELLY.jpg,0.038765113800764084
IMG-20250919-WA0019_BELLY.jpg,11,A01_15_03_W_roh_BELLY.jpg,0.038389891386032104
IMG-20250919-WA0019_BELLY.jpg,12,A02_06_03_M_roh_BELLY.jpg,0.03719232976436615
IMG-20250919-WA0019_BELLY.jpg,13,A08_18_06_W_roh_BELLY.jpg,0.0364232137799263
IMG-20250919-WA0019_BELLY.jpg,14,A08_15_04_M_roh_BELLY.jpg,0.036420855671167374
IMG-20250919-WA0019_BELLY.jpg,15,A02_06_06_M_roh_BELLY.jpg,0.03616677597165108
IMG-20250919-WA0019_BELLY.jpg,16,A04_06_01_M_roh_BELLY.jpg,0.036037132143974304
IMG-20250919-WA0019_BELLY.jpg,17,A01_15_06_W_roh_BELLY.jpg,0.03483574464917183
IMG-20250919-WA0019_BELLY.jpg,18,A05_18_04_W_roh_BELLY.jpg,0.034756749868392944
IMG-20250919-WA0019_BELLY.jpg,19,A02_06_07_M_roh_BELLY.jpg,0.034036315977573395
IMG-20250919-WA0019_BELLY.jpg,20,A08_12_15_W_roh_BELLY.jpg,0.03388074040412903
IMG-20250919-WA0020_BELLY.jpg,1,A08_06_08_W_roh_BELLY.jpg,0.04891024902462959
IMG-20250919-WA0020_BELLY.jpg,2,A04_12_04_W_roh_BELLY.jpg,0.04790417104959488
IMG-20250919-WA0020_BELLY.jpg,3,A05_21_01_W_roh_BELLY.jpg,0.04683464765548706
IMG-20250919-WA0020_BELLY.jpg,4,A08_12_15_W_roh_BELLY.jpg,0.046027760952711105
IMG-20250919-WA0020_BELLY.jpg,5,A02_06_03_M_roh_BELLY.jpg,0.04164101183414459
IMG-20250919-WA0020_BELLY.jpg,6,A08_06_05_SA_roh_BELLY.jpg,0.03763439878821373
IMG-20250919-WA0020_BELLY.jpg,7,AT01_06_03_W_roh_BELLY.jpg,0.03711285814642906
IMG-20250919-WA0020_BELLY.jpg,8,A08_18_04_W_roh_BELLY.jpg,0.036300335079431534
IMG-20250919-WA0020_BELLY.jpg,9,A01_15_03_W_roh_BELLY.jpg,0.03593481704592705
IMG-20250919-WA0020_BELLY.jpg,10,A08_06_02_SA_roh_BELLY.jpg,0.03525258228182793
IMG-20250919-WA0020_BELLY.jpg,11,A02_06_06_M_roh_BELLY.jpg,0.035214800387620926
IMG-20250919-WA0020_BELLY.jpg,12,A08_12_13_W_roh_BELLY.jpg,0.0343199297785759
IMG-20250919-WA0020_BELLY.jpg,13,A01_06_01_SA_roh_BELLY.jpg,0.03361494839191437
IMG-20250919-WA0020_BELLY.jpg,14,A04_06_01_M_roh_BELLY.jpg,0.03311382979154587
IMG-20250919-WA0020_BELLY.jpg,15,A04_06_02_M_roh_BELLY.jpg,0.03255395591259003
IMG-20250919-WA0020_BELLY.jpg,16,A06_18_04_W_roh_BELLY.jpg,0.032362669706344604
IMG-20250919-WA0020_BELLY.jpg,17,A01_18_14_W_roh_BELLY.jpg,0.03134212642908096
IMG-20250919-WA0020_BELLY.jpg,18,A04_15_04_M_roh_BELLY.jpg,0.0311347134411335
IMG-20250919-WA0020_BELLY.jpg,19,A08_06_10_M_roh_BELLY.jpg,0.031076515093445778
IMG-20250919-WA0020_BELLY.jpg,20,A08_18_17_W_roh_BELLY.jpg,0.03026454523205757
IMG-20250919-WA0021_BELLY.jpg,1,A08_06_08_W_roh_BELLY.jpg,0.09196894615888596
IMG-20250919-WA0021_BELLY.jpg,2,A04_12_04_W_roh_BELLY.jpg,0.07269197702407837
IMG-20250919-WA0021_BELLY.jpg,3,A08_06_05_SA_roh_BELLY.jpg,0.06021597608923912
IMG-20250919-WA0021_BELLY.jpg,4,A08_18_04_W_roh_BELLY.jpg,0.059539977461099625
IMG-20250919-WA0021_BELLY.jpg,5,A02_06_06_M_roh_BELLY.jpg,0.0593469962477684
IMG-20250919-WA0021_BELLY.jpg,6,A08_18_06_W_roh_BELLY.jpg,0.05518975853919983
IMG-20250919-WA0021_BELLY.jpg,7,AT01_03_02_W_roh_BELLY.jpg,0.05302216112613678
IMG-20250919-WA0021_BELLY.jpg,8,A08_12_05_W_roh_BELLY.jpg,0.05245828628540039
IMG-20250919-WA0021_BELLY.jpg,9,A03_12_03_M_roh_BELLY.jpg,0.050515078008174896
IMG-20250919-WA0021_BELLY.jpg,10,A05_21_01_W_roh_BELLY.jpg,0.05001971498131752
IMG-20250919-WA0021_BELLY.jpg,11,A08_06_10_M_roh_BELLY.jpg,0.049785055220127106
IMG-20250919-WA0021_BELLY.jpg,12,A08_15_04_M_roh_BELLY.jpg,0.049468591809272766
IMG-20250919-WA0021_BELLY.jpg,13,A01_15_03_W_roh_BELLY.jpg,0.04920608922839165
IMG-20250919-WA0021_BELLY.jpg,14,A08_15_03_W_roh_BELLY.jpg,0.04859306663274765
IMG-20250919-WA0021_BELLY.jpg,15,A02_06_03_M_roh_BELLY.jpg,0.04758968949317932
IMG-20250919-WA0021_BELLY.jpg,16,A02_06_07_M_roh_BELLY.jpg,0.04661043360829353
IMG-20250919-WA0021_BELLY.jpg,17,A08_15_14_W_roh_BELLY.jpg,0.0464678630232811
IMG-20250919-WA0021_BELLY.jpg,18,A08_18_12_W_roh_BELLY.jpg,0.04631374776363373
IMG-20250919-WA0021_BELLY.jpg,19,AT01_06_03_W_roh_BELLY.jpg,0.04611377418041229
IMG-20250919-WA0021_BELLY.jpg,20,A08_18_17_W_roh_BELLY.jpg,0.04606283828616142
IMG_20250501_132115_BELLY.jpg,1,A08_18_17_W_roh_BELLY.jpg,0.05676679313182831
IMG_20250501_132115_BELLY.jpg,2,A08_06_08_W_roh_BELLY.jpg,0.05171292647719383
IMG_20250501_132115_BELLY.jpg,3,A05_21_01_W_roh_BELLY.jpg,0.04850597679615021
IMG_20250501_132115_BELLY.jpg,4,AT01_06_03_W_roh_BELLY.jpg,0.047430865466594696
IMG_20250501_132115_BELLY.jpg,5,A08_06_02_SA_roh_BELLY.jpg,0.04635624960064888
IMG_20250501_132115_BELLY.jpg,6,A04_12_04_W_roh_BELLY.jpg,0.044400788843631744
IMG_20250501_132115_BELLY.jpg,7,A08_06_05_SA_roh_BELLY.jpg,0.04386477544903755
IMG_20250501_132115_BELLY.jpg,8,A01_06_01_SA_roh_BELLY.jpg,0.042644284665584564
IMG_20250501_132115_BELLY.jpg,9,A04_06_01_M_roh_BELLY.jpg,0.041823599487543106
IMG_20250501_132115_BELLY.jpg,10,A08_12_15_W_roh_BELLY.jpg,0.04162570461630821
IMG_20250501_132115_BELLY.jpg,11,A02_06_06_M_roh_BELLY.jpg,0.04092929884791374
IMG_20250501_132115_BELLY.jpg,12,A02_06_03_M_roh_BELLY.jpg,0.04055294767022133
IMG_20250501_132115_BELLY.jpg,13,A08_18_22_W_roh_BELLY.jpg,0.038781311362981796
IMG_20250501_132115_BELLY.jpg,14,A04_15_06_M_roh_BELLY.jpg,0.03661353886127472
IMG_20250501_132115_BELLY.jpg,15,A01_18_12_M_roh_BELLY.jpg,0.036314159631729126
IMG_20250501_132115_BELLY.jpg,16,AT01_03_02_W_roh_BELLY.jpg,0.03619895130395889
IMG_20250501_132115_BELLY.jpg,17,IMG_20250501_133055_BELLY.jpg,0.036074016243219376
IMG_20250501_132115_BELLY.jpg,18,A04_06_02_M_roh_BELLY.jpg,0.035607919096946716
IMG_20250501_132115_BELLY.jpg,19,A08_06_10_M_roh_BELLY.jpg,0.03551626205444336
IMG_20250501_132115_BELLY.jpg,20,A08_12_13_W_roh_BELLY.jpg,0.035445477813482285
IMG_20250501_132350_BELLY.jpg,1,A08_06_08_W_roh_BELLY.jpg,0.09365342557430267
IMG_20250501_132350_BELLY.jpg,2,A05_21_01_W_roh_BELLY.jpg,0.08947616815567017
IMG_20250501_132350_BELLY.jpg,3,A02_06_03_M_roh_BELLY.jpg,0.08270007371902466
IMG_20250501_132350_BELLY.jpg,4,AT01_06_03_W_roh_BELLY.jpg,0.07865454256534576
IMG_20250501_132350_BELLY.jpg,5,A08_12_15_W_roh_BELLY.jpg,0.072166807949543
IMG_20250501_132350_BELLY.jpg,6,A01_06_01_SA_roh_BELLY.jpg,0.07092079520225525
IMG_20250501_132350_BELLY.jpg,7,A04_06_01_M_roh_BELLY.jpg,0.06810272485017776
IMG_20250501_132350_BELLY.jpg,8,A02_06_06_M_roh_BELLY.jpg,0.06694363802671432
IMG_20250501_132350_BELLY.jpg,9,A08_06_05_SA_roh_BELLY.jpg,0.06518475711345673
IMG_20250501_132350_BELLY.jpg,10,A04_06_02_M_roh_BELLY.jpg,0.06462680548429489
IMG_20250501_132350_BELLY.jpg,11,A01_18_14_W_roh_BELLY.jpg,0.06258275359869003
IMG_20250501_132350_BELLY.jpg,12,A08_06_02_SA_roh_BELLY.jpg,0.061399899423122406
IMG_20250501_132350_BELLY.jpg,13,A03_12_03_M_roh_BELLY.jpg,0.058874573558568954
IMG_20250501_132350_BELLY.jpg,14,A04_12_02_M_roh_BELLY.jpg,0.05814845487475395
IMG_20250501_132350_BELLY.jpg,15,A08_06_10_M_roh_BELLY.jpg,0.05725047364830971
IMG_20250501_132350_BELLY.jpg,16,A04_15_04_M_roh_BELLY.jpg,0.05693276971578598
IMG_20250501_132350_BELLY.jpg,17,A08_12_13_W_roh_BELLY.jpg,0.056095484644174576
IMG_20250501_132350_BELLY.jpg,18,A01_15_03_W_roh_BELLY.jpg,0.056086692959070206
IMG_20250501_132350_BELLY.jpg,19,A08_12_05_W_roh_BELLY.jpg,0.0546325221657753
IMG_20250501_132350_BELLY.jpg,20,A07_18_01_W_roh_BELLY.jpg,0.05362103879451752
IMG_20250501_133055_BELLY.jpg,1,A08_06_08_W_roh_BELLY.jpg,0.06282655149698257
IMG_20250501_133055_BELLY.jpg,2,A04_12_04_W_roh_BELLY.jpg,0.05276944488286972
IMG_20250501_133055_BELLY.jpg,3,A08_18_17_W_roh_BELLY.jpg,0.049136850982904434
IMG_20250501_133055_BELLY.jpg,4,A03_12_03_M_roh_BELLY.jpg,0.048299919813871384
IMG_20250501_133055_BELLY.jpg,5,A02_06_03_M_roh_BELLY.jpg,0.047311827540397644
IMG_20250501_133055_BELLY.jpg,6,A05_21_01_W_roh_BELLY.jpg,0.04711339622735977
IMG_20250501_133055_BELLY.jpg,7,A08_12_15_W_roh_BELLY.jpg,0.04602765291929245
IMG_20250501_133055_BELLY.jpg,8,A08_06_05_SA_roh_BELLY.jpg,0.045620206743478775
IMG_20250501_133055_BELLY.jpg,9,A04_06_01_M_roh_BELLY.jpg,0.044560011476278305
IMG_20250501_133055_BELLY.jpg,10,A08_06_02_SA_roh_BELLY.jpg,0.043305762112140656
IMG_20250501_133055_BELLY.jpg,11,A01_06_01_SA_roh_BELLY.jpg,0.04167866334319115
IMG_20250501_133055_BELLY.jpg,12,AT01_06_03_W_roh_BELLY.jpg,0.04141514375805855
IMG_20250501_133055_BELLY.jpg,13,A02_06_06_M_roh_BELLY.jpg,0.04129326343536377
IMG_20250501_133055_BELLY.jpg,14,A08_06_10_M_roh_BELLY.jpg,0.03849295899271965
IMG_20250501_133055_BELLY.jpg,15,A08_15_14_W_roh_BELLY.jpg,0.038333773612976074
IMG_20250501_133055_BELLY.jpg,16,A01_15_03_W_roh_BELLY.jpg,0.03771037608385086
IMG_20250501_133055_BELLY.jpg,17,A04_06_02_M_roh_BELLY.jpg,0.037312474101781845
IMG_20250501_133055_BELLY.jpg,18,A05_18_04_W_roh_BELLY.jpg,0.036378078162670135
IMG_20250501_133055_BELLY.jpg,19,IMG_20250501_132115_BELLY.jpg,0.036074016243219376
IMG_20250501_133055_BELLY.jpg,20,A01_18_14_W_roh_BELLY.jpg,0.03598446398973465
IMG_20250515_113414_BELLY.jpg,1,A08_06_08_W_roh_BELLY.jpg,0.06814492493867874
IMG_20250515_113414_BELLY.jpg,2,A05_21_01_W_roh_BELLY.jpg,0.05292437598109245
IMG_20250515_113414_BELLY.jpg,3,A04_06_01_M_roh_BELLY.jpg,0.05122293531894684
IMG_20250515_113414_BELLY.jpg,4,A08_06_05_SA_roh_BELLY.jpg,0.04609247297048569
IMG_20250515_113414_BELLY.jpg,5,A04_12_04_W_roh_BELLY.jpg,0.04566366225481033
IMG_20250515_113414_BELLY.jpg,6,A08_12_15_W_roh_BELLY.jpg,0.04420249164104462
IMG_20250515_113414_BELLY.jpg,7,A04_06_02_M_roh_BELLY.jpg,0.04380643740296364
IMG_20250515_113414_BELLY.jpg,8,A08_18_17_W_roh_BELLY.jpg,0.04138122871518135
IMG_20250515_113414_BELLY.jpg,9,A08_06_02_SA_roh_BELLY.jpg,0.04129729047417641
IMG_20250515_113414_BELLY.jpg,10,A02_06_06_M_roh_BELLY.jpg,0.041293077170848846
IMG_20250515_113414_BELLY.jpg,11,IMG_20250807_104159_BELLY.jpg,0.04029940068721771
IMG_20250515_113414_BELLY.jpg,12,A02_06_03_M_roh_BELLY.jpg,0.040131811052560806
IMG_20250515_113414_BELLY.jpg,13,A02_06_07_M_roh_BELLY.jpg,0.039692576974630356
IMG_20250515_113414_BELLY.jpg,14,A08_18_20_W_roh_BELLY.jpg,0.03929136320948601
IMG_20250515_113414_BELLY.jpg,15,A08_15_14_W_roh_BELLY.jpg,0.038636814802885056
IMG_20250515_113414_BELLY.jpg,16,A08_18_04_W_roh_BELLY.jpg,0.03857456147670746
IMG_20250515_113414_BELLY.jpg,17,A01_18_14_W_roh_BELLY.jpg,0.03822174295783043
IMG_20250515_113414_BELLY.jpg,18,A08_06_10_M_roh_BELLY.jpg,0.03733855113387108
IMG_20250515_113414_BELLY.jpg,19,A08_12_13_W_roh_BELLY.jpg,0.03684300184249878
IMG_20250515_113414_BELLY.jpg,20,AT01_06_03_W_roh_BELLY.jpg,0.036649253219366074
IMG_20250515_114220_BELLY.jpg,1,A08_06_08_W_roh_BELLY.jpg,0.0811074823141098
IMG_20250515_114220_BELLY.jpg,2,A08_12_15_W_roh_BELLY.jpg,0.0668126568198204
IMG_20250515_114220_BELLY.jpg,3,A08_06_05_SA_roh_BELLY.jpg,0.06518492847681046
IMG_20250515_114220_BELLY.jpg,4,A04_06_01_M_roh_BELLY.jpg,0.058319564908742905
IMG_20250515_114220_BELLY.jpg,5,AT01_06_03_W_roh_BELLY.jpg,0.05482780933380127
IMG_20250515_114220_BELLY.jpg,6,A01_06_01_SA_roh_BELLY.jpg,0.05251982435584068
IMG_20250515_114220_BELLY.jpg,7,A05_21_01_W_roh_BELLY.jpg,0.05133553594350815
IMG_20250515_114220_BELLY.jpg,8,A08_15_14_W_roh_BELLY.jpg,0.05041597783565521
IMG_20250515_114220_BELLY.jpg,9,A08_12_05_W_roh_BELLY.jpg,0.04966851696372032
IMG_20250515_114220_BELLY.jpg,10,A02_06_07_M_roh_BELLY.jpg,0.04961574450135231
IMG_20250515_114220_BELLY.jpg,11,A08_15_05_M_roh_BELLY.jpg,0.049462705850601196
IMG_20250515_114220_BELLY.jpg,12,A01_18_14_W_roh_BELLY.jpg,0.04872303456068039
IMG_20250515_114220_BELLY.jpg,13,A04_06_02_M_roh_BELLY.jpg,0.048649683594703674
IMG_20250515_114220_BELLY.jpg,14,IMG-20250829-WA0024_BELLY.jpg,0.04789157956838608
IMG_20250515_114220_BELLY.jpg,15,A04_12_02_M_roh_BELLY.jpg,0.04673684015870094
IMG_20250515_114220_BELLY.jpg,16,A02_06_03_M_roh_BELLY.jpg,0.04640641808509827
IMG_20250515_114220_BELLY.jpg,17,A08_18_04_W_roh_BELLY.jpg,0.04539114609360695
IMG_20250515_114220_BELLY.jpg,18,A08_06_10_M_roh_BELLY.jpg,0.04514018073678017
IMG_20250515_114220_BELLY.jpg,19,A08_18_17_W_roh_BELLY.jpg,0.04494185745716095
IMG_20250515_114220_BELLY.jpg,20,A01_15_03_W_roh_BELLY.jpg,0.044800370931625366
IMG_20250515_121011_BELLY.jpg,1,A08_06_08_W_roh_BELLY.jpg,0.07153141498565674
IMG_20250515_121011_BELLY.jpg,2,A08_06_02_SA_roh_BELLY.jpg,0.06159920245409012
IMG_20250515_121011_BELLY.jpg,3,AT01_06_03_W_roh_BELLY.jpg,0.06123276427388191
IMG_20250515_121011_BELLY.jpg,4,A04_12_04_W_roh_BELLY.jpg,0.06074203550815582
IMG_20250515_121011_BELLY.jpg,5,A05_21_01_W_roh_BELLY.jpg,0.057975780218839645
IMG_20250515_121011_BELLY.jpg,6,A08_06_05_SA_roh_BELLY.jpg,0.05493162199854851
IMG_20250515_121011_BELLY.jpg,7,A08_06_10_M_roh_BELLY.jpg,0.054589755833148956
IMG_20250515_121011_BELLY.jpg,8,A02_06_03_M_roh_BELLY.jpg,0.05350762978196144
IMG_20250515_121011_BELLY.jpg,9,A03_12_03_M_roh_BELLY.jpg,0.051489174365997314
IMG_20250515_121011_BELLY.jpg,10,A08_12_13_W_roh_BELLY.jpg,0.050636034458875656
IMG_20250515_121011_BELLY.jpg,11,A04_06_01_M_roh_BELLY.jpg,0.04948602244257927
IMG_20250515_121011_BELLY.jpg,12,A08_12_15_W_roh_BELLY.jpg,0.04852502420544624
IMG_20250515_121011_BELLY.jpg,13,A01_18_14_W_roh_BELLY.jpg,0.04611033946275711
IMG_20250515_121011_BELLY.jpg,14,A05_18_04_W_roh_BELLY.jpg,0.04557250812649727
IMG_20250515_121011_BELLY.jpg,15,A08_18_04_W_roh_BELLY.jpg,0.045426882803440094
IMG_20250515_121011_BELLY.jpg,16,A01_06_01_SA_roh_BELLY.jpg,0.0440836064517498
IMG_20250515_121011_BELLY.jpg,17,A08_18_22_W_roh_BELLY.jpg,0.04248279705643654
IMG_20250515_121011_BELLY.jpg,18,A04_06_02_M_roh_BELLY.jpg,0.041614655405282974
IMG_20250515_121011_BELLY.jpg,19,A07_18_01_W_roh_BELLY.jpg,0.041249871253967285
IMG_20250515_121011_BELLY.jpg,20,A08_18_19_W_roh_BELLY.jpg,0.04102952405810356
IMG_20250717_104317_BELLY.jpg,1,A08_06_08_W_roh_BELLY.jpg,0.05735255405306816
IMG_20250717_104317_BELLY.jpg,2,A04_12_04_W_roh_BELLY.jpg,0.04840049520134926
IMG_20250717_104317_BELLY.jpg,3,A08_12_05_W_roh_BELLY.jpg,0.04781446233391762
IMG_20250717_104317_BELLY.jpg,4,A05_21_01_W_roh_BELLY.jpg,0.04427975043654442
IMG_20250717_104317_BELLY.jpg,5,A08_06_05_SA_roh_BELLY.jpg,0.04267397150397301
IMG_20250717_104317_BELLY.jpg,6,A01_06_01_SA_roh_BELLY.jpg,0.04204308241605759
IMG_20250717_104317_BELLY.jpg,7,A03_12_03_M_roh_BELLY.jpg,0.04197067767381668
IMG_20250717_104317_BELLY.jpg,8,A08_18_17_W_roh_BELLY.jpg,0.04030514881014824
IMG_20250717_104317_BELLY.jpg,9,A08_06_02_SA_roh_BELLY.jpg,0.03953294828534126
IMG_20250717_104317_BELLY.jpg,10,A04_06_01_M_roh_BELLY.jpg,0.03833217918872833
IMG_20250717_104317_BELLY.jpg,11,A01_15_03_W_roh_BELLY.jpg,0.038237541913986206
IMG_20250717_104317_BELLY.jpg,12,A08_12_15_W_roh_BELLY.jpg,0.038179341703653336
IMG_20250717_104317_BELLY.jpg,13,A02_06_06_M_roh_BELLY.jpg,0.03803642839193344
IMG_20250717_104317_BELLY.jpg,14,A08_15_04_M_roh_BELLY.jpg,0.037234049290418625
IMG_20250717_104317_BELLY.jpg,15,A08_18_04_W_roh_BELLY.jpg,0.03659556433558464
IMG_20250717_104317_BELLY.jpg,16,A04_15_06_M_roh_BELLY.jpg,0.03647535294294357
IMG_20250717_104317_BELLY.jpg,17,AT01_06_03_W_roh_BELLY.jpg,0.03603685274720192
IMG_20250717_104317_BELLY.jpg,18,A04_06_02_M_roh_BELLY.jpg,0.03566008061170578
IMG_20250717_104317_BELLY.jpg,19,A08_18_20_W_roh_BELLY.jpg,0.03516384959220886
IMG_20250717_104317_BELLY.jpg,20,A02_06_03_M_roh_BELLY.jpg,0.03472757339477539
IMG_20250717_104525_BELLY.jpg,1,A08_06_08_W_roh_BELLY.jpg,0.05407257005572319
IMG_20250717_104525_BELLY.jpg,2,A04_12_04_W_roh_BELLY.jpg,0.05133650079369545
IMG_20250717_104525_BELLY.jpg,3,A08_06_05_SA_roh_BELLY.jpg,0.04809786006808281
IMG_20250717_104525_BELLY.jpg,4,A01_18_14_W_roh_BELLY.jpg,0.04678366333246231
IMG_20250717_104525_BELLY.jpg,5,A08_12_15_W_roh_BELLY.jpg,0.045642971992492676
IMG_20250717_104525_BELLY.jpg,6,A02_06_06_M_roh_BELLY.jpg,0.04542027413845062
IMG_20250717_104525_BELLY.jpg,7,A05_21_01_W_roh_BELLY.jpg,0.043915409594774246
IMG_20250717_104525_BELLY.jpg,8,A04_15_06_M_roh_BELLY.jpg,0.04332168400287628
IMG_20250717_104525_BELLY.jpg,9,A06_18_04_W_roh_BELLY.jpg,0.04319282993674278
IMG_20250717_104525_BELLY.jpg,10,A08_06_02_SA_roh_BELLY.jpg,0.04270033910870552
IMG_20250717_104525_BELLY.jpg,11,A08_18_17_W_roh_BELLY.jpg,0.04227227345108986
IMG_20250717_104525_BELLY.jpg,12,A02_06_03_M_roh_BELLY.jpg,0.041937291622161865
IMG_20250717_104525_BELLY.jpg,13,A08_18_04_W_roh_BELLY.jpg,0.04166603088378906
IMG_20250717_104525_BELLY.jpg,14,A01_15_03_W_roh_BELLY.jpg,0.0412529781460762
IMG_20250717_104525_BELLY.jpg,15,A08_15_05_M_roh_BELLY.jpg,0.03928377851843834
IMG_20250717_104525_BELLY.jpg,16,A08_15_03_W_roh_BELLY.jpg,0.038672227412462234
IMG_20250717_104525_BELLY.jpg,17,A01_18_12_M_roh_BELLY.jpg,0.038549285382032394
IMG_20250717_104525_BELLY.jpg,18,A05_18_04_W_roh_BELLY.jpg,0.03837896138429642
IMG_20250717_104525_BELLY.jpg,19,A08_15_04_M_roh_BELLY.jpg,0.038153428584337234
IMG_20250717_104525_BELLY.jpg,20,AT01_06_03_W_roh_BELLY.jpg,0.03798617795109749
IMG_20250717_104652_BELLY.jpg,1,A08_06_08_W_roh_BELLY.jpg,0.06445900350809097
IMG_20250717_104652_BELLY.jpg,2,A08_06_05_SA_roh_BELLY.jpg,0.051135800778865814
IMG_20250717_104652_BELLY.jpg,3,AT01_06_03_W_roh_BELLY.jpg,0.04659150913357735
IMG_20250717_104652_BELLY.jpg,4,A02_06_06_M_roh_BELLY.jpg,0.04654209315776825
IMG_20250717_104652_BELLY.jpg,5,A05_21_01_W_roh_BELLY.jpg,0.04624895006418228
IMG_20250717_104652_BELLY.jpg,6,A08_18_04_W_roh_BELLY.jpg,0.0461750328540802
IMG_20250717_104652_BELLY.jpg,7,A04_15_06_M_roh_BELLY.jpg,0.04289492219686508
IMG_20250717_104652_BELLY.jpg,8,A03_12_03_M_roh_BELLY.jpg,0.04197026416659355
IMG_20250717_104652_BELLY.jpg,9,A02_06_03_M_roh_BELLY.jpg,0.041641056537628174
IMG_20250717_104652_BELLY.jpg,10,A04_12_04_W_roh_BELLY.jpg,0.04116082563996315
IMG_20250717_104652_BELLY.jpg,11,A08_15_03_W_roh_BELLY.jpg,0.04084285721182823
IMG_20250717_104652_BELLY.jpg,12,A08_18_17_W_roh_BELLY.jpg,0.04061392322182655
IMG_20250717_104652_BELLY.jpg,13,A08_06_10_M_roh_BELLY.jpg,0.03930918872356415
IMG_20250717_104652_BELLY.jpg,14,A08_12_05_W_roh_BELLY.jpg,0.03859424963593483
IMG_20250717_104652_BELLY.jpg,15,A01_06_01_SA_roh_BELLY.jpg,0.03814231976866722
IMG_20250717_104652_BELLY.jpg,16,A04_06_01_M_roh_BELLY.jpg,0.03752891346812248
IMG_20250717_104652_BELLY.jpg,17,A06_18_04_W_roh_BELLY.jpg,0.03721669316291809
IMG_20250717_104652_BELLY.jpg,18,A08_18_22_W_roh_BELLY.jpg,0.036339785903692245
IMG_20250717_104652_BELLY.jpg,19,AT01_03_02_W_roh_BELLY.jpg,0.03619905933737755
IMG_20250717_104652_BELLY.jpg,20,A08_12_15_W_roh_BELLY.jpg,0.03571363165974617
IMG_20250717_105046_BELLY.jpg,1,A08_06_08_W_roh_BELLY.jpg,0.06622519344091415
IMG_20250717_105046_BELLY.jpg,2,A01_06_01_SA_roh_BELLY.jpg,0.04799235239624977
IMG_20250717_105046_BELLY.jpg,3,A02_06_06_M_roh_BELLY.jpg,0.04768119752407074
IMG_20250717_105046_BELLY.jpg,4,A08_06_05_SA_roh_BELLY.jpg,0.04609306901693344
IMG_20250717_105046_BELLY.jpg,5,A08_06_02_SA_roh_BELLY.jpg,0.0458807535469532
IMG_20250717_105046_BELLY.jpg,6,A04_12_04_W_roh_BELLY.jpg,0.045231107622385025
IMG_20250717_105046_BELLY.jpg,7,A08_06_10_M_roh_BELLY.jpg,0.04517589882016182
IMG_20250717_105046_BELLY.jpg,8,A08_18_04_W_roh_BELLY.jpg,0.04500428959727287
IMG_20250717_105046_BELLY.jpg,9,A08_18_17_W_roh_BELLY.jpg,0.04375617951154709
IMG_20250717_105046_BELLY.jpg,10,A02_06_03_M_roh_BELLY.jpg,0.04340893402695656
IMG_20250717_105046_BELLY.jpg,11,AT01_06_03_W_roh_BELLY.jpg,0.043072447180747986
IMG_20250717_105046_BELLY.jpg,12,A03_12_03_M_roh_BELLY.jpg,0.042318519204854965
IMG_20250717_105046_BELLY.jpg,13,A08_12_15_W_roh_BELLY.jpg,0.04123867675662041
IMG_20250717_105046_BELLY.jpg,14,A05_21_01_W_roh_BELLY.jpg,0.04083188995718956
IMG_20250717_105046_BELLY.jpg,15,A08_15_07_W_roh_BELLY.jpg,0.040313221514225006
IMG_20250717_105046_BELLY.jpg,16,A08_12_05_W_roh_BELLY.jpg,0.03973530977964401
IMG_20250717_105046_BELLY.jpg,17,A08_15_14_W_roh_BELLY.jpg,0.03959062695503235
IMG_20250717_105046_BELLY.jpg,18,A06_18_04_W_roh_BELLY.jpg,0.03839847445487976
IMG_20250717_105046_BELLY.jpg,19,IMG_20250807_104343_BELLY.jpg,0.03728329762816429
IMG_20250717_105046_BELLY.jpg,20,A08_15_04_M_roh_BELLY.jpg,0.03723403066396713
IMG_20250717_110833_BELLY.jpg,1,A04_12_04_W_roh_BELLY.jpg,0.05227883532643318
IMG_20250717_110833_BELLY.jpg,2,A08_06_08_W_roh_BELLY.jpg,0.05049610137939453
IMG_20250717_110833_BELLY.jpg,3,A05_21_01_W_roh_BELLY.jpg,0.04802832752466202
IMG_20250717_110833_BELLY.jpg,4,A03_12_03_M_roh_BELLY.jpg,0.04460783302783966
IMG_20250717_110833_BELLY.jpg,5,A04_06_01_M_roh_BELLY.jpg,0.04343665391206741
IMG_20250717_110833_BELLY.jpg,6,A08_06_05_SA_roh_BELLY.jpg,0.0430598184466362
IMG_20250717_110833_BELLY.jpg,7,AT01_06_03_W_roh_BELLY.jpg,0.042219407856464386
IMG_20250717_110833_BELLY.jpg,8,A08_06_02_SA_roh_BELLY.jpg,0.04217105731368065
IMG_20250717_110833_BELLY.jpg,9,A08_12_15_W_roh_BELLY.jpg,0.0416259691119194
IMG_20250717_110833_BELLY.jpg,10,A05_18_04_W_roh_BELLY.jpg,0.04139075055718422
IMG_20250717_110833_BELLY.jpg,11,A02_06_06_M_roh_BELLY.jpg,0.04092947766184807
IMG_20250717_110833_BELLY.jpg,12,A03_12_02_W_roh_BELLY.jpg,0.039749838411808014
IMG_20250717_110833_BELLY.jpg,13,A08_18_17_W_roh_BELLY.jpg,0.039419058710336685
IMG_20250717_110833_BELLY.jpg,14,A02_06_03_M_roh_BELLY.jpg,0.03789051994681358
IMG_20250717_110833_BELLY.jpg,15,A08_18_04_W_roh_BELLY.jpg,0.03754598647356033
IMG_20250717_110833_BELLY.jpg,16,A08_12_05_W_roh_BELLY.jpg,0.03721548989415169
IMG_20250717_110833_BELLY.jpg,17,A02_06_07_M_roh_BELLY.jpg,0.0371754989027977
IMG_20250717_110833_BELLY.jpg,18,A04_15_04_M_roh_BELLY.jpg,0.036943186074495316
IMG_20250717_110833_BELLY.jpg,19,A01_06_01_SA_roh_BELLY.jpg,0.03655226528644562
IMG_20250717_110833_BELLY.jpg,20,A01_18_14_W_roh_BELLY.jpg,0.03645359352231026
IMG_20250717_111215_BELLY.jpg,1,A05_21_01_W_roh_BELLY.jpg,0.06166534125804901
IMG_20250717_111215_BELLY.jpg,2,A08_06_08_W_roh_BELLY.jpg,0.05676455423235893
IMG_20250717_111215_BELLY.jpg,3,A04_12_04_W_roh_BELLY.jpg,0.04959595575928688
IMG_20250717_111215_BELLY.jpg,4,A08_06_02_SA_roh_BELLY.jpg,0.04919998720288277
IMG_20250717_111215_BELLY.jpg,5,A02_06_06_M_roh_BELLY.jpg,0.04861127957701683
IMG_20250717_111215_BELLY.jpg,6,A08_06_05_SA_roh_BELLY.jpg,0.046580880880355835
IMG_20250717_111215_BELLY.jpg,7,A08_12_15_W_roh_BELLY.jpg,0.0428563728928566
IMG_20250717_111215_BELLY.jpg,8,A08_18_04_W_roh_BELLY.jpg,0.04008868336677551
IMG_20250717_111215_BELLY.jpg,9,AT01_06_03_W_roh_BELLY.jpg,0.03958985581994057
IMG_20250717_111215_BELLY.jpg,10,A02_06_03_M_roh_BELLY.jpg,0.03882644698023796
IMG_20250717_111215_BELLY.jpg,11,A08_18_17_W_roh_BELLY.jpg,0.03819335624575615
IMG_20250717_111215_BELLY.jpg,12,A04_06_01_M_roh_BELLY.jpg,0.0379544161260128
IMG_20250717_111215_BELLY.jpg,13,A08_12_13_W_roh_BELLY.jpg,0.037784915417432785
IMG_20250717_111215_BELLY.jpg,14,A01_06_01_SA_roh_BELLY.jpg,0.03700347989797592
IMG_20250717_111215_BELLY.jpg,15,A08_06_10_M_roh_BELLY.jpg,0.03609985485672951
IMG_20250717_111215_BELLY.jpg,16,A08_15_14_W_roh_BELLY.jpg,0.035411424934864044
IMG_20250717_111215_BELLY.jpg,17,IMG_20250501_132350_BELLY.jpg,0.035227496176958084
IMG_20250717_111215_BELLY.jpg,18,A02_06_07_M_roh_BELLY.jpg,0.03428943455219269
IMG_20250717_111215_BELLY.jpg,19,A08_12_05_W_roh_BELLY.jpg,0.033824656158685684
IMG_20250717_111215_BELLY.jpg,20,A03_12_03_M_roh_BELLY.jpg,0.033582668751478195
IMG_20250717_111516_BELLY.jpg,1,A08_06_08_W_roh_BELLY.jpg,0.05046367272734642
IMG_20250717_111516_BELLY.jpg,2,A08_06_05_SA_roh_BELLY.jpg,0.0465705543756485
IMG_20250717_111516_BELLY.jpg,3,A08_06_02_SA_roh_BELLY.jpg,0.044468045234680176
IMG_20250717_111516_BELLY.jpg,4,A05_21_01_W_roh_BELLY.jpg,0.04391525313258171
IMG_20250717_111516_BELLY.jpg,5,A04_12_04_W_roh_BELLY.jpg,0.04148607328534126
IMG_20250717_111516_BELLY.jpg,6,A01_06_01_SA_roh_BELLY.jpg,0.04077589139342308
IMG_20250717_111516_BELLY.jpg,7,A01_15_03_W_roh_BELLY.jpg,0.040663570165634155
IMG_20250717_111516_BELLY.jpg,8,A08_12_15_W_roh_BELLY.jpg,0.04013862833380699
IMG_20250717_111516_BELLY.jpg,9,A01_18_14_W_roh_BELLY.jpg,0.03801283985376358
IMG_20250717_111516_BELLY.jpg,10,A02_06_03_M_roh_BELLY.jpg,0.037890274077653885
IMG_20250717_111516_BELLY.jpg,11,A08_15_03_W_roh_BELLY.jpg,0.037490665912628174
IMG_20250717_111516_BELLY.jpg,12,A02_06_06_M_roh_BELLY.jpg,0.03720026835799217
IMG_20250717_111516_BELLY.jpg,13,AT01_06_03_W_roh_BELLY.jpg,0.037112925201654434
IMG_20250717_111516_BELLY.jpg,14,A04_06_01_M_roh_BELLY.jpg,0.03559050336480141
IMG_20250717_111516_BELLY.jpg,15,A04_15_06_M_roh_BELLY.jpg,0.03537200763821602
IMG_20250717_111516_BELLY.jpg,16,A08_18_17_W_roh_BELLY.jpg,0.03508284315466881
IMG_20250717_111516_BELLY.jpg,17,A03_12_03_M_roh_BELLY.jpg,0.03485024720430374
IMG_20250717_111516_BELLY.jpg,18,A08_12_05_W_roh_BELLY.jpg,0.034584954380989075
IMG_20250717_111516_BELLY.jpg,19,A08_15_06_W_roh_BELLY.jpg,0.03443058207631111
IMG_20250717_111516_BELLY.jpg,20,A03_18_06_W_roh_BELLY.jpg,0.03374360501766205
IMG_20250717_111635_BELLY.jpg,1,A08_06_08_W_roh_BELLY.jpg,0.06282640993595123
IMG_20250717_111635_BELLY.jpg,2,A05_21_01_W_roh_BELLY.jpg,0.053565919399261475
IMG_20250717_111635_BELLY.jpg,3,A04_12_04_W_roh_BELLY.jpg,0.052727896720170975
IMG_20250717_111635_BELLY.jpg,4,A04_06_01_M_roh_BELLY.jpg,0.052703868597745895
IMG_20250717_111635_BELLY.jpg,5,A08_06_02_SA_roh_BELLY.jpg,0.05052359402179718
IMG_20250717_111635_BELLY.jpg,6,AT01_06_03_W_roh_BELLY.jpg,0.0487799197435379
IMG_20250717_111635_BELLY.jpg,7,A08_12_15_W_roh_BELLY.jpg,0.04732657968997955
IMG_20250717_111635_BELLY.jpg,8,A08_06_10_M_roh_BELLY.jpg,0.04662051796913147
IMG_20250717_111635_BELLY.jpg,9,A02_06_06_M_roh_BELLY.jpg,0.04606446623802185
IMG_20250717_111635_BELLY.jpg,10,A04_06_02_M_roh_BELLY.jpg,0.04396456480026245
IMG_20250717_111635_BELLY.jpg,11,A02_06_03_M_roh_BELLY.jpg,0.04211316257715225
IMG_20250717_111635_BELLY.jpg,12,A08_06_05_SA_roh_BELLY.jpg,0.04157453030347824
IMG_20250717_111635_BELLY.jpg,13,A08_18_17_W_roh_BELLY.jpg,0.04030515253543854
IMG_20250717_111635_BELLY.jpg,14,A01_18_14_W_roh_BELLY.jpg,0.03978229686617851
IMG_20250717_111635_BELLY.jpg,15,A08_12_13_W_roh_BELLY.jpg,0.03807420656085014
IMG_20250717_111635_BELLY.jpg,16,A08_12_05_W_roh_BELLY.jpg,0.03788547217845917
IMG_20250717_111635_BELLY.jpg,17,A08_18_04_W_roh_BELLY.jpg,0.03788018599152565
IMG_20250717_111635_BELLY.jpg,18,A01_06_01_SA_roh_BELLY.jpg,0.037750694900751114
IMG_20250717_111635_BELLY.jpg,19,A03_12_02_W_roh_BELLY.jpg,0.03731384500861168
IMG_20250717_111635_BELLY.jpg,20,A08_15_04_M_roh_BELLY.jpg,0.03557781130075455
IMG_20250717_112327_BELLY.jpg,1,A05_21_01_W_roh_BELLY.jpg,0.05836881324648857
IMG_20250717_112327_BELLY.jpg,2,A08_06_08_W_roh_BELLY.jpg,0.05676440894603729
IMG_20250717_112327_BELLY.jpg,3,A08_12_15_W_roh_BELLY.jpg,0.05212761089205742
IMG_20250717_112327_BELLY.jpg,4,A01_06_01_SA_roh_BELLY.jpg,0.051337338984012604
IMG_20250717_112327_BELLY.jpg,5,A08_18_17_W_roh_BELLY.jpg,0.046062879264354706
IMG_20250717_112327_BELLY.jpg,6,A08_18_04_W_roh_BELLY.jpg,0.045834265649318695
IMG_20250717_112327_BELLY.jpg,7,A08_06_05_SA_roh_BELLY.jpg,0.04471684247255325
IMG_20250717_112327_BELLY.jpg,8,A08_06_02_SA_roh_BELLY.jpg,0.043705154210329056
IMG_20250717_112327_BELLY.jpg,9,AT01_06_03_W_roh_BELLY.jpg,0.04363034665584564
IMG_20250717_112327_BELLY.jpg,10,A04_12_04_W_roh_BELLY.jpg,0.04323756322264671
IMG_20250717_112327_BELLY.jpg,11,A08_06_10_M_roh_BELLY.jpg,0.043115075677633286
IMG_20250717_112327_BELLY.jpg,12,A02_06_06_M_roh_BELLY.jpg,0.04219464212656021
IMG_20250717_112327_BELLY.jpg,13,A04_06_02_M_roh_BELLY.jpg,0.04191870987415314
IMG_20250717_112327_BELLY.jpg,14,A08_12_05_W_roh_BELLY.jpg,0.038902610540390015
IMG_20250717_112327_BELLY.jpg,15,A04_06_01_M_roh_BELLY.jpg,0.03833199292421341
IMG_20250717_112327_BELLY.jpg,16,A03_15_06_W_roh_BELLY.jpg,0.037558797746896744
IMG_20250717_112327_BELLY.jpg,17,A01_18_12_M_roh_BELLY.jpg,0.0363142266869545
IMG_20250717_112327_BELLY.jpg,18,A08_18_13_W_roh_BELLY.jpg,0.03609275445342064
IMG_20250717_112327_BELLY.jpg,19,A03_12_03_M_roh_BELLY.jpg,0.0357658825814724
IMG_20250717_112327_BELLY.jpg,20,A08_18_22_W_roh_BELLY.jpg,0.03528011217713356
IMG_20250717_113156_BELLY.jpg,1,A08_06_08_W_roh_BELLY.jpg,0.0620555505156517
IMG_20250717_113156_BELLY.jpg,2,A08_12_15_W_roh_BELLY.jpg,0.049027860164642334
IMG_20250717_113156_BELLY.jpg,3,A04_12_04_W_roh_BELLY.jpg,0.04878923296928406
IMG_20250717_113156_BELLY.jpg,4,A05_21_01_W_roh_BELLY.jpg,0.04756398871541023
IMG_20250717_113156_BELLY.jpg,5,A02_06_06_M_roh_BELLY.jpg,0.04654192551970482
IMG_20250717_113156_BELLY.jpg,6,A02_06_03_M_roh_BELLY.jpg,0.04211335629224777
IMG_20250717_113156_BELLY.jpg,7,A04_06_01_M_roh_BELLY.jpg,0.041823647916316986
IMG_20250717_113156_BELLY.jpg,8,A08_06_02_SA_roh_BELLY.jpg,0.04146237298846245
IMG_20250717_113156_BELLY.jpg,9,A08_18_04_W_roh_BELLY.jpg,0.039248187094926834
IMG_20250717_113156_BELLY.jpg,10,A01_18_14_W_roh_BELLY.jpg,0.03774099051952362
IMG_20250717_113156_BELLY.jpg,11,A03_12_03_M_roh_BELLY.jpg,0.037116095423698425
IMG_20250717_113156_BELLY.jpg,12,A04_06_02_M_roh_BELLY.jpg,0.03626135736703873
IMG_20250717_113156_BELLY.jpg,13,A08_18_02_W_roh_BELLY.jpg,0.03553292900323868
IMG_20250717_113156_BELLY.jpg,14,A08_15_14_W_roh_BELLY.jpg,0.03517746180295944
IMG_20250717_113156_BELLY.jpg,15,A08_06_05_SA_roh_BELLY.jpg,0.03464561328291893
IMG_20250717_113156_BELLY.jpg,16,A08_18_17_W_roh_BELLY.jpg,0.03454709053039551
IMG_20250717_113156_BELLY.jpg,17,A02_06_07_M_roh_BELLY.jpg,0.0342894047498703
IMG_20250717_113156_BELLY.jpg,18,AT01_06_03_W_roh_BELLY.jpg,0.03419128805398941
IMG_20250717_113156_BELLY.jpg,19,A08_12_05_W_roh_BELLY.jpg,0.033824723213911057
IMG_20250717_113156_BELLY.jpg,20,A01_06_01_SA_roh_BELLY.jpg,0.03332420811057091
IMG_20250717_113633_BELLY.jpg,1,A08_06_08_W_roh_BELLY.jpg,0.05309830978512764
IMG_20250717_113633_BELLY.jpg,2,A08_12_15_W_roh_BELLY.jpg,0.05157002806663513
IMG_20250717_113633_BELLY.jpg,3,A05_21_01_W_roh_BELLY.jpg,0.04850616678595543
IMG_20250717_113633_BELLY.jpg,4,A08_06_05_SA_roh_BELLY.jpg,0.0485038161277771
IMG_20250717_113633_BELLY.jpg,5,A02_06_06_M_roh_BELLY.jpg,0.0481751374900341
IMG_20250717_113633_BELLY.jpg,6,A08_18_04_W_roh_BELLY.jpg,0.04639357328414917
IMG_20250717_113633_BELLY.jpg,7,A01_06_01_SA_roh_BELLY.jpg,0.042540550231933594
IMG_20250717_113633_BELLY.jpg,8,A08_06_02_SA_roh_BELLY.jpg,0.04253930225968361
IMG_20250717_113633_BELLY.jpg,9,A04_12_04_W_roh_BELLY.jpg,0.04084306210279465
IMG_20250717_113633_BELLY.jpg,10,AT01_03_02_W_roh_BELLY.jpg,0.04079914838075638
IMG_20250717_113633_BELLY.jpg,11,AT01_06_03_W_roh_BELLY.jpg,0.03925268352031708
IMG_20250717_113633_BELLY.jpg,12,A08_18_06_W_roh_BELLY.jpg,0.038873687386512756
IMG_20250717_113633_BELLY.jpg,13,A08_18_17_W_roh_BELLY.jpg,0.03832399472594261
IMG_20250717_113633_BELLY.jpg,14,A04_06_01_M_roh_BELLY.jpg,0.03758775442838669
IMG_20250717_113633_BELLY.jpg,15,A08_15_04_M_roh_BELLY.jpg,0.03752807155251503
IMG_20250717_113633_BELLY.jpg,16,A04_06_02_M_roh_BELLY.jpg,0.03742509335279465
IMG_20250717_113633_BELLY.jpg,17,A03_12_03_M_roh_BELLY.jpg,0.0371161587536335
IMG_20250717_113633_BELLY.jpg,18,A02_06_03_M_roh_BELLY.jpg,0.03647107258439064
IMG_20250717_113633_BELLY.jpg,19,A08_06_10_M_roh_BELLY.jpg,0.03546450287103653
IMG_20250717_113633_BELLY.jpg,20,A08_12_13_W_roh_BELLY.jpg,0.035445284098386765
IMG_20250717_113844_BELLY.jpg,1,A08_06_08_W_roh_BELLY.jpg,0.055102646350860596
IMG_20250717_113844_BELLY.jpg,2,A04_12_04_W_roh_BELLY.jpg,0.05404321104288101
IMG_20250717_113844_BELLY.jpg,3,A05_21_01_W_roh_BELLY.jpg,0.05170765891671181
IMG_20250717_113844_BELLY.jpg,4,A08_06_02_SA_roh_BELLY.jpg,0.04797480255365372
IMG_20250717_113844_BELLY.jpg,5,A08_18_17_W_roh_BELLY.jpg,0.04752557724714279
IMG_20250717_113844_BELLY.jpg,6,A08_15_03_W_roh_BELLY.jpg,0.04605919122695923
IMG_20250717_113844_BELLY.jpg,7,A01_15_03_W_roh_BELLY.jpg,0.04567251354455948
IMG_20250717_113844_BELLY.jpg,8,A08_06_05_SA_roh_BELLY.jpg,0.043456483632326126
IMG_20250717_113844_BELLY.jpg,9,A02_06_06_M_roh_BELLY.jpg,0.04340049996972084
IMG_20250717_113844_BELLY.jpg,10,A01_06_01_SA_roh_BELLY.jpg,0.040487561374902725
IMG_20250717_113844_BELLY.jpg,11,AT01_06_03_W_roh_BELLY.jpg,0.03925280272960663
IMG_20250717_113844_BELLY.jpg,12,A08_12_05_W_roh_BELLY.jpg,0.03890262171626091
IMG_20250717_113844_BELLY.jpg,13,A08_18_04_W_roh_BELLY.jpg,0.0387071892619133
IMG_20250717_113844_BELLY.jpg,14,A08_12_13_W_roh_BELLY.jpg,0.03867413103580475
IMG_20250717_113844_BELLY.jpg,15,A03_12_03_M_roh_BELLY.jpg,0.0386316142976284
IMG_20250717_113844_BELLY.jpg,16,A08_06_10_M_roh_BELLY.jpg,0.03823169320821762
IMG_20250717_113844_BELLY.jpg,17,A02_06_03_M_roh_BELLY.jpg,0.03819508105516434
IMG_20250717_113844_BELLY.jpg,18,A08_12_15_W_roh_BELLY.jpg,0.03817932307720184
IMG_20250717_113844_BELLY.jpg,19,A04_06_01_M_roh_BELLY.jpg,0.03559047356247902
IMG_20250717_113844_BELLY.jpg,20,A04_06_02_M_roh_BELLY.jpg,0.03529428690671921
IMG_20250717_123430_BELLY.jpg,1,A08_06_08_W_roh_BELLY.jpg,0.06131282448768616
IMG_20250717_123430_BELLY.jpg,2,A02_06_06_M_roh_BELLY.jpg,0.05315469577908516
IMG_20250717_123430_BELLY.jpg,3,A08_06_02_SA_roh_BELLY.jpg,0.05246753245592117
IMG_20250717_123430_BELLY.jpg,4,A05_21_01_W_roh_BELLY.jpg,0.051707811653614044
IMG_20250717_123430_BELLY.jpg,5,A08_12_15_W_roh_BELLY.jpg,0.04732655733823776
IMG_20250717_123430_BELLY.jpg,6,A08_06_05_SA_roh_BELLY.jpg,0.04658084735274315
IMG_20250717_123430_BELLY.jpg,7,A04_12_04_W_roh_BELLY.jpg,0.045663755387067795
IMG_20250717_123430_BELLY.jpg,8,A01_06_01_SA_roh_BELLY.jpg,0.045588694512844086
IMG_20250717_123430_BELLY.jpg,9,A02_06_03_M_roh_BELLY.jpg,0.0452975332736969
IMG_20250717_123430_BELLY.jpg,10,A08_15_14_W_roh_BELLY.jpg,0.0441565103828907
IMG_20250717_123430_BELLY.jpg,11,A04_06_01_M_roh_BELLY.jpg,0.04396948218345642
IMG_20250717_123430_BELLY.jpg,12,AT01_06_03_W_roh_BELLY.jpg,0.043072283267974854
IMG_20250717_123430_BELLY.jpg,13,A01_15_03_W_roh_BELLY.jpg,0.04280524328351021
IMG_20250717_123430_BELLY.jpg,14,A03_12_03_M_roh_BELLY.jpg,0.04197051748633385
IMG_20250717_123430_BELLY.jpg,15,A08_18_22_W_roh_BELLY.jpg,0.03990562632679939
IMG_20250717_123430_BELLY.jpg,16,A02_06_07_M_roh_BELLY.jpg,0.03978613764047623
IMG_20250717_123430_BELLY.jpg,17,A08_12_13_W_roh_BELLY.jpg,0.039665695279836655
IMG_20250717_123430_BELLY.jpg,18,A08_12_05_W_roh_BELLY.jpg,0.03823520243167877
IMG_20250717_123430_BELLY.jpg,19,A08_18_17_W_roh_BELLY.jpg,0.03750486671924591
IMG_20250717_123430_BELLY.jpg,20,IMG-20250717-WA0012_BELLY.jpg,0.03708657622337341
IMG_20250717_123656_BELLY.jpg,1,A04_12_04_W_roh_BELLY.jpg,0.07269193232059479
IMG_20250717_123656_BELLY.jpg,2,A05_21_01_W_roh_BELLY.jpg,0.06894379109144211
IMG_20250717_123656_BELLY.jpg,3,A08_06_08_W_roh_BELLY.jpg,0.06131250411272049
IMG_20250717_123656_BELLY.jpg,4,A08_06_05_SA_roh_BELLY.jpg,0.05616648495197296
IMG_20250717_123656_BELLY.jpg,5,A08_12_15_W_roh_BELLY.jpg,0.05157000198960304
IMG_20250717_123656_BELLY.jpg,6,A02_06_03_M_roh_BELLY.jpg,0.0497378446161747
IMG_20250717_123656_BELLY.jpg,7,A08_15_14_W_roh_BELLY.jpg,0.04646773263812065
IMG_20250717_123656_BELLY.jpg,8,A02_06_06_M_roh_BELLY.jpg,0.04166684299707413
IMG_20250717_123656_BELLY.jpg,9,A08_18_17_W_roh_BELLY.jpg,0.04125359654426575
IMG_20250717_123656_BELLY.jpg,10,AT01_06_03_W_roh_BELLY.jpg,0.04065528139472008
IMG_20250717_123656_BELLY.jpg,11,A04_15_05_W_roh_BELLY.jpg,0.040427953004837036
IMG_20250717_123656_BELLY.jpg,12,A08_18_20_W_roh_BELLY.jpg,0.040148328989744186
IMG_20250717_123656_BELLY.jpg,13,A06_18_04_W_roh_BELLY.jpg,0.03912503272294998
IMG_20250717_123656_BELLY.jpg,14,A01_18_14_W_roh_BELLY.jpg,0.03872135654091835
IMG_20250717_123656_BELLY.jpg,15,A08_18_04_W_roh_BELLY.jpg,0.03857521340250969
IMG_20250717_123656_BELLY.jpg,16,A04_06_02_M_roh_BELLY.jpg,0.03769936040043831
IMG_20250717_123656_BELLY.jpg,17,A08_12_05_W_roh_BELLY.jpg,0.03754602372646332
IMG_20250717_123656_BELLY.jpg,18,A08_18_06_W_roh_BELLY.jpg,0.036940112709999084
IMG_20250717_123656_BELLY.jpg,19,A08_12_13_W_roh_BELLY.jpg,0.03668955713510513
IMG_20250717_123656_BELLY.jpg,20,A01_15_03_W_roh_BELLY.jpg,0.036481551826000214
IMG_20250807_103916_BELLY.jpg,1,A08_06_08_W_roh_BELLY.jpg,0.07024259120225906
IMG_20250807_103916_BELLY.jpg,2,A03_12_03_M_roh_BELLY.jpg,0.0614759586751461
IMG_20250807_103916_BELLY.jpg,3,A08_06_05_SA_roh_BELLY.jpg,0.06124971807003021
IMG_20250807_103916_BELLY.jpg,4,AT01_06_03_W_roh_BELLY.jpg,0.05420702323317528
IMG_20250807_103916_BELLY.jpg,5,A08_18_04_W_roh_BELLY.jpg,0.05295678228139877
IMG_20250807_103916_BELLY.jpg,6,A06_15_03_W_roh_BELLY.jpg,0.049256376922130585
IMG_20250807_103916_BELLY.jpg,7,A02_06_03_M_roh_BELLY.jpg,0.04865744709968567
IMG_20250807_103916_BELLY.jpg,8,A08_18_17_W_roh_BELLY.jpg,0.0482785701751709
IMG_20250807_103916_BELLY.jpg,9,A08_15_04_M_roh_BELLY.jpg,0.04825035482645035
IMG_20250807_103916_BELLY.jpg,10,A02_06_06_M_roh_BELLY.jpg,0.046585164964199066
IMG_20250807_103916_BELLY.jpg,11,A08_06_02_SA_roh_BELLY.jpg,0.04635652154684067
IMG_20250807_103916_BELLY.jpg,12,AT01_03_02_W_roh_BELLY.jpg,0.045271728187799454
IMG_20250807_103916_BELLY.jpg,13,A04_12_04_W_roh_BELLY.jpg,0.04481034353375435
IMG_20250807_103916_BELLY.jpg,14,A08_12_15_W_roh_BELLY.jpg,0.04468082636594772
IMG_20250807_103916_BELLY.jpg,15,A08_06_10_M_roh_BELLY.jpg,0.04402565956115723
IMG_20250807_103916_BELLY.jpg,16,A08_12_05_W_roh_BELLY.jpg,0.043879929929971695
IMG_20250807_103916_BELLY.jpg,17,A08_15_03_W_roh_BELLY.jpg,0.04342494159936905
IMG_20250807_103916_BELLY.jpg,18,A08_15_14_W_roh_BELLY.jpg,0.043369825929403305
IMG_20250807_103916_BELLY.jpg,19,A01_18_14_W_roh_BELLY.jpg,0.04322071745991707
IMG_20250807_103916_BELLY.jpg,20,A08_18_20_W_roh_BELLY.jpg,0.04264563322067261
IMG_20250807_104159_BELLY.jpg,1,A08_06_08_W_roh_BELLY.jpg,0.07254578918218613
IMG_20250807_104159_BELLY.jpg,2,A02_06_03_M_roh_BELLY.jpg,0.057284872978925705
IMG_20250807_104159_BELLY.jpg,3,A05_21_01_W_roh_BELLY.jpg,0.05716478079557419
IMG_20250807_104159_BELLY.jpg,4,A02_06_06_M_roh_BELLY.jpg,0.05562809854745865
IMG_20250807_104159_BELLY.jpg,5,AT01_06_03_W_roh_BELLY.jpg,0.05561717227101326
IMG_20250807_104159_BELLY.jpg,6,A08_06_05_SA_roh_BELLY.jpg,0.05249938368797302
IMG_20250807_104159_BELLY.jpg,7,A04_12_04_W_roh_BELLY.jpg,0.050215695053339005
IMG_20250807_104159_BELLY.jpg,8,A08_15_04_M_roh_BELLY.jpg,0.04926657676696777
IMG_20250807_104159_BELLY.jpg,9,A03_12_03_M_roh_BELLY.jpg,0.048331841826438904
IMG_20250807_104159_BELLY.jpg,10,A01_06_01_SA_roh_BELLY.jpg,0.046860892325639725
IMG_20250807_104159_BELLY.jpg,11,A08_06_02_SA_roh_BELLY.jpg,0.046846963465213776
IMG_20250807_104159_BELLY.jpg,12,A08_18_22_W_roh_BELLY.jpg,0.04563378542661667
IMG_20250807_104159_BELLY.jpg,13,A04_06_01_M_roh_BELLY.jpg,0.043969880789518356
IMG_20250807_104159_BELLY.jpg,14,A08_18_17_W_roh_BELLY.jpg,0.04280044138431549
IMG_20250807_104159_BELLY.jpg,15,A08_18_04_W_roh_BELLY.jpg,0.04179513454437256
IMG_20250807_104159_BELLY.jpg,16,IMG-20250829-WA0015_BELLY.jpg,0.04075421020388603
IMG_20250807_104159_BELLY.jpg,17,IMG_20250807_110659_BELLY.jpg,0.04050946608185768
IMG_20250807_104159_BELLY.jpg,18,AT01_03_02_W_roh_BELLY.jpg,0.0403888039290905
IMG_20250807_104159_BELLY.jpg,19,IMG_20250515_113414_BELLY.jpg,0.04029940068721771
IMG_20250807_104159_BELLY.jpg,20,A08_15_14_W_roh_BELLY.jpg,0.040267739444971085
IMG_20250807_104343_BELLY.jpg,1,A08_06_08_W_roh_BELLY.jpg,0.07378659397363663
IMG_20250807_104343_BELLY.jpg,2,A08_12_15_W_roh_BELLY.jpg,0.06023291125893593
IMG_20250807_104343_BELLY.jpg,3,A08_06_10_M_roh_BELLY.jpg,0.059211116284132004
IMG_20250807_104343_BELLY.jpg,4,A04_06_01_M_roh_BELLY.jpg,0.058720912784338
IMG_20250807_104343_BELLY.jpg,5,A05_21_01_W_roh_BELLY.jpg,0.057976264506578445
IMG_20250807_104343_BELLY.jpg,6,A08_06_02_SA_roh_BELLY.jpg,0.056487005203962326
IMG_20250807_104343_BELLY.jpg,7,A02_06_06_M_roh_BELLY.jpg,0.055499035865068436
IMG_20250807_104343_BELLY.jpg,8,A08_06_05_SA_roh_BELLY.jpg,0.05397843196988106
IMG_20250807_104343_BELLY.jpg,9,A02_06_03_M_roh_BELLY.jpg,0.053507741540670395
IMG_20250807_104343_BELLY.jpg,10,A04_12_04_W_roh_BELLY.jpg,0.05272815003991127
IMG_20250807_104343_BELLY.jpg,11,A04_06_02_M_roh_BELLY.jpg,0.05254771187901497
IMG_20250807_104343_BELLY.jpg,12,A01_15_03_W_roh_BELLY.jpg,0.04987005144357681
IMG_20250807_104343_BELLY.jpg,13,A01_06_01_SA_roh_BELLY.jpg,0.04924152046442032
IMG_20250807_104343_BELLY.jpg,14,A08_18_04_W_roh_BELLY.jpg,0.04586165025830269
IMG_20250807_104343_BELLY.jpg,15,AT01_06_03_W_roh_BELLY.jpg,0.04545385017991066
IMG_20250807_104343_BELLY.jpg,16,A08_12_05_W_roh_BELLY.jpg,0.04502656310796738
IMG_20250807_104343_BELLY.jpg,17,A08_18_17_W_roh_BELLY.jpg,0.04383202642202377
IMG_20250807_104343_BELLY.jpg,18,A01_18_14_W_roh_BELLY.jpg,0.04186968505382538
IMG_20250807_104343_BELLY.jpg,19,A05_18_04_W_roh_BELLY.jpg,0.04177277535200119
IMG_20250807_104343_BELLY.jpg,20,A08_12_13_W_roh_BELLY.jpg,0.040124475955963135
IMG_20250807_105223_BELLY.jpg,1,A08_06_08_W_roh_BELLY.jpg,0.07239877432584763
IMG_20250807_105223_BELLY.jpg,2,A05_21_01_W_roh_BELLY.jpg,0.0634191557765007
IMG_20250807_105223_BELLY.jpg,3,A08_06_02_SA_roh_BELLY.jpg,0.06246239319443703
IMG_20250807_105223_BELLY.jpg,4,AT01_06_03_W_roh_BELLY.jpg,0.0518641322851181
IMG_20250807_105223_BELLY.jpg,5,A08_15_04_M_roh_BELLY.jpg,0.05119865760207176
IMG_20250807_105223_BELLY.jpg,6,A08_06_05_SA_roh_BELLY.jpg,0.0492749884724617
IMG_20250807_105223_BELLY.jpg,7,A07_18_01_W_roh_BELLY.jpg,0.04615042731165886
IMG_20250807_105223_BELLY.jpg,8,A04_12_04_W_roh_BELLY.jpg,0.04400261864066124
IMG_20250807_105223_BELLY.jpg,9,A08_18_17_W_roh_BELLY.jpg,0.04383208230137825
IMG_20250807_105223_BELLY.jpg,10,A02_06_03_M_roh_BELLY.jpg,0.042964037507772446
IMG_20250807_105223_BELLY.jpg,11,A02_06_06_M_roh_BELLY.jpg,0.042851969599723816
IMG_20250807_105223_BELLY.jpg,12,A04_06_02_M_roh_BELLY.jpg,0.04266859218478203
IMG_20250807_105223_BELLY.jpg,13,A04_06_01_M_roh_BELLY.jpg,0.04194379970431328
IMG_20250807_105223_BELLY.jpg,14,A01_06_01_SA_roh_BELLY.jpg,0.04016679525375366
IMG_20250807_105223_BELLY.jpg,15,A08_18_22_W_roh_BELLY.jpg,0.039331529289484024
IMG_20250807_105223_BELLY.jpg,16,A01_15_03_W_roh_BELLY.jpg,0.0387880802154541
IMG_20250807_105223_BELLY.jpg,17,A08_12_15_W_roh_BELLY.jpg,0.03851104900240898
IMG_20250807_105223_BELLY.jpg,18,A08_06_10_M_roh_BELLY.jpg,0.037725720554590225
IMG_20250807_105223_BELLY.jpg,19,IMG-20250717-WA0012_BELLY.jpg,0.03726762905716896
IMG_20250807_105223_BELLY.jpg,20,A03_12_02_W_roh_BELLY.jpg,0.037106748670339584
IMG_20250807_105820_BELLY.jpg,1,A02_06_03_M_roh_BELLY.jpg,0.061151791363954544
IMG_20250807_105820_BELLY.jpg,2,A04_06_01_M_roh_BELLY.jpg,0.06085658445954323
IMG_20250807_105820_BELLY.jpg,3,A02_06_06_M_roh_BELLY.jpg,0.05700187757611275
IMG_20250807_105820_BELLY.jpg,4,A08_06_08_W_roh_BELLY.jpg,0.05443716421723366
IMG_20250807_105820_BELLY.jpg,5,A08_06_02_SA_roh_BELLY.jpg,0.05352795869112015
IMG_20250807_105820_BELLY.jpg,6,A05_21_01_W_roh_BELLY.jpg,0.050570935010910034
IMG_20250807_105820_BELLY.jpg,7,A08_06_05_SA_roh_BELLY.jpg,0.0498727485537529
IMG_20250807_105820_BELLY.jpg,8,A04_12_04_W_roh_BELLY.jpg,0.049641676247119904
IMG_20250807_105820_BELLY.jpg,9,AT01_06_03_W_roh_BELLY.jpg,0.044946178793907166
IMG_20250807_105820_BELLY.jpg,10,A08_18_04_W_roh_BELLY.jpg,0.04419364780187607
IMG_20250807_105820_BELLY.jpg,11,A08_12_15_W_roh_BELLY.jpg,0.04243403300642967
IMG_20250807_105820_BELLY.jpg,12,A08_15_04_M_roh_BELLY.jpg,0.04157482460141182
IMG_20250807_105820_BELLY.jpg,13,A02_06_07_M_roh_BELLY.jpg,0.04073714092373848
IMG_20250807_105820_BELLY.jpg,14,A04_15_04_M_roh_BELLY.jpg,0.03976954519748688
IMG_20250807_105820_BELLY.jpg,15,A03_12_03_M_roh_BELLY.jpg,0.039751723408699036
IMG_20250807_105820_BELLY.jpg,16,A08_12_05_W_roh_BELLY.jpg,0.0397515594959259
IMG_20250807_105820_BELLY.jpg,17,A01_15_03_W_roh_BELLY.jpg,0.039362721145153046
IMG_20250807_105820_BELLY.jpg,18,A01_06_01_SA_roh_BELLY.jpg,0.03907575458288193
IMG_20250807_105820_BELLY.jpg,19,A08_15_14_W_roh_BELLY.jpg,0.03894738852977753
IMG_20250807_105820_BELLY.jpg,20,A08_12_13_W_roh_BELLY.jpg,0.03837086632847786
IMG_20250807_110659_BELLY.jpg,1,A08_06_08_W_roh_BELLY.jpg,0.06716442108154297
IMG_20250807_110659_BELLY.jpg,2,A02_06_06_M_roh_BELLY.jpg,0.052035048604011536
IMG_20250807_110659_BELLY.jpg,3,A02_06_03_M_roh_BELLY.jpg,0.051733098924160004
IMG_20250807_110659_BELLY.jpg,4,A05_21_01_W_roh_BELLY.jpg,0.050030577927827835
IMG_20250807_110659_BELLY.jpg,5,AT01_06_03_W_roh_BELLY.jpg,0.04925622045993805
IMG_20250807_110659_BELLY.jpg,6,A03_12_03_M_roh_BELLY.jpg,0.04877251386642456
IMG_20250807_110659_BELLY.jpg,7,A08_06_10_M_roh_BELLY.jpg,0.04735489934682846
IMG_20250807_110659_BELLY.jpg,8,A08_12_15_W_roh_BELLY.jpg,0.04732701927423477
IMG_20250807_110659_BELLY.jpg,9,A04_12_04_W_roh_BELLY.jpg,0.0470409132540226
IMG_20250807_110659_BELLY.jpg,10,A08_06_02_SA_roh_BELLY.jpg,0.04635658860206604
IMG_20250807_110659_BELLY.jpg,11,A04_06_01_M_roh_BELLY.jpg,0.04564299434423447
IMG_20250807_110659_BELLY.jpg,12,A08_12_05_W_roh_BELLY.jpg,0.04460735246539116
IMG_20250807_110659_BELLY.jpg,13,A08_18_04_W_roh_BELLY.jpg,0.04419354349374771
IMG_20250807_110659_BELLY.jpg,14,A08_06_05_SA_roh_BELLY.jpg,0.04386504739522934
IMG_20250807_110659_BELLY.jpg,15,IMG-20250717-WA0012_BELLY.jpg,0.04230736941099167
IMG_20250807_110659_BELLY.jpg,16,A04_15_04_M_roh_BELLY.jpg,0.04156099259853363
IMG_20250807_110659_BELLY.jpg,17,IMG_20250807_104159_BELLY.jpg,0.04050946608185768
IMG_20250807_110659_BELLY.jpg,18,A01_18_14_W_roh_BELLY.jpg,0.03978242352604866
IMG_20250807_110659_BELLY.jpg,19,A08_18_17_W_roh_BELLY.jpg,0.038920946419239044
IMG_20250807_110659_BELLY.jpg,20,A04_06_02_M_roh_BELLY.jpg,0.038868144154548645
