Query,Rank,Candidate,Similarity
A01_03_07_W_roh_BELLY.jpg,1,A03_15_06_W_roh_BELLY.jpg,0.935046911239624
A01_03_07_W_roh_BELLY.jpg,2,A01_18_07_W_roh_BELLY.jpg,0.9338017702102661
A01_03_07_W_roh_BELLY.jpg,3,A08_15_06_W_roh_BELLY.jpg,0.9328314065933228
A01_03_07_W_roh_BELLY.jpg,4,A08_15_07_W_roh_BELLY.jpg,0.9326768517494202
A01_03_07_W_roh_BELLY.jpg,5,IMG_20250717_113844_BELLY.jpg,0.9309977293014526
A01_03_07_W_roh_BELLY.jpg,6,A01_18_03_W_roh_BELLY.jpg,0.9306764602661133
A01_03_07_W_roh_BELLY.jpg,7,A06_15_02_W_roh_BELLY.jpg,0.929181694984436
A01_03_07_W_roh_BELLY.jpg,8,A08_18_21_M_roh_BELLY.jpg,0.9278365969657898
A01_03_07_W_roh_BELLY.jpg,9,A01_05_03_W_roh_BELLY.jpg,0.9250445365905762
A01_03_07_W_roh_BELLY.jpg,10,A03_18_06_W_roh_BELLY.jpg,0.9242832064628601
A01_03_07_W_roh_BELLY.jpg,11,A02_03_01_W_roh_BELLY.jpg,0.9241812229156494
A01_03_07_W_roh_BELLY.jpg,12,A06_03_01_M_roh_BELLY.jpg,0.9233712553977966
A01_03_07_W_roh_BELLY.jpg,13,IMG_20250501_132350_BELLY.jpg,0.9231621623039246
A01_03_07_W_roh_BELLY.jpg,14,A08_15_04_M_roh_BELLY.jpg,0.9225914478302002
A01_03_07_W_roh_BELLY.jpg,15,A05_18_04_W_roh_BELLY.jpg,0.9220555424690247
A01_03_07_W_roh_BELLY.jpg,16,A07_08_04_M_roh_BELLY.jpg,0.9201464653015137
A01_03_07_W_roh_BELLY.jpg,17,A08_15_19_M_roh_BELLY.jpg,0.919617772102356
A01_03_07_W_roh_BELLY.jpg,18,A08_18_03_W_roh_BELLY.jpg,0.9195801019668579
A01_03_07_W_roh_BELLY.jpg,19,A01_15_01_W_roh_BELLY.jpg,0.9186830520629883
A01_03_07_W_roh_BELLY.jpg,20,IMG_20250717_104525_BELLY.jpg,0.9179681539535522
A01_05_03_W_roh_BELLY.jpg,1,A07_09_02_W_roh_BELLY.jpg,0.9608232975006104
A01_05_03_W_roh_BELLY.jpg,2,A06_17_02_W__roh_BELLY.jpg,0.9570524096488953
A01_05_03_W_roh_BELLY.jpg,3,A01_08_01_W_roh_BELLY.jpg,0.9531841278076172
A01_05_03_W_roh_BELLY.jpg,4,A07_08_04_M_roh_BELLY.jpg,0.9527080059051514
A01_05_03_W_roh_BELLY.jpg,5,A07_17_03_W_roh_BELLY.jpg,0.9499959349632263
A01_05_03_W_roh_BELLY.jpg,6,A07_08_03_W_roh_BELLY.jpg,0.9472693800926208
A01_05_03_W_roh_BELLY.jpg,7,A06_17_01_M_roh_-_Kopie_BELLY.jpg,0.9421417713165283
A01_05_03_W_roh_BELLY.jpg,8,IMG_20250717_113844_BELLY.jpg,0.941972017288208
A01_05_03_W_roh_BELLY.jpg,9,IMG_20250717_104525_BELLY.jpg,0.9393880367279053
A01_05_03_W_roh_BELLY.jpg,10,IMG-20250919-WA0011_BELLY.jpg,0.9385538697242737
A01_05_03_W_roh_BELLY.jpg,11,IMG-20250919-WA0012_BELLY.jpg,0.9380196332931519
A01_05_03_W_roh_BELLY.jpg,12,A07_09_03_W_roh_BELLY.jpg,0.937074601650238
A01_05_03_W_roh_BELLY.jpg,13,IMG_20250717_111215_BELLY.jpg,0.9343358278274536
A01_05_03_W_roh_BELLY.jpg,14,IMG_20250807_105223_BELLY.jpg,0.9341654777526855
A01_05_03_W_roh_BELLY.jpg,15,IMG_20250717_111635_BELLY.jpg,0.9332014918327332
A01_05_03_W_roh_BELLY.jpg,16,IMG-20250626-WA0025_BELLY.jpg,0.9327989816665649
A01_05_03_W_roh_BELLY.jpg,17,A06_17_04_W_roh_BELLY.jpg,0.9319109916687012
A01_05_03_W_roh_BELLY.jpg,18,IMG_20250717_113156_BELLY.jpg,0.931383490562439
A01_05_03_W_roh_BELLY.jpg,19,A01_17_01_W_roh_BELLY.jpg,0.931264340877533
A01_05_03_W_roh_BELLY.jpg,20,IMG-20250607-WA0003_BELLY.jpg,0.9312520623207092
A01_06_01_SA_roh_BELLY.jpg,1,A04_06_02_M_roh_BELLY.jpg,0.9649341106414795
A01_06_01_SA_roh_BELLY.jpg,2,A02_06_03_M_roh_BELLY.jpg,0.9637448787689209
A01_06_01_SA_roh_BELLY.jpg,3,A04_06_01_M_roh_BELLY.jpg,0.9618790149688721
A01_06_01_SA_roh_BELLY.jpg,4,A08_06_05_SA_roh_BELLY.jpg,0.9605976939201355
A01_06_01_SA_roh_BELLY.jpg,5,AT01_06_03_W_roh_BELLY.jpg,0.9605017900466919
A01_06_01_SA_roh_BELLY.jpg,6,A02_06_04_M_roh_BELLY.jpg,0.956731915473938
A01_06_01_SA_roh_BELLY.jpg,7,A01_18_14_W_roh_BELLY.jpg,0.9559155702590942
A01_06_01_SA_roh_BELLY.jpg,8,A08_18_19_W_roh_BELLY.jpg,0.9547834396362305
A01_06_01_SA_roh_BELLY.jpg,9,A08_06_08_W_roh_BELLY.jpg,0.952528715133667
A01_06_01_SA_roh_BELLY.jpg,10,A08_15_04_M_roh_BELLY.jpg,0.950897216796875
A01_06_01_SA_roh_BELLY.jpg,11,A02_06_06_M_roh_BELLY.jpg,0.9492471814155579
A01_06_01_SA_roh_BELLY.jpg,12,A05_18_04_W_roh_BELLY.jpg,0.9492409825325012
A01_06_01_SA_roh_BELLY.jpg,13,A08_18_13_W_roh_BELLY.jpg,0.9488784670829773
A01_06_01_SA_roh_BELLY.jpg,14,A08_06_10_M_roh_BELLY.jpg,0.9471350908279419
A01_06_01_SA_roh_BELLY.jpg,15,A03_12_02_W_roh_BELLY.jpg,0.94659823179245
A01_06_01_SA_roh_BELLY.jpg,16,A08_18_14_M_roh_BELLY.jpg,0.9459322690963745
A01_06_01_SA_roh_BELLY.jpg,17,AT01_03_02_W_roh_BELLY.jpg,0.9457677602767944
A01_06_01_SA_roh_BELLY.jpg,18,A01_12_01_M_roh_BELLY.jpg,0.9454846382141113
A01_06_01_SA_roh_BELLY.jpg,19,A05_21_01_W_roh_BELLY.jpg,0.9454615116119385
A01_06_01_SA_roh_BELLY.jpg,20,A05_18_08_W_roh_BELLY.jpg,0.9448469877243042
A01_08_01_W_roh_BELLY.jpg,1,A01_17_01_W_roh_BELLY.jpg,0.9631972312927246
A01_08_01_W_roh_BELLY.jpg,2,A06_17_02_W__roh_BELLY.jpg,0.9606132507324219
A01_08_01_W_roh_BELLY.jpg,3,A01_12_01_M_roh_BELLY.jpg,0.9604232311248779
A01_08_01_W_roh_BELLY.jpg,4,A08_09_35_W_roh_BELLY.jpg,0.9572727680206299
A01_08_01_W_roh_BELLY.jpg,5,A07_09_02_W_roh_BELLY.jpg,0.9533159732818604
A01_08_01_W_roh_BELLY.jpg,6,A01_05_03_W_roh_BELLY.jpg,0.9531841278076172
A01_08_01_W_roh_BELLY.jpg,7,A07_17_03_W_roh_BELLY.jpg,0.9531442523002625
A01_08_01_W_roh_BELLY.jpg,8,A07_08_03_W_roh_BELLY.jpg,0.951996922492981
A01_08_01_W_roh_BELLY.jpg,9,IMG-20250919-WA0011_BELLY.jpg,0.9515011310577393
A01_08_01_W_roh_BELLY.jpg,10,A06_17_01_M_roh_-_Kopie_BELLY.jpg,0.9497429132461548
A01_08_01_W_roh_BELLY.jpg,11,A06_17_04_W_roh_BELLY.jpg,0.9493110775947571
A01_08_01_W_roh_BELLY.jpg,12,A04_06_01_M_roh_BELLY.jpg,0.9481707811355591
A01_08_01_W_roh_BELLY.jpg,13,IMG-20250919-WA0014_BELLY.jpg,0.9472319483757019
A01_08_01_W_roh_BELLY.jpg,14,IMG-20250910-WA0061_BELLY.jpg,0.9471124410629272
A01_08_01_W_roh_BELLY.jpg,15,A05_18_04_W_roh_BELLY.jpg,0.9466667175292969
A01_08_01_W_roh_BELLY.jpg,16,A07_08_04_M_roh_BELLY.jpg,0.9459706544876099
A01_08_01_W_roh_BELLY.jpg,17,A04_17_01_W_roh_BELLY.jpg,0.943974494934082
A01_08_01_W_roh_BELLY.jpg,18,A08_15_04_M_roh_BELLY.jpg,0.9434729814529419
A01_08_01_W_roh_BELLY.jpg,19,A08_18_14_M_roh_BELLY.jpg,0.9429770708084106
A01_08_01_W_roh_BELLY.jpg,20,A08_15_07_W_roh_BELLY.jpg,0.9427412748336792
A01_09_21_W_roh_BELLY.jpg,1,IMG-20250829-WA0020_BELLY.jpg,0.9470280408859253
A01_09_21_W_roh_BELLY.jpg,2,IMG_20250717_111215_BELLY.jpg,0.9420338869094849
A01_09_21_W_roh_BELLY.jpg,3,IMG_20250807_103916_BELLY.jpg,0.9404948949813843
A01_09_21_W_roh_BELLY.jpg,4,IMG-20250919-WA0016_BELLY.jpg,0.9403488039970398
A01_09_21_W_roh_BELLY.jpg,5,A07_09_03_W_roh_BELLY.jpg,0.940297544002533
A01_09_21_W_roh_BELLY.jpg,6,IMG-20250919-WA0021_BELLY.jpg,0.9375132918357849
A01_09_21_W_roh_BELLY.jpg,7,IMG_20250501_132115_BELLY.jpg,0.9368737936019897
A01_09_21_W_roh_BELLY.jpg,8,IMG-20250626-WA0014_BELLY.jpg,0.9337843656539917
A01_09_21_W_roh_BELLY.jpg,9,A06_14_02_W_roh_BELLY.jpg,0.9331463575363159
A01_09_21_W_roh_BELLY.jpg,10,IMG_20250807_104343_BELLY.jpg,0.9324697852134705
A01_09_21_W_roh_BELLY.jpg,11,IMG-20250626-WA0015_BELLY.jpg,0.9315012693405151
A01_09_21_W_roh_BELLY.jpg,12,IMG_20250807_105223_BELLY.jpg,0.9294229745864868
A01_09_21_W_roh_BELLY.jpg,13,IMG-20250626-WA0003_BELLY.jpg,0.9290162324905396
A01_09_21_W_roh_BELLY.jpg,14,IMG_20250807_104159_BELLY.jpg,0.9286113381385803
A01_09_21_W_roh_BELLY.jpg,15,IMG_20250717_104317_BELLY.jpg,0.9284152984619141
A01_09_21_W_roh_BELLY.jpg,16,IMG-20250829-WA0015_BELLY.jpg,0.928081214427948
A01_09_21_W_roh_BELLY.jpg,17,A02_08_05_M_roh_BELLY.jpg,0.9275311231613159
A01_09_21_W_roh_BELLY.jpg,18,IMG_20250501_132350_BELLY.jpg,0.9271165132522583
A01_09_21_W_roh_BELLY.jpg,19,IMG-20250607-WA0003_BELLY.jpg,0.9262435436248779
A01_09_21_W_roh_BELLY.jpg,20,IMG_20250717_113844_BELLY.jpg,0.9240408539772034
A01_12_01_M_roh_BELLY.jpg,1,A08_18_23_W_roh_BELLY.jpg,0.9616419076919556
A01_12_01_M_roh_BELLY.jpg,2,A01_08_01_W_roh_BELLY.jpg,0.9604232311248779
A01_12_01_M_roh_BELLY.jpg,3,A03_12_02_W_roh_BELLY.jpg,0.9587336778640747
A01_12_01_M_roh_BELLY.jpg,4,A04_06_01_M_roh_BELLY.jpg,0.957645058631897
A01_12_01_M_roh_BELLY.jpg,5,A05_18_04_W_roh_BELLY.jpg,0.9569476246833801
A01_12_01_M_roh_BELLY.jpg,6,A01_17_01_W_roh_BELLY.jpg,0.9564685225486755
A01_12_01_M_roh_BELLY.jpg,7,A03_12_03_M_roh_BELLY.jpg,0.9544281959533691
A01_12_01_M_roh_BELLY.jpg,8,IMG-20250919-WA0011_BELLY.jpg,0.9543100595474243
A01_12_01_M_roh_BELLY.jpg,9,A08_18_14_M_roh_BELLY.jpg,0.9530338048934937
A01_12_01_M_roh_BELLY.jpg,10,A06_15_03_W_roh_BELLY.jpg,0.9517377614974976
A01_12_01_M_roh_BELLY.jpg,11,IMG-20250919-WA0016_BELLY.jpg,0.9515564441680908
A01_12_01_M_roh_BELLY.jpg,12,IMG-20250919-WA0014_BELLY.jpg,0.9501338005065918
A01_12_01_M_roh_BELLY.jpg,13,A05_18_06_W_roh_BELLY.jpg,0.949773371219635
A01_12_01_M_roh_BELLY.jpg,14,IMG-20250910-WA0061_BELLY.jpg,0.9493615627288818
A01_12_01_M_roh_BELLY.jpg,15,A03_12_01_M_roh_BELLY.jpg,0.9492073059082031
A01_12_01_M_roh_BELLY.jpg,16,A08_18_22_W_roh_BELLY.jpg,0.9487898349761963
A01_12_01_M_roh_BELLY.jpg,17,A04_15_06_M_roh_BELLY.jpg,0.9484290480613708
A01_12_01_M_roh_BELLY.jpg,18,A05_18_07_W_roh_BELLY.jpg,0.9483259916305542
A01_12_01_M_roh_BELLY.jpg,19,A01_15_06_W_roh_BELLY.jpg,0.9473557472229004
A01_12_01_M_roh_BELLY.jpg,20,A05_18_08_W_roh_BELLY.jpg,0.9471198320388794
A01_15_01_W_roh_BELLY.jpg,1,A01_15_03_W_roh_BELLY.jpg,0.9649254083633423
A01_15_01_W_roh_BELLY.jpg,2,A08_18_14_M_roh_BELLY.jpg,0.960499107837677
A01_15_01_W_roh_BELLY.jpg,3,A03_12_03_M_roh_BELLY.jpg,0.9581016302108765
A01_15_01_W_roh_BELLY.jpg,4,A05_18_04_W_roh_BELLY.jpg,0.9561684131622314
A01_15_01_W_roh_BELLY.jpg,5,A08_06_02_SA_roh_BELLY.jpg,0.9558393359184265
A01_15_01_W_roh_BELLY.jpg,6,A06_03_01_M_roh_BELLY.jpg,0.9556574821472168
A01_15_01_W_roh_BELLY.jpg,7,A01_15_06_W_roh_BELLY.jpg,0.9531086683273315
A01_15_01_W_roh_BELLY.jpg,8,A04_06_01_M_roh_BELLY.jpg,0.9525747299194336
A01_15_01_W_roh_BELLY.jpg,9,A08_18_06_W_roh_BELLY.jpg,0.9523357152938843
A01_15_01_W_roh_BELLY.jpg,10,A08_18_23_W_roh_BELLY.jpg,0.9512015581130981
A01_15_01_W_roh_BELLY.jpg,11,A05_15_03_W_roh_BELLY.jpg,0.951087474822998
A01_15_01_W_roh_BELLY.jpg,12,A08_15_04_M_roh_BELLY.jpg,0.9489903450012207
A01_15_01_W_roh_BELLY.jpg,13,A05_18_07_W_roh_BELLY.jpg,0.9471487402915955
A01_15_01_W_roh_BELLY.jpg,14,A05_18_08_W_roh_BELLY.jpg,0.9470371007919312
A01_15_01_W_roh_BELLY.jpg,15,AT01_03_02_W_roh_BELLY.jpg,0.9443672895431519
A01_15_01_W_roh_BELLY.jpg,16,A03_18_07_M_roh_BELLY.jpg,0.9419538378715515
A01_15_01_W_roh_BELLY.jpg,17,A08_18_20_W_roh_BELLY.jpg,0.9415063858032227
A01_15_01_W_roh_BELLY.jpg,18,A08_18_10_W_roh_BELLY.jpg,0.941417932510376
A01_15_01_W_roh_BELLY.jpg,19,A05_18_06_W_roh_BELLY.jpg,0.9413477182388306
A01_15_01_W_roh_BELLY.jpg,20,IMG_20250717_112327_BELLY.jpg,0.9407566785812378
A01_15_03_W_roh_BELLY.jpg,1,A08_18_14_M_roh_BELLY.jpg,0.9684673547744751
A01_15_03_W_roh_BELLY.jpg,2,A03_12_03_M_roh_BELLY.jpg,0.9663940072059631
A01_15_03_W_roh_BELLY.jpg,3,A01_15_01_W_roh_BELLY.jpg,0.9649254083633423
A01_15_03_W_roh_BELLY.jpg,4,A05_15_03_W_roh_BELLY.jpg,0.9607702493667603
A01_15_03_W_roh_BELLY.jpg,5,A08_06_02_SA_roh_BELLY.jpg,0.9532378911972046
A01_15_03_W_roh_BELLY.jpg,6,A04_06_01_M_roh_BELLY.jpg,0.9531790018081665
A01_15_03_W_roh_BELLY.jpg,7,A08_18_23_W_roh_BELLY.jpg,0.9525521993637085
A01_15_03_W_roh_BELLY.jpg,8,A05_18_04_W_roh_BELLY.jpg,0.9522902965545654
A01_15_03_W_roh_BELLY.jpg,9,A01_15_06_W_roh_BELLY.jpg,0.951708972454071
A01_15_03_W_roh_BELLY.jpg,10,A08_18_20_W_roh_BELLY.jpg,0.9501891136169434
A01_15_03_W_roh_BELLY.jpg,11,A05_18_08_W_roh_BELLY.jpg,0.9491150379180908
A01_15_03_W_roh_BELLY.jpg,12,A08_18_06_W_roh_BELLY.jpg,0.9486218690872192
A01_15_03_W_roh_BELLY.jpg,13,AT01_03_02_W_roh_BELLY.jpg,0.9451805949211121
A01_15_03_W_roh_BELLY.jpg,14,IMG-20250910-WA0025_BELLY.jpg,0.9443008899688721
A01_15_03_W_roh_BELLY.jpg,15,A08_15_04_M_roh_BELLY.jpg,0.9434385895729065
A01_15_03_W_roh_BELLY.jpg,16,A05_18_07_W_roh_BELLY.jpg,0.9432729482650757
A01_15_03_W_roh_BELLY.jpg,17,A03_12_02_W_roh_BELLY.jpg,0.9431463479995728
A01_15_03_W_roh_BELLY.jpg,18,A01_12_01_M_roh_BELLY.jpg,0.9399019479751587
A01_15_03_W_roh_BELLY.jpg,19,A06_15_03_W_roh_BELLY.jpg,0.9396205544471741
A01_15_03_W_roh_BELLY.jpg,20,A01_18_12_M_roh_BELLY.jpg,0.937422513961792
A01_15_06_W_roh_BELLY.jpg,1,A07_18_01_W_roh_BELLY.jpg,0.9745655059814453
A01_15_06_W_roh_BELLY.jpg,2,A08_18_05_W_roh_BELLY.jpg,0.966042697429657
A01_15_06_W_roh_BELLY.jpg,3,A08_18_14_M_roh_BELLY.jpg,0.9656934142112732
A01_15_06_W_roh_BELLY.jpg,4,A01_18_12_M_roh_BELLY.jpg,0.9653352499008179
A01_15_06_W_roh_BELLY.jpg,5,AT01_03_02_W_roh_BELLY.jpg,0.9637322425842285
A01_15_06_W_roh_BELLY.jpg,6,A04_15_06_M_roh_BELLY.jpg,0.9629042744636536
A01_15_06_W_roh_BELLY.jpg,7,A08_15_04_M_roh_BELLY.jpg,0.9615545868873596
A01_15_06_W_roh_BELLY.jpg,8,A08_18_20_W_roh_BELLY.jpg,0.9605788588523865
A01_15_06_W_roh_BELLY.jpg,9,A06_15_03_W_roh_BELLY.jpg,0.9598108530044556
A01_15_06_W_roh_BELLY.jpg,10,A08_18_19_W_roh_BELLY.jpg,0.9567526578903198
A01_15_06_W_roh_BELLY.jpg,11,A08_18_22_W_roh_BELLY.jpg,0.9554325938224792
A01_15_06_W_roh_BELLY.jpg,12,A08_15_05_M_roh_BELLY.jpg,0.9548672437667847
A01_15_06_W_roh_BELLY.jpg,13,A05_18_08_W_roh_BELLY.jpg,0.954659640789032
A01_15_06_W_roh_BELLY.jpg,14,A08_18_13_W_roh_BELLY.jpg,0.9545071125030518
A01_15_06_W_roh_BELLY.jpg,15,A04_03_01_W_roh_BELLY.jpg,0.9544737339019775
A01_15_06_W_roh_BELLY.jpg,16,IMG-20250910-WA0016_BELLY.jpg,0.9541025161743164
A01_15_06_W_roh_BELLY.jpg,17,A05_18_07_W_roh_BELLY.jpg,0.9531111717224121
A01_15_06_W_roh_BELLY.jpg,18,A01_15_01_W_roh_BELLY.jpg,0.9531086683273315
A01_15_06_W_roh_BELLY.jpg,19,A08_15_19_M_roh_BELLY.jpg,0.9527591466903687
A01_15_06_W_roh_BELLY.jpg,20,A05_18_04_W_roh_BELLY.jpg,0.9526536464691162
A01_15_07_W_roh_BELLY.jpg,1,A01_18_04_M_roh_BELLY.jpg,0.9462873935699463
A01_15_07_W_roh_BELLY.jpg,2,A03_18_06_W_roh_BELLY.jpg,0.9366760849952698
A01_15_07_W_roh_BELLY.jpg,3,A06_03_02_W_roh_BELLY.jpg,0.9366053938865662
A01_15_07_W_roh_BELLY.jpg,4,IMG-20250910-WA0030_BELLY.jpg,0.936261773109436
A01_15_07_W_roh_BELLY.jpg,5,A02_03_02_M_roh_BELLY.jpg,0.9341487884521484
A01_15_07_W_roh_BELLY.jpg,6,A04_15_06_M_roh_BELLY.jpg,0.9338865280151367
A01_15_07_W_roh_BELLY.jpg,7,A08_18_01_M_roh_BELLY.jpg,0.9327986836433411
A01_15_07_W_roh_BELLY.jpg,8,A08_18_03_W_roh_BELLY.jpg,0.9327234625816345
A01_15_07_W_roh_BELLY.jpg,9,A08_18_21_M_roh_BELLY.jpg,0.9326430559158325
A01_15_07_W_roh_BELLY.jpg,10,A03_15_04_W_roh_BELLY.jpg,0.9315008521080017
A01_15_07_W_roh_BELLY.jpg,11,A03_15_06_W_roh_BELLY.jpg,0.931269645690918
A01_15_07_W_roh_BELLY.jpg,12,A08_15_06_W_roh_BELLY.jpg,0.9300581216812134
A01_15_07_W_roh_BELLY.jpg,13,AT01_03_01_W_roh_BELLY.jpg,0.9297612905502319
A01_15_07_W_roh_BELLY.jpg,14,A05_18_05_W_roh_BELLY.jpg,0.9291647672653198
A01_15_07_W_roh_BELLY.jpg,15,A08_18_02_W_roh_BELLY.jpg,0.927367091178894
A01_15_07_W_roh_BELLY.jpg,16,A01_18_02_M_roh_BELLY.jpg,0.9265097379684448
A01_15_07_W_roh_BELLY.jpg,17,A01_18_07_W_roh_BELLY.jpg,0.9264394640922546
A01_15_07_W_roh_BELLY.jpg,18,A08_15_04_M_roh_BELLY.jpg,0.9262968301773071
A01_15_07_W_roh_BELLY.jpg,19,A08_18_12_W_roh_BELLY.jpg,0.9255099892616272
A01_15_07_W_roh_BELLY.jpg,20,A08_18_10_W_roh_BELLY.jpg,0.9252251982688904
A01_17_01_W_roh_BELLY.jpg,1,A01_08_01_W_roh_BELLY.jpg,0.9631972312927246
A01_17_01_W_roh_BELLY.jpg,2,A08_09_35_W_roh_BELLY.jpg,0.9597765207290649
A01_17_01_W_roh_BELLY.jpg,3,A01_12_01_M_roh_BELLY.jpg,0.9564685225486755
A01_17_01_W_roh_BELLY.jpg,4,A06_17_02_W__roh_BELLY.jpg,0.9554569721221924
A01_17_01_W_roh_BELLY.jpg,5,A04_06_01_M_roh_BELLY.jpg,0.9548400640487671
A01_17_01_W_roh_BELLY.jpg,6,IMG-20250919-WA0014_BELLY.jpg,0.9545515179634094
A01_17_01_W_roh_BELLY.jpg,7,IMG-20250919-WA0011_BELLY.jpg,0.9482828378677368
A01_17_01_W_roh_BELLY.jpg,8,A06_17_04_W_roh_BELLY.jpg,0.9482404589653015
A01_17_01_W_roh_BELLY.jpg,9,A07_17_03_W_roh_BELLY.jpg,0.9479756355285645
A01_17_01_W_roh_BELLY.jpg,10,A08_18_14_M_roh_BELLY.jpg,0.9458476305007935
A01_17_01_W_roh_BELLY.jpg,11,A06_17_01_M_roh_-_Kopie_BELLY.jpg,0.9457017183303833
A01_17_01_W_roh_BELLY.jpg,12,A05_15_03_W_roh_BELLY.jpg,0.9448639154434204
A01_17_01_W_roh_BELLY.jpg,13,A07_17_06_W_roh_BELLY.jpg,0.9447685480117798
A01_17_01_W_roh_BELLY.jpg,14,A08_18_23_W_roh_BELLY.jpg,0.9402256608009338
A01_17_01_W_roh_BELLY.jpg,15,IMG-20250829-WA0022_BELLY.jpg,0.9396970272064209
A01_17_01_W_roh_BELLY.jpg,16,A04_03_01_W_roh_BELLY.jpg,0.9394340515136719
A01_17_01_W_roh_BELLY.jpg,17,A07_09_02_W_roh_BELLY.jpg,0.9392065405845642
A01_17_01_W_roh_BELLY.jpg,18,A04_17_01_W_roh_BELLY.jpg,0.9389873743057251
A01_17_01_W_roh_BELLY.jpg,19,IMG-20250919-WA0016_BELLY.jpg,0.9385600090026855
A01_17_01_W_roh_BELLY.jpg,20,A05_18_08_W_roh_BELLY.jpg,0.9379980564117432
A01_18_01_W_roh_BELLY.jpg,1,A08_15_03_W_roh_BELLY.jpg,0.9583933353424072
A01_18_01_W_roh_BELLY.jpg,2,A08_18_23_W_roh_BELLY.jpg,0.951693594455719
A01_18_01_W_roh_BELLY.jpg,3,IMG-20250626-WA0002_BELLY.jpg,0.9469583034515381
A01_18_01_W_roh_BELLY.jpg,4,A08_18_08_M_roh_BELLY.jpg,0.9431576728820801
A01_18_01_W_roh_BELLY.jpg,5,A08_15_07_W_roh_BELLY.jpg,0.942961573600769
A01_18_01_W_roh_BELLY.jpg,6,IMG-20250919-WA0016_BELLY.jpg,0.9428350329399109
A01_18_01_W_roh_BELLY.jpg,7,IMG-20250626-WA0004_BELLY.jpg,0.9407198429107666
A01_18_01_W_roh_BELLY.jpg,8,IMG-20250626-WA0003_BELLY.jpg,0.9387235641479492
A01_18_01_W_roh_BELLY.jpg,9,IMG_20250501_133055_BELLY.jpg,0.938159704208374
A01_18_01_W_roh_BELLY.jpg,10,A08_15_17_M_roh_BELLY.jpg,0.9380578994750977
A01_18_01_W_roh_BELLY.jpg,11,IMG_20250717_104317_BELLY.jpg,0.9352333545684814
A01_18_01_W_roh_BELLY.jpg,12,IMG-20250910-WA0025_BELLY.jpg,0.9349974393844604
A01_18_01_W_roh_BELLY.jpg,13,IMG-20250626-WA0009_BELLY.jpg,0.9346276521682739
A01_18_01_W_roh_BELLY.jpg,14,A08_18_21_M_roh_BELLY.jpg,0.9339006543159485
A01_18_01_W_roh_BELLY.jpg,15,A08_18_12_W_roh_BELLY.jpg,0.9324661493301392
A01_18_01_W_roh_BELLY.jpg,16,IMG-20250910-WA0064_BELLY.jpg,0.9320734143257141
A01_18_01_W_roh_BELLY.jpg,17,A01_12_01_M_roh_BELLY.jpg,0.931869387626648
A01_18_01_W_roh_BELLY.jpg,18,IMG_20250717_104652_BELLY.jpg,0.9317150115966797
A01_18_01_W_roh_BELLY.jpg,19,IMG_20250807_104159_BELLY.jpg,0.9301033616065979
A01_18_01_W_roh_BELLY.jpg,20,IMG-20250919-WA0021_BELLY.jpg,0.9289078712463379
A01_18_02_M_roh_BELLY.jpg,1,A08_18_01_M_roh_BELLY.jpg,0.95936119556427
A01_18_02_M_roh_BELLY.jpg,2,A01_18_04_M_roh_BELLY.jpg,0.9550589323043823
A01_18_02_M_roh_BELLY.jpg,3,A01_18_07_W_roh_BELLY.jpg,0.9548260569572449
A01_18_02_M_roh_BELLY.jpg,4,A01_18_05_W_roh_BELLY.jpg,0.9531522989273071
A01_18_02_M_roh_BELLY.jpg,5,A03_15_04_W_roh_BELLY.jpg,0.9520585536956787
A01_18_02_M_roh_BELLY.jpg,6,A03_15_06_W_roh_BELLY.jpg,0.9515823125839233
A01_18_02_M_roh_BELLY.jpg,7,A05_18_05_W_roh_BELLY.jpg,0.948981761932373
A01_18_02_M_roh_BELLY.jpg,8,A08_18_03_W_roh_BELLY.jpg,0.9486420154571533
A01_18_02_M_roh_BELLY.jpg,9,A06_03_02_W_roh_BELLY.jpg,0.9440021514892578
A01_18_02_M_roh_BELLY.jpg,10,A08_18_21_M_roh_BELLY.jpg,0.9428874254226685
A01_18_02_M_roh_BELLY.jpg,11,A01_18_12_M_roh_BELLY.jpg,0.9426212310791016
A01_18_02_M_roh_BELLY.jpg,12,A08_18_06_W_roh_BELLY.jpg,0.9408956170082092
A01_18_02_M_roh_BELLY.jpg,13,AT01_03_01_W_roh_BELLY.jpg,0.9393987059593201
A01_18_02_M_roh_BELLY.jpg,14,A06_15_02_W_roh_BELLY.jpg,0.9391342401504517
A01_18_02_M_roh_BELLY.jpg,15,IMG-20250919-WA0019_BELLY.jpg,0.9389278888702393
A01_18_02_M_roh_BELLY.jpg,16,A04_15_06_M_roh_BELLY.jpg,0.9387590885162354
A01_18_02_M_roh_BELLY.jpg,17,A07_18_03_W_roh_BELLY.jpg,0.9378232955932617
A01_18_02_M_roh_BELLY.jpg,18,IMG-20250919-WA0020_BELLY.jpg,0.93748939037323
A01_18_02_M_roh_BELLY.jpg,19,A03_18_07_M_roh_BELLY.jpg,0.9373502731323242
A01_18_02_M_roh_BELLY.jpg,20,A08_18_12_W_roh_BELLY.jpg,0.9369367361068726
A01_18_03_W_roh_BELLY.jpg,1,A08_15_19_M_roh_BELLY.jpg,0.9690963625907898
A01_18_03_W_roh_BELLY.jpg,2,A04_03_01_W_roh_BELLY.jpg,0.9655272960662842
A01_18_03_W_roh_BELLY.jpg,3,A05_18_07_W_roh_BELLY.jpg,0.9583801031112671
A01_18_03_W_roh_BELLY.jpg,4,A04_15_05_W_roh_BELLY.jpg,0.9581944942474365
A01_18_03_W_roh_BELLY.jpg,5,A08_18_05_W_roh_BELLY.jpg,0.9572614431381226
A01_18_03_W_roh_BELLY.jpg,6,A08_18_19_W_roh_BELLY.jpg,0.955989420413971
A01_18_03_W_roh_BELLY.jpg,7,A03_18_06_W_roh_BELLY.jpg,0.9553787708282471
A01_18_03_W_roh_BELLY.jpg,8,A05_18_08_W_roh_BELLY.jpg,0.9538625478744507
A01_18_03_W_roh_BELLY.jpg,9,A08_06_10_M_roh_BELLY.jpg,0.9528070688247681
A01_18_03_W_roh_BELLY.jpg,10,A01_18_12_M_roh_BELLY.jpg,0.9517853260040283
A01_18_03_W_roh_BELLY.jpg,11,A02_03_02_M_roh_BELLY.jpg,0.9516974687576294
A01_18_03_W_roh_BELLY.jpg,12,A04_15_06_M_roh_BELLY.jpg,0.9516368508338928
A01_18_03_W_roh_BELLY.jpg,13,A08_15_05_M_roh_BELLY.jpg,0.9511009454727173
A01_18_03_W_roh_BELLY.jpg,14,A08_15_06_W_roh_BELLY.jpg,0.9508885145187378
A01_18_03_W_roh_BELLY.jpg,15,A04_06_02_M_roh_BELLY.jpg,0.9507482647895813
A01_18_03_W_roh_BELLY.jpg,16,A08_15_04_M_roh_BELLY.jpg,0.9506795406341553
A01_18_03_W_roh_BELLY.jpg,17,A08_18_22_W_roh_BELLY.jpg,0.949918270111084
A01_18_03_W_roh_BELLY.jpg,18,IMG-20250910-WA0018_BELLY.jpg,0.9491331577301025
A01_18_03_W_roh_BELLY.jpg,19,A05_18_06_W_roh_BELLY.jpg,0.9490997791290283
A01_18_03_W_roh_BELLY.jpg,20,A01_15_06_W_roh_BELLY.jpg,0.9487632513046265
A01_18_04_M_roh_BELLY.jpg,1,A08_18_01_M_roh_BELLY.jpg,0.9641207456588745
A01_18_04_M_roh_BELLY.jpg,2,A08_15_04_M_roh_BELLY.jpg,0.9621248245239258
A01_18_04_M_roh_BELLY.jpg,3,A08_18_05_W_roh_BELLY.jpg,0.956005334854126
A01_18_04_M_roh_BELLY.jpg,4,A08_18_12_W_roh_BELLY.jpg,0.9555120468139648
A01_18_04_M_roh_BELLY.jpg,5,A01_18_02_M_roh_BELLY.jpg,0.9550589323043823
A01_18_04_M_roh_BELLY.jpg,6,A03_15_04_W_roh_BELLY.jpg,0.9548244476318359
A01_18_04_M_roh_BELLY.jpg,7,A01_18_12_M_roh_BELLY.jpg,0.9541153311729431
A01_18_04_M_roh_BELLY.jpg,8,A05_18_06_W_roh_BELLY.jpg,0.953335165977478
A01_18_04_M_roh_BELLY.jpg,9,A05_18_05_W_roh_BELLY.jpg,0.9523171186447144
A01_18_04_M_roh_BELLY.jpg,10,A06_03_02_W_roh_BELLY.jpg,0.9506789445877075
A01_18_04_M_roh_BELLY.jpg,11,A08_15_05_M_roh_BELLY.jpg,0.9502931833267212
A01_18_04_M_roh_BELLY.jpg,12,A08_18_20_W_roh_BELLY.jpg,0.9500157237052917
A01_18_04_M_roh_BELLY.jpg,13,A05_18_07_W_roh_BELLY.jpg,0.9496245980262756
A01_18_04_M_roh_BELLY.jpg,14,A08_18_06_W_roh_BELLY.jpg,0.9495086073875427
A01_18_04_M_roh_BELLY.jpg,15,IMG-20250910-WA0030_BELLY.jpg,0.9484080672264099
A01_18_04_M_roh_BELLY.jpg,16,A03_12_01_M_roh_BELLY.jpg,0.9476674199104309
A01_18_04_M_roh_BELLY.jpg,17,IMG-20250910-WA0061_BELLY.jpg,0.9476432800292969
A01_18_04_M_roh_BELLY.jpg,18,A08_18_21_M_roh_BELLY.jpg,0.9476217031478882
A01_18_04_M_roh_BELLY.jpg,19,A03_18_07_M_roh_BELLY.jpg,0.9475529193878174
A01_18_04_M_roh_BELLY.jpg,20,A08_18_10_W_roh_BELLY.jpg,0.9470223188400269
A01_18_05_W_roh_BELLY.jpg,1,A01_18_02_M_roh_BELLY.jpg,0.9531522989273071
A01_18_05_W_roh_BELLY.jpg,2,A01_18_12_M_roh_BELLY.jpg,0.9510457515716553
A01_18_05_W_roh_BELLY.jpg,3,A08_15_04_M_roh_BELLY.jpg,0.9490368962287903
A01_18_05_W_roh_BELLY.jpg,4,A03_15_04_W_roh_BELLY.jpg,0.9473453760147095
A01_18_05_W_roh_BELLY.jpg,5,A04_15_06_M_roh_BELLY.jpg,0.9460222721099854
A01_18_05_W_roh_BELLY.jpg,6,A01_18_04_M_roh_BELLY.jpg,0.9457628726959229
A01_18_05_W_roh_BELLY.jpg,7,A07_18_01_W_roh_BELLY.jpg,0.9455807209014893
A01_18_05_W_roh_BELLY.jpg,8,A03_18_06_W_roh_BELLY.jpg,0.9432389736175537
A01_18_05_W_roh_BELLY.jpg,9,A08_18_01_M_roh_BELLY.jpg,0.9431614279747009
A01_18_05_W_roh_BELLY.jpg,10,A08_18_06_W_roh_BELLY.jpg,0.9429678916931152
A01_18_05_W_roh_BELLY.jpg,11,A05_18_05_W_roh_BELLY.jpg,0.9424581527709961
A01_18_05_W_roh_BELLY.jpg,12,A03_15_06_W_roh_BELLY.jpg,0.9421552419662476
A01_18_05_W_roh_BELLY.jpg,13,IMG-20250910-WA0015_BELLY.jpg,0.9402161836624146
A01_18_05_W_roh_BELLY.jpg,14,A03_18_07_M_roh_BELLY.jpg,0.940208911895752
A01_18_05_W_roh_BELLY.jpg,15,A08_18_21_M_roh_BELLY.jpg,0.9380507469177246
A01_18_05_W_roh_BELLY.jpg,16,A08_18_03_W_roh_BELLY.jpg,0.9374118447303772
A01_18_05_W_roh_BELLY.jpg,17,A06_15_02_W_roh_BELLY.jpg,0.9363390207290649
A01_18_05_W_roh_BELLY.jpg,18,A05_18_04_W_roh_BELLY.jpg,0.9357540607452393
A01_18_05_W_roh_BELLY.jpg,19,A05_18_07_W_roh_BELLY.jpg,0.9352959394454956
A01_18_05_W_roh_BELLY.jpg,20,A08_18_05_W_roh_BELLY.jpg,0.9352355003356934
A01_18_07_W_roh_BELLY.jpg,1,A03_15_06_W_roh_BELLY.jpg,0.9650562405586243
A01_18_07_W_roh_BELLY.jpg,2,A06_15_02_W_roh_BELLY.jpg,0.9577523469924927
A01_18_07_W_roh_BELLY.jpg,3,A01_18_02_M_roh_BELLY.jpg,0.9548260569572449
A01_18_07_W_roh_BELLY.jpg,4,A05_18_05_W_roh_BELLY.jpg,0.9547789096832275
A01_18_07_W_roh_BELLY.jpg,5,A03_15_04_W_roh_BELLY.jpg,0.95400071144104
A01_18_07_W_roh_BELLY.jpg,6,A08_15_06_W_roh_BELLY.jpg,0.953048825263977
A01_18_07_W_roh_BELLY.jpg,7,A01_18_04_M_roh_BELLY.jpg,0.9457724094390869
A01_18_07_W_roh_BELLY.jpg,8,A06_12_01_W_roh_BELLY.jpg,0.9446932077407837
A01_18_07_W_roh_BELLY.jpg,9,A01_18_12_M_roh_BELLY.jpg,0.9439377784729004
A01_18_07_W_roh_BELLY.jpg,10,A08_18_01_M_roh_BELLY.jpg,0.9420514702796936
A01_18_07_W_roh_BELLY.jpg,11,A08_15_04_M_roh_BELLY.jpg,0.941997766494751
A01_18_07_W_roh_BELLY.jpg,12,A05_18_07_W_roh_BELLY.jpg,0.9412229061126709
A01_18_07_W_roh_BELLY.jpg,13,A02_03_01_W_roh_BELLY.jpg,0.9391682147979736
A01_18_07_W_roh_BELLY.jpg,14,A08_18_20_W_roh_BELLY.jpg,0.9387482404708862
A01_18_07_W_roh_BELLY.jpg,15,IMG-20250919-WA0019_BELLY.jpg,0.9386948943138123
A01_18_07_W_roh_BELLY.jpg,16,A05_18_04_W_roh_BELLY.jpg,0.9384894371032715
A01_18_07_W_roh_BELLY.jpg,17,A08_18_21_M_roh_BELLY.jpg,0.9383845329284668
A01_18_07_W_roh_BELLY.jpg,18,A04_15_06_M_roh_BELLY.jpg,0.9374421834945679
A01_18_07_W_roh_BELLY.jpg,19,IMG-20250919-WA0020_BELLY.jpg,0.9372037649154663
A01_18_07_W_roh_BELLY.jpg,20,A08_18_03_W_roh_BELLY.jpg,0.9370626211166382
A01_18_12_M_roh_BELLY.jpg,1,A07_18_01_W_roh_BELLY.jpg,0.9747102856636047
A01_18_12_M_roh_BELLY.jpg,2,A08_18_05_W_roh_BELLY.jpg,0.9712250232696533
A01_18_12_M_roh_BELLY.jpg,3,A04_15_06_M_roh_BELLY.jpg,0.9689201712608337
A01_18_12_M_roh_BELLY.jpg,4,A08_18_20_W_roh_BELLY.jpg,0.9681090116500854
A01_18_12_M_roh_BELLY.jpg,5,A08_15_04_M_roh_BELLY.jpg,0.9673174023628235
A01_18_12_M_roh_BELLY.jpg,6,A05_18_08_W_roh_BELLY.jpg,0.9661346673965454
A01_18_12_M_roh_BELLY.jpg,7,A08_18_02_W_roh_BELLY.jpg,0.9656544923782349
A01_18_12_M_roh_BELLY.jpg,8,A01_15_06_W_roh_BELLY.jpg,0.9653352499008179
A01_18_12_M_roh_BELLY.jpg,9,A08_18_14_M_roh_BELLY.jpg,0.9649820923805237
A01_18_12_M_roh_BELLY.jpg,10,IMG-20250910-WA0018_BELLY.jpg,0.9641231298446655
A01_18_12_M_roh_BELLY.jpg,11,A08_15_19_M_roh_BELLY.jpg,0.9639804363250732
A01_18_12_M_roh_BELLY.jpg,12,A08_15_05_M_roh_BELLY.jpg,0.9619085192680359
A01_18_12_M_roh_BELLY.jpg,13,A08_18_19_W_roh_BELLY.jpg,0.9606984853744507
A01_18_12_M_roh_BELLY.jpg,14,A08_18_22_W_roh_BELLY.jpg,0.9596446752548218
A01_18_12_M_roh_BELLY.jpg,15,A05_18_06_W_roh_BELLY.jpg,0.9588265419006348
A01_18_12_M_roh_BELLY.jpg,16,A04_03_01_W_roh_BELLY.jpg,0.958371102809906
A01_18_12_M_roh_BELLY.jpg,17,AT01_03_02_W_roh_BELLY.jpg,0.957565188407898
A01_18_12_M_roh_BELLY.jpg,18,A05_18_07_W_roh_BELLY.jpg,0.9567260146141052
A01_18_12_M_roh_BELLY.jpg,19,A06_15_03_W_roh_BELLY.jpg,0.9566162824630737
A01_18_12_M_roh_BELLY.jpg,20,A06_12_04_W_roh_BELLY.jpg,0.9565032720565796
A01_18_14_W_roh_BELLY.jpg,1,A08_06_10_M_roh_BELLY.jpg,0.9598263502120972
A01_18_14_W_roh_BELLY.jpg,2,A08_18_13_W_roh_BELLY.jpg,0.9594760537147522
A01_18_14_W_roh_BELLY.jpg,3,A05_18_08_W_roh_BELLY.jpg,0.9579875469207764
A01_18_14_W_roh_BELLY.jpg,4,A07_18_01_W_roh_BELLY.jpg,0.9574642181396484
A01_18_14_W_roh_BELLY.jpg,5,A08_06_05_SA_roh_BELLY.jpg,0.9570579528808594
A01_18_14_W_roh_BELLY.jpg,6,A01_06_01_SA_roh_BELLY.jpg,0.9559155702590942
A01_18_14_W_roh_BELLY.jpg,7,A04_06_02_M_roh_BELLY.jpg,0.9556553959846497
A01_18_14_W_roh_BELLY.jpg,8,A08_18_19_W_roh_BELLY.jpg,0.9544744491577148
A01_18_14_W_roh_BELLY.jpg,9,A06_12_04_W_roh_BELLY.jpg,0.9528422355651855
A01_18_14_W_roh_BELLY.jpg,10,A08_15_04_M_roh_BELLY.jpg,0.9512270092964172
A01_18_14_W_roh_BELLY.jpg,11,A02_06_03_M_roh_BELLY.jpg,0.9510924816131592
A01_18_14_W_roh_BELLY.jpg,12,A02_06_06_M_roh_BELLY.jpg,0.9508488178253174
A01_18_14_W_roh_BELLY.jpg,13,A05_18_04_W_roh_BELLY.jpg,0.9508066177368164
A01_18_14_W_roh_BELLY.jpg,14,A08_15_19_M_roh_BELLY.jpg,0.9503991603851318
A01_18_14_W_roh_BELLY.jpg,15,A08_18_17_W_roh_BELLY.jpg,0.9502178430557251
A01_18_14_W_roh_BELLY.jpg,16,A01_18_12_M_roh_BELLY.jpg,0.9501934051513672
A01_18_14_W_roh_BELLY.jpg,17,A08_18_14_M_roh_BELLY.jpg,0.9488683342933655
A01_18_14_W_roh_BELLY.jpg,18,A04_06_01_M_roh_BELLY.jpg,0.9474007487297058
A01_18_14_W_roh_BELLY.jpg,19,A08_06_02_SA_roh_BELLY.jpg,0.947048544883728
A01_18_14_W_roh_BELLY.jpg,20,A02_03_02_M_roh_BELLY.jpg,0.9445271492004395
A02_03_01_W_roh_BELLY.jpg,1,A06_12_01_W_roh_BELLY.jpg,0.9554808139801025
A02_03_01_W_roh_BELLY.jpg,2,A05_18_05_W_roh_BELLY.jpg,0.9524943828582764
A02_03_01_W_roh_BELLY.jpg,3,A06_15_02_W_roh_BELLY.jpg,0.9506794214248657
A02_03_01_W_roh_BELLY.jpg,4,A08_18_21_M_roh_BELLY.jpg,0.9493927955627441
A02_03_01_W_roh_BELLY.jpg,5,A04_15_06_M_roh_BELLY.jpg,0.9460598230361938
A02_03_01_W_roh_BELLY.jpg,6,A03_15_06_W_roh_BELLY.jpg,0.9401153326034546
A02_03_01_W_roh_BELLY.jpg,7,A06_03_01_M_roh_BELLY.jpg,0.9400932192802429
A02_03_01_W_roh_BELLY.jpg,8,A05_18_07_W_roh_BELLY.jpg,0.9399188160896301
A02_03_01_W_roh_BELLY.jpg,9,A01_18_07_W_roh_BELLY.jpg,0.9391682147979736
A02_03_01_W_roh_BELLY.jpg,10,A05_18_04_W_roh_BELLY.jpg,0.9388527274131775
A02_03_01_W_roh_BELLY.jpg,11,A03_18_07_M_roh_BELLY.jpg,0.938525378704071
A02_03_01_W_roh_BELLY.jpg,12,A08_18_10_W_roh_BELLY.jpg,0.9369333982467651
A02_03_01_W_roh_BELLY.jpg,13,A01_15_01_W_roh_BELLY.jpg,0.9360427856445312
A02_03_01_W_roh_BELLY.jpg,14,A08_18_06_W_roh_BELLY.jpg,0.9341149926185608
A02_03_01_W_roh_BELLY.jpg,15,A08_18_01_M_roh_BELLY.jpg,0.9339840412139893
A02_03_01_W_roh_BELLY.jpg,16,IMG_20250717_113844_BELLY.jpg,0.9339578747749329
A02_03_01_W_roh_BELLY.jpg,17,A01_18_04_M_roh_BELLY.jpg,0.9335789680480957
A02_03_01_W_roh_BELLY.jpg,18,A08_18_20_W_roh_BELLY.jpg,0.9335664510726929
A02_03_01_W_roh_BELLY.jpg,19,A05_18_06_W_roh_BELLY.jpg,0.9335004091262817
A02_03_01_W_roh_BELLY.jpg,20,A03_18_06_W_roh_BELLY.jpg,0.9331610202789307
A02_03_02_M_roh_BELLY.jpg,1,A08_15_19_M_roh_BELLY.jpg,0.9647793173789978
A02_03_02_M_roh_BELLY.jpg,2,A08_06_10_M_roh_BELLY.jpg,0.9575010538101196
A02_03_02_M_roh_BELLY.jpg,3,A05_18_06_W_roh_BELLY.jpg,0.9568748474121094
A02_03_02_M_roh_BELLY.jpg,4,A01_18_12_M_roh_BELLY.jpg,0.9560836553573608
A02_03_02_M_roh_BELLY.jpg,5,A04_15_05_W_roh_BELLY.jpg,0.9549524188041687
A02_03_02_M_roh_BELLY.jpg,6,A04_03_01_W_roh_BELLY.jpg,0.9524381756782532
A02_03_02_M_roh_BELLY.jpg,7,A08_18_10_W_roh_BELLY.jpg,0.9523674249649048
A02_03_02_M_roh_BELLY.jpg,8,A08_15_06_W_roh_BELLY.jpg,0.9517639875411987
A02_03_02_M_roh_BELLY.jpg,9,A01_18_03_W_roh_BELLY.jpg,0.9516974687576294
A02_03_02_M_roh_BELLY.jpg,10,A04_06_02_M_roh_BELLY.jpg,0.9510616660118103
A02_03_02_M_roh_BELLY.jpg,11,A08_18_05_W_roh_BELLY.jpg,0.9507066011428833
A02_03_02_M_roh_BELLY.jpg,12,A08_18_19_W_roh_BELLY.jpg,0.9500398635864258
A02_03_02_M_roh_BELLY.jpg,13,A04_15_06_M_roh_BELLY.jpg,0.9499728679656982
A02_03_02_M_roh_BELLY.jpg,14,A08_15_04_M_roh_BELLY.jpg,0.9498649835586548
A02_03_02_M_roh_BELLY.jpg,15,A08_15_05_M_roh_BELLY.jpg,0.9492623805999756
A02_03_02_M_roh_BELLY.jpg,16,A03_18_06_W_roh_BELLY.jpg,0.9491949081420898
A02_03_02_M_roh_BELLY.jpg,17,A08_18_02_W_roh_BELLY.jpg,0.9484484195709229
A02_03_02_M_roh_BELLY.jpg,18,IMG-20250910-WA0027_BELLY.jpg,0.9479685425758362
A02_03_02_M_roh_BELLY.jpg,19,A07_18_01_W_roh_BELLY.jpg,0.947104811668396
A02_03_02_M_roh_BELLY.jpg,20,A02_06_04_M_roh_BELLY.jpg,0.9471022486686707
A02_06_03_M_roh_BELLY.jpg,1,A02_06_06_M_roh_BELLY.jpg,0.970643937587738
A02_06_03_M_roh_BELLY.jpg,2,AT01_06_03_W_roh_BELLY.jpg,0.9669866561889648
A02_06_03_M_roh_BELLY.jpg,3,A01_06_01_SA_roh_BELLY.jpg,0.9637448787689209
A02_06_03_M_roh_BELLY.jpg,4,A04_06_01_M_roh_BELLY.jpg,0.9629840850830078
A02_06_03_M_roh_BELLY.jpg,5,A04_06_02_M_roh_BELLY.jpg,0.9628929495811462
A02_06_03_M_roh_BELLY.jpg,6,A08_06_08_W_roh_BELLY.jpg,0.9580816626548767
A02_06_03_M_roh_BELLY.jpg,7,A08_06_10_M_roh_BELLY.jpg,0.9541497230529785
A02_06_03_M_roh_BELLY.jpg,8,A04_03_01_W_roh_BELLY.jpg,0.9532855749130249
A02_06_03_M_roh_BELLY.jpg,9,A08_06_05_SA_roh_BELLY.jpg,0.9526907801628113
A02_06_03_M_roh_BELLY.jpg,10,A08_18_13_W_roh_BELLY.jpg,0.95213782787323
A02_06_03_M_roh_BELLY.jpg,11,A08_18_19_W_roh_BELLY.jpg,0.9513682126998901
A02_06_03_M_roh_BELLY.jpg,12,A01_18_14_W_roh_BELLY.jpg,0.9510924816131592
A02_06_03_M_roh_BELLY.jpg,13,A04_12_04_W_roh_BELLY.jpg,0.948723554611206
A02_06_03_M_roh_BELLY.jpg,14,A05_12_03_W_roh_BELLY.jpg,0.9482982754707336
A02_06_03_M_roh_BELLY.jpg,15,A02_06_04_M_roh_BELLY.jpg,0.9474648237228394
A02_06_03_M_roh_BELLY.jpg,16,A07_18_01_W_roh_BELLY.jpg,0.9456806182861328
A02_06_03_M_roh_BELLY.jpg,17,AT01_03_02_W_roh_BELLY.jpg,0.9455605149269104
A02_06_03_M_roh_BELLY.jpg,18,A08_15_04_M_roh_BELLY.jpg,0.9445852041244507
A02_06_03_M_roh_BELLY.jpg,19,A08_12_15_W_roh_BELLY.jpg,0.943830668926239
A02_06_03_M_roh_BELLY.jpg,20,A05_18_04_W_roh_BELLY.jpg,0.9438058733940125
A02_06_04_M_roh_BELLY.jpg,1,A04_06_02_M_roh_BELLY.jpg,0.9659144282341003
A02_06_04_M_roh_BELLY.jpg,2,A08_15_19_M_roh_BELLY.jpg,0.9593664407730103
A02_06_04_M_roh_BELLY.jpg,3,A04_03_01_W_roh_BELLY.jpg,0.9588971138000488
A02_06_04_M_roh_BELLY.jpg,4,AT01_06_03_W_roh_BELLY.jpg,0.9574081897735596
A02_06_04_M_roh_BELLY.jpg,5,A02_06_07_M_roh_BELLY.jpg,0.9573809504508972
A02_06_04_M_roh_BELLY.jpg,6,A05_18_08_W_roh_BELLY.jpg,0.9568922519683838
A02_06_04_M_roh_BELLY.jpg,7,A01_06_01_SA_roh_BELLY.jpg,0.956731915473938
A02_06_04_M_roh_BELLY.jpg,8,A08_06_10_M_roh_BELLY.jpg,0.9530789852142334
A02_06_04_M_roh_BELLY.jpg,9,A01_18_12_M_roh_BELLY.jpg,0.9525517821311951
A02_06_04_M_roh_BELLY.jpg,10,A02_06_06_M_roh_BELLY.jpg,0.9521021842956543
A02_06_04_M_roh_BELLY.jpg,11,AT01_03_02_W_roh_BELLY.jpg,0.95176100730896
A02_06_04_M_roh_BELLY.jpg,12,A08_15_04_M_roh_BELLY.jpg,0.951163649559021
A02_06_04_M_roh_BELLY.jpg,13,A08_18_05_W_roh_BELLY.jpg,0.9478741884231567
A02_06_04_M_roh_BELLY.jpg,14,A07_18_01_W_roh_BELLY.jpg,0.9475648403167725
A02_06_04_M_roh_BELLY.jpg,15,A02_06_03_M_roh_BELLY.jpg,0.9474648237228394
A02_06_04_M_roh_BELLY.jpg,16,A08_15_05_M_roh_BELLY.jpg,0.9473682641983032
A02_06_04_M_roh_BELLY.jpg,17,A02_03_02_M_roh_BELLY.jpg,0.9471022486686707
A02_06_04_M_roh_BELLY.jpg,18,A05_18_06_W_roh_BELLY.jpg,0.9469089508056641
A02_06_04_M_roh_BELLY.jpg,19,A08_18_14_M_roh_BELLY.jpg,0.9467578530311584
A02_06_04_M_roh_BELLY.jpg,20,A03_12_01_M_roh_BELLY.jpg,0.9466102123260498
A02_06_06_M_roh_BELLY.jpg,1,AT01_06_03_W_roh_BELLY.jpg,0.9780269861221313
A02_06_06_M_roh_BELLY.jpg,2,A04_06_02_M_roh_BELLY.jpg,0.9742907285690308
A02_06_06_M_roh_BELLY.jpg,3,A08_06_10_M_roh_BELLY.jpg,0.9720348119735718
A02_06_06_M_roh_BELLY.jpg,4,A02_06_03_M_roh_BELLY.jpg,0.970643937587738
A02_06_06_M_roh_BELLY.jpg,5,A08_06_08_W_roh_BELLY.jpg,0.965607762336731
A02_06_06_M_roh_BELLY.jpg,6,A08_06_05_SA_roh_BELLY.jpg,0.9562638998031616
A02_06_06_M_roh_BELLY.jpg,7,A04_12_04_W_roh_BELLY.jpg,0.9553782939910889
A02_06_06_M_roh_BELLY.jpg,8,A08_15_19_M_roh_BELLY.jpg,0.954312801361084
A02_06_06_M_roh_BELLY.jpg,9,A08_18_13_W_roh_BELLY.jpg,0.9541655778884888
A02_06_06_M_roh_BELLY.jpg,10,A02_06_04_M_roh_BELLY.jpg,0.9521021842956543
A02_06_06_M_roh_BELLY.jpg,11,A04_03_01_W_roh_BELLY.jpg,0.9514474868774414
A02_06_06_M_roh_BELLY.jpg,12,A01_18_14_W_roh_BELLY.jpg,0.9508488178253174
A02_06_06_M_roh_BELLY.jpg,13,A01_06_01_SA_roh_BELLY.jpg,0.9492471814155579
A02_06_06_M_roh_BELLY.jpg,14,A04_06_01_M_roh_BELLY.jpg,0.949042558670044
A02_06_06_M_roh_BELLY.jpg,15,A02_06_07_M_roh_BELLY.jpg,0.9477779865264893
A02_06_06_M_roh_BELLY.jpg,16,A08_18_19_W_roh_BELLY.jpg,0.9457637071609497
A02_06_06_M_roh_BELLY.jpg,17,A07_18_01_W_roh_BELLY.jpg,0.9444839954376221
A02_06_06_M_roh_BELLY.jpg,18,A05_21_01_W_roh_BELLY.jpg,0.9444782733917236
A02_06_06_M_roh_BELLY.jpg,19,AT01_03_02_W_roh_BELLY.jpg,0.9437589645385742
A02_06_06_M_roh_BELLY.jpg,20,A01_18_03_W_roh_BELLY.jpg,0.9424904584884644
A02_06_07_M_roh_BELLY.jpg,1,AT01_06_03_W_roh_BELLY.jpg,0.9590164422988892
A02_06_07_M_roh_BELLY.jpg,2,A02_06_04_M_roh_BELLY.jpg,0.9573809504508972
A02_06_07_M_roh_BELLY.jpg,3,A04_06_02_M_roh_BELLY.jpg,0.9566304683685303
A02_06_07_M_roh_BELLY.jpg,4,A04_06_01_M_roh_BELLY.jpg,0.9481737613677979
A02_06_07_M_roh_BELLY.jpg,5,A02_06_06_M_roh_BELLY.jpg,0.9477779865264893
A02_06_07_M_roh_BELLY.jpg,6,A01_06_01_SA_roh_BELLY.jpg,0.9444315433502197
A02_06_07_M_roh_BELLY.jpg,7,A05_18_08_W_roh_BELLY.jpg,0.9439016580581665
A02_06_07_M_roh_BELLY.jpg,8,A08_06_10_M_roh_BELLY.jpg,0.943634033203125
A02_06_07_M_roh_BELLY.jpg,9,A08_15_04_M_roh_BELLY.jpg,0.9409373998641968
A02_06_07_M_roh_BELLY.jpg,10,A02_06_03_M_roh_BELLY.jpg,0.9400169849395752
A02_06_07_M_roh_BELLY.jpg,11,A08_15_19_M_roh_BELLY.jpg,0.9384843111038208
A02_06_07_M_roh_BELLY.jpg,12,A04_03_01_W_roh_BELLY.jpg,0.9381204843521118
A02_06_07_M_roh_BELLY.jpg,13,A01_15_01_W_roh_BELLY.jpg,0.9371662139892578
A02_06_07_M_roh_BELLY.jpg,14,A05_18_06_W_roh_BELLY.jpg,0.9370082020759583
A02_06_07_M_roh_BELLY.jpg,15,AT01_03_02_W_roh_BELLY.jpg,0.9362454414367676
A02_06_07_M_roh_BELLY.jpg,16,A08_06_05_SA_roh_BELLY.jpg,0.9341540336608887
A02_06_07_M_roh_BELLY.jpg,17,A01_12_01_M_roh_BELLY.jpg,0.9333469867706299
A02_06_07_M_roh_BELLY.jpg,18,A08_18_13_W_roh_BELLY.jpg,0.9332118630409241
A02_06_07_M_roh_BELLY.jpg,19,A07_18_01_W_roh_BELLY.jpg,0.9322118759155273
A02_06_07_M_roh_BELLY.jpg,20,A01_17_01_W_roh_BELLY.jpg,0.9319392442703247
A02_08_05_M_roh_BELLY.jpg,1,A01_12_01_M_roh_BELLY.jpg,0.9419596195220947
A02_08_05_M_roh_BELLY.jpg,2,A01_17_01_W_roh_BELLY.jpg,0.9320743083953857
A02_08_05_M_roh_BELLY.jpg,3,A08_18_23_W_roh_BELLY.jpg,0.9319781064987183
A02_08_05_M_roh_BELLY.jpg,4,IMG-20250919-WA0016_BELLY.jpg,0.931969940662384
A02_08_05_M_roh_BELLY.jpg,5,A05_18_04_W_roh_BELLY.jpg,0.9316375255584717
A02_08_05_M_roh_BELLY.jpg,6,A01_08_01_W_roh_BELLY.jpg,0.9303004741668701
A02_08_05_M_roh_BELLY.jpg,7,A07_08_03_W_roh_BELLY.jpg,0.9290371537208557
A02_08_05_M_roh_BELLY.jpg,8,A03_12_03_M_roh_BELLY.jpg,0.9284813404083252
A02_08_05_M_roh_BELLY.jpg,9,A01_09_21_W_roh_BELLY.jpg,0.9275311231613159
A02_08_05_M_roh_BELLY.jpg,10,A01_15_01_W_roh_BELLY.jpg,0.9275307655334473
A02_08_05_M_roh_BELLY.jpg,11,A01_05_03_W_roh_BELLY.jpg,0.9254955053329468
A02_08_05_M_roh_BELLY.jpg,12,IMG-20250919-WA0012_BELLY.jpg,0.9235652685165405
A02_08_05_M_roh_BELLY.jpg,13,A07_09_02_W_roh_BELLY.jpg,0.9222574234008789
A02_08_05_M_roh_BELLY.jpg,14,IMG-20250919-WA0011_BELLY.jpg,0.9217521548271179
A02_08_05_M_roh_BELLY.jpg,15,A04_06_01_M_roh_BELLY.jpg,0.9214066863059998
A02_08_05_M_roh_BELLY.jpg,16,IMG-20250626-WA0021_BELLY.jpg,0.9202086925506592
A02_08_05_M_roh_BELLY.jpg,17,IMG_20250717_111215_BELLY.jpg,0.9198789000511169
A02_08_05_M_roh_BELLY.jpg,18,A06_17_02_W__roh_BELLY.jpg,0.9191904067993164
A02_08_05_M_roh_BELLY.jpg,19,IMG_20250717_113633_BELLY.jpg,0.9190993309020996
A02_08_05_M_roh_BELLY.jpg,20,A07_09_03_W_roh_BELLY.jpg,0.9188849925994873
A03_12_01_M_roh_BELLY.jpg,1,A08_15_04_M_roh_BELLY.jpg,0.9563328623771667
A03_12_01_M_roh_BELLY.jpg,2,A06_12_04_W_roh_BELLY.jpg,0.9524401426315308
A03_12_01_M_roh_BELLY.jpg,3,A01_18_12_M_roh_BELLY.jpg,0.9509384632110596
A03_12_01_M_roh_BELLY.jpg,4,A03_18_07_M_roh_BELLY.jpg,0.9502466917037964
A03_12_01_M_roh_BELLY.jpg,5,A05_18_08_W_roh_BELLY.jpg,0.9501903057098389
A03_12_01_M_roh_BELLY.jpg,6,A08_18_20_W_roh_BELLY.jpg,0.9499994516372681
A03_12_01_M_roh_BELLY.jpg,7,A07_18_01_W_roh_BELLY.jpg,0.9495428204536438
A03_12_01_M_roh_BELLY.jpg,8,A08_18_14_M_roh_BELLY.jpg,0.9495159983634949
A03_12_01_M_roh_BELLY.jpg,9,A01_12_01_M_roh_BELLY.jpg,0.9492073059082031
A03_12_01_M_roh_BELLY.jpg,10,IMG-20250919-WA0011_BELLY.jpg,0.9481716156005859
A03_12_01_M_roh_BELLY.jpg,11,A01_18_04_M_roh_BELLY.jpg,0.9476674199104309
A03_12_01_M_roh_BELLY.jpg,12,A02_06_04_M_roh_BELLY.jpg,0.9466102123260498
A03_12_01_M_roh_BELLY.jpg,13,A05_18_04_W_roh_BELLY.jpg,0.9457988739013672
A03_12_01_M_roh_BELLY.jpg,14,A06_15_03_W_roh_BELLY.jpg,0.9430135488510132
A03_12_01_M_roh_BELLY.jpg,15,A01_15_06_W_roh_BELLY.jpg,0.9427355527877808
A03_12_01_M_roh_BELLY.jpg,16,A08_18_06_W_roh_BELLY.jpg,0.9420113563537598
A03_12_01_M_roh_BELLY.jpg,17,IMG-20250910-WA0061_BELLY.jpg,0.941402792930603
A03_12_01_M_roh_BELLY.jpg,18,A04_15_06_M_roh_BELLY.jpg,0.9409921169281006
A03_12_01_M_roh_BELLY.jpg,19,A08_18_23_W_roh_BELLY.jpg,0.9408547878265381
A03_12_01_M_roh_BELLY.jpg,20,A03_12_02_W_roh_BELLY.jpg,0.9402813911437988
A03_12_02_W_roh_BELLY.jpg,1,A06_18_04_W_roh_BELLY.jpg,0.9600868821144104
A03_12_02_W_roh_BELLY.jpg,2,A01_12_01_M_roh_BELLY.jpg,0.9587336778640747
A03_12_02_W_roh_BELLY.jpg,3,A06_15_03_W_roh_BELLY.jpg,0.9574766159057617
A03_12_02_W_roh_BELLY.jpg,4,A06_12_04_W_roh_BELLY.jpg,0.9523019790649414
A03_12_02_W_roh_BELLY.jpg,5,A08_18_14_M_roh_BELLY.jpg,0.9509687423706055
A03_12_02_W_roh_BELLY.jpg,6,A08_18_22_W_roh_BELLY.jpg,0.9498860836029053
A03_12_02_W_roh_BELLY.jpg,7,A08_18_20_W_roh_BELLY.jpg,0.9488475322723389
A03_12_02_W_roh_BELLY.jpg,8,A01_18_12_M_roh_BELLY.jpg,0.9478253722190857
A03_12_02_W_roh_BELLY.jpg,9,A04_06_01_M_roh_BELLY.jpg,0.946825385093689
A03_12_02_W_roh_BELLY.jpg,10,A01_06_01_SA_roh_BELLY.jpg,0.94659823179245
A03_12_02_W_roh_BELLY.jpg,11,A03_12_03_M_roh_BELLY.jpg,0.9464471340179443
A03_12_02_W_roh_BELLY.jpg,12,IMG-20250910-WA0017_BELLY.jpg,0.945493221282959
A03_12_02_W_roh_BELLY.jpg,13,A05_12_03_W_roh_BELLY.jpg,0.9449452757835388
A03_12_02_W_roh_BELLY.jpg,14,A05_18_08_W_roh_BELLY.jpg,0.9448270797729492
A03_12_02_W_roh_BELLY.jpg,15,A08_15_04_M_roh_BELLY.jpg,0.9446865320205688
A03_12_02_W_roh_BELLY.jpg,16,A01_15_06_W_roh_BELLY.jpg,0.9446656703948975
A03_12_02_W_roh_BELLY.jpg,17,A08_18_13_W_roh_BELLY.jpg,0.9438872337341309
A03_12_02_W_roh_BELLY.jpg,18,A05_18_04_W_roh_BELLY.jpg,0.9436708688735962
A03_12_02_W_roh_BELLY.jpg,19,A01_15_03_W_roh_BELLY.jpg,0.9431463479995728
A03_12_02_W_roh_BELLY.jpg,20,A07_18_01_W_roh_BELLY.jpg,0.9427722692489624
A03_12_03_M_roh_BELLY.jpg,1,A01_15_03_W_roh_BELLY.jpg,0.9663940072059631
A03_12_03_M_roh_BELLY.jpg,2,A01_15_01_W_roh_BELLY.jpg,0.9581016302108765
A03_12_03_M_roh_BELLY.jpg,3,A04_06_01_M_roh_BELLY.jpg,0.9545153379440308
A03_12_03_M_roh_BELLY.jpg,4,A01_12_01_M_roh_BELLY.jpg,0.9544281959533691
A03_12_03_M_roh_BELLY.jpg,5,A08_18_23_W_roh_BELLY.jpg,0.9526088237762451
A03_12_03_M_roh_BELLY.jpg,6,A08_18_14_M_roh_BELLY.jpg,0.9492099285125732
A03_12_03_M_roh_BELLY.jpg,7,A05_18_06_W_roh_BELLY.jpg,0.948517918586731
A03_12_03_M_roh_BELLY.jpg,8,A05_15_03_W_roh_BELLY.jpg,0.9481325149536133
A03_12_03_M_roh_BELLY.jpg,9,A05_18_04_W_roh_BELLY.jpg,0.9471228718757629
A03_12_03_M_roh_BELLY.jpg,10,A03_12_02_W_roh_BELLY.jpg,0.9464471340179443
A03_12_03_M_roh_BELLY.jpg,11,A05_18_07_W_roh_BELLY.jpg,0.9460659027099609
A03_12_03_M_roh_BELLY.jpg,12,A08_06_02_SA_roh_BELLY.jpg,0.9453358054161072
A03_12_03_M_roh_BELLY.jpg,13,A01_15_06_W_roh_BELLY.jpg,0.9446610808372498
A03_12_03_M_roh_BELLY.jpg,14,A06_12_04_W_roh_BELLY.jpg,0.9435305595397949
A03_12_03_M_roh_BELLY.jpg,15,A08_18_20_W_roh_BELLY.jpg,0.9394104480743408
A03_12_03_M_roh_BELLY.jpg,16,A08_18_06_W_roh_BELLY.jpg,0.938996434211731
A03_12_03_M_roh_BELLY.jpg,17,A05_18_08_W_roh_BELLY.jpg,0.938530445098877
A03_12_03_M_roh_BELLY.jpg,18,IMG-20250910-WA0025_BELLY.jpg,0.9375529885292053
A03_12_03_M_roh_BELLY.jpg,19,A01_06_01_SA_roh_BELLY.jpg,0.9350650906562805
A03_12_03_M_roh_BELLY.jpg,20,AT01_03_02_W_roh_BELLY.jpg,0.935029923915863
A03_15_04_W_roh_BELLY.jpg,1,A05_18_05_W_roh_BELLY.jpg,0.9608395099639893
A03_15_04_W_roh_BELLY.jpg,2,A03_15_06_W_roh_BELLY.jpg,0.959381639957428
A03_15_04_W_roh_BELLY.jpg,3,A08_18_01_M_roh_BELLY.jpg,0.9579653739929199
A03_15_04_W_roh_BELLY.jpg,4,A08_18_03_W_roh_BELLY.jpg,0.9569835662841797
A03_15_04_W_roh_BELLY.jpg,5,A06_15_02_W_roh_BELLY.jpg,0.9550144672393799
A03_15_04_W_roh_BELLY.jpg,6,A01_18_04_M_roh_BELLY.jpg,0.9548244476318359
A03_15_04_W_roh_BELLY.jpg,7,A01_18_07_W_roh_BELLY.jpg,0.95400071144104
A03_15_04_W_roh_BELLY.jpg,8,A01_18_02_M_roh_BELLY.jpg,0.9520585536956787
A03_15_04_W_roh_BELLY.jpg,9,A08_15_04_M_roh_BELLY.jpg,0.9499487280845642
A03_15_04_W_roh_BELLY.jpg,10,A01_18_05_W_roh_BELLY.jpg,0.9473453760147095
A03_15_04_W_roh_BELLY.jpg,11,A03_18_07_M_roh_BELLY.jpg,0.9471962451934814
A03_15_04_W_roh_BELLY.jpg,12,A03_18_06_W_roh_BELLY.jpg,0.9457509517669678
A03_15_04_W_roh_BELLY.jpg,13,A08_18_21_M_roh_BELLY.jpg,0.9437218904495239
A03_15_04_W_roh_BELLY.jpg,14,A04_15_06_M_roh_BELLY.jpg,0.9422501921653748
A03_15_04_W_roh_BELLY.jpg,15,A01_18_12_M_roh_BELLY.jpg,0.9414672255516052
A03_15_04_W_roh_BELLY.jpg,16,IMG-20250717-WA0011_BELLY.jpg,0.9406885504722595
A03_15_04_W_roh_BELLY.jpg,17,A06_12_04_W_roh_BELLY.jpg,0.9400080442428589
A03_15_04_W_roh_BELLY.jpg,18,A08_15_17_M_roh_BELLY.jpg,0.9372659921646118
A03_15_04_W_roh_BELLY.jpg,19,A06_12_01_W_roh_BELLY.jpg,0.9370774030685425
A03_15_04_W_roh_BELLY.jpg,20,A05_18_04_W_roh_BELLY.jpg,0.936668872833252
A03_15_06_W_roh_BELLY.jpg,1,A01_18_07_W_roh_BELLY.jpg,0.9650562405586243
A03_15_06_W_roh_BELLY.jpg,2,A06_15_02_W_roh_BELLY.jpg,0.960875928401947
A03_15_06_W_roh_BELLY.jpg,3,A08_15_06_W_roh_BELLY.jpg,0.9608253240585327
A03_15_06_W_roh_BELLY.jpg,4,A03_15_04_W_roh_BELLY.jpg,0.959381639957428
A03_15_06_W_roh_BELLY.jpg,5,A05_18_05_W_roh_BELLY.jpg,0.9575942754745483
A03_15_06_W_roh_BELLY.jpg,6,IMG-20250717-WA0011_BELLY.jpg,0.9550498723983765
A03_15_06_W_roh_BELLY.jpg,7,A01_18_02_M_roh_BELLY.jpg,0.9515823125839233
A03_15_06_W_roh_BELLY.jpg,8,A08_15_04_M_roh_BELLY.jpg,0.9498534798622131
A03_15_06_W_roh_BELLY.jpg,9,A06_12_01_W_roh_BELLY.jpg,0.9493672847747803
A03_15_06_W_roh_BELLY.jpg,10,A01_18_12_M_roh_BELLY.jpg,0.9491315484046936
A03_15_06_W_roh_BELLY.jpg,11,A04_15_06_M_roh_BELLY.jpg,0.9477781057357788
A03_15_06_W_roh_BELLY.jpg,12,A01_18_04_M_roh_BELLY.jpg,0.9465365409851074
A03_15_06_W_roh_BELLY.jpg,13,A08_18_03_W_roh_BELLY.jpg,0.9463169574737549
A03_15_06_W_roh_BELLY.jpg,14,A08_18_01_M_roh_BELLY.jpg,0.9460685849189758
A03_15_06_W_roh_BELLY.jpg,15,A03_18_06_W_roh_BELLY.jpg,0.9455292820930481
A03_15_06_W_roh_BELLY.jpg,16,A08_15_19_M_roh_BELLY.jpg,0.9454302787780762
A03_15_06_W_roh_BELLY.jpg,17,A03_18_07_M_roh_BELLY.jpg,0.94517982006073
A03_15_06_W_roh_BELLY.jpg,18,A08_18_20_W_roh_BELLY.jpg,0.943833589553833
A03_15_06_W_roh_BELLY.jpg,19,A01_18_05_W_roh_BELLY.jpg,0.9421552419662476
A03_15_06_W_roh_BELLY.jpg,20,A07_18_01_W_roh_BELLY.jpg,0.941809892654419
A03_18_06_W_roh_BELLY.jpg,1,A08_15_04_M_roh_BELLY.jpg,0.9655290842056274
A03_18_06_W_roh_BELLY.jpg,2,A05_18_05_W_roh_BELLY.jpg,0.9644695520401001
A03_18_06_W_roh_BELLY.jpg,3,A04_15_06_M_roh_BELLY.jpg,0.9621962308883667
A03_18_06_W_roh_BELLY.jpg,4,A08_18_05_W_roh_BELLY.jpg,0.9599639177322388
A03_18_06_W_roh_BELLY.jpg,5,A08_15_19_M_roh_BELLY.jpg,0.9595578908920288
A03_18_06_W_roh_BELLY.jpg,6,A06_15_03_W_roh_BELLY.jpg,0.9573776125907898
A03_18_06_W_roh_BELLY.jpg,7,A01_18_03_W_roh_BELLY.jpg,0.9553787708282471
A03_18_06_W_roh_BELLY.jpg,8,A08_18_10_W_roh_BELLY.jpg,0.9551398754119873
A03_18_06_W_roh_BELLY.jpg,9,A08_18_22_W_roh_BELLY.jpg,0.9534621238708496
A03_18_06_W_roh_BELLY.jpg,10,IMG-20250910-WA0030_BELLY.jpg,0.9524240493774414
A03_18_06_W_roh_BELLY.jpg,11,A04_15_05_W_roh_BELLY.jpg,0.9515377283096313
A03_18_06_W_roh_BELLY.jpg,12,A01_15_06_W_roh_BELLY.jpg,0.9513964653015137
A03_18_06_W_roh_BELLY.jpg,13,A05_18_07_W_roh_BELLY.jpg,0.9510982036590576
A03_18_06_W_roh_BELLY.jpg,14,A01_18_12_M_roh_BELLY.jpg,0.9510598182678223
A03_18_06_W_roh_BELLY.jpg,15,A05_18_06_W_roh_BELLY.jpg,0.9509730339050293
A03_18_06_W_roh_BELLY.jpg,16,A03_18_07_M_roh_BELLY.jpg,0.9499098062515259
A03_18_06_W_roh_BELLY.jpg,17,A05_18_04_W_roh_BELLY.jpg,0.9492493271827698
A03_18_06_W_roh_BELLY.jpg,18,A02_03_02_M_roh_BELLY.jpg,0.9491949081420898
A03_18_06_W_roh_BELLY.jpg,19,A08_15_05_M_roh_BELLY.jpg,0.9490392208099365
A03_18_06_W_roh_BELLY.jpg,20,A05_18_08_W_roh_BELLY.jpg,0.9488797187805176
A03_18_07_M_roh_BELLY.jpg,1,A08_15_04_M_roh_BELLY.jpg,0.9675585031509399
A03_18_07_M_roh_BELLY.jpg,2,A05_18_04_W_roh_BELLY.jpg,0.9585508108139038
A03_18_07_M_roh_BELLY.jpg,3,A08_18_21_M_roh_BELLY.jpg,0.9574686288833618
A03_18_07_M_roh_BELLY.jpg,4,A08_18_06_W_roh_BELLY.jpg,0.9565695524215698
A03_18_07_M_roh_BELLY.jpg,5,A05_18_05_W_roh_BELLY.jpg,0.9510002136230469
A03_18_07_M_roh_BELLY.jpg,6,A04_15_06_M_roh_BELLY.jpg,0.9507399797439575
A03_18_07_M_roh_BELLY.jpg,7,A03_12_01_M_roh_BELLY.jpg,0.9502466917037964
A03_18_07_M_roh_BELLY.jpg,8,A03_18_06_W_roh_BELLY.jpg,0.9499098062515259
A03_18_07_M_roh_BELLY.jpg,9,A06_15_02_W_roh_BELLY.jpg,0.9496849775314331
A03_18_07_M_roh_BELLY.jpg,10,A06_12_01_W_roh_BELLY.jpg,0.9494407176971436
A03_18_07_M_roh_BELLY.jpg,11,IMG-20250919-WA0011_BELLY.jpg,0.9486653804779053
A03_18_07_M_roh_BELLY.jpg,12,A01_18_04_M_roh_BELLY.jpg,0.9475529193878174
A03_18_07_M_roh_BELLY.jpg,13,A03_15_04_W_roh_BELLY.jpg,0.9471962451934814
A03_18_07_M_roh_BELLY.jpg,14,A08_18_23_W_roh_BELLY.jpg,0.9468844532966614
A03_18_07_M_roh_BELLY.jpg,15,A03_15_06_W_roh_BELLY.jpg,0.94517982006073
A03_18_07_M_roh_BELLY.jpg,16,A05_18_07_W_roh_BELLY.jpg,0.9443012475967407
A03_18_07_M_roh_BELLY.jpg,17,A08_18_03_W_roh_BELLY.jpg,0.943631112575531
A03_18_07_M_roh_BELLY.jpg,18,IMG-20250910-WA0061_BELLY.jpg,0.9434794187545776
A03_18_07_M_roh_BELLY.jpg,19,A08_18_20_W_roh_BELLY.jpg,0.943379282951355
A03_18_07_M_roh_BELLY.jpg,20,A01_15_06_W_roh_BELLY.jpg,0.9427316188812256
A04_03_01_W_roh_BELLY.jpg,1,AT01_03_02_W_roh_BELLY.jpg,0.9707168340682983
A04_03_01_W_roh_BELLY.jpg,2,A01_18_03_W_roh_BELLY.jpg,0.9655272960662842
A04_03_01_W_roh_BELLY.jpg,3,A08_18_05_W_roh_BELLY.jpg,0.9640882015228271
A04_03_01_W_roh_BELLY.jpg,4,A08_15_19_M_roh_BELLY.jpg,0.9628316164016724
A04_03_01_W_roh_BELLY.jpg,5,A07_18_01_W_roh_BELLY.jpg,0.9610960483551025
A04_03_01_W_roh_BELLY.jpg,6,A08_18_19_W_roh_BELLY.jpg,0.9590057134628296
A04_03_01_W_roh_BELLY.jpg,7,A08_18_13_W_roh_BELLY.jpg,0.958940863609314
A04_03_01_W_roh_BELLY.jpg,8,A02_06_04_M_roh_BELLY.jpg,0.9588971138000488
A04_03_01_W_roh_BELLY.jpg,9,A01_18_12_M_roh_BELLY.jpg,0.958371102809906
A04_03_01_W_roh_BELLY.jpg,10,A05_18_08_W_roh_BELLY.jpg,0.9570906162261963
A04_03_01_W_roh_BELLY.jpg,11,A04_06_01_M_roh_BELLY.jpg,0.9569074511528015
A04_03_01_W_roh_BELLY.jpg,12,A08_15_04_M_roh_BELLY.jpg,0.9563632607460022
A04_03_01_W_roh_BELLY.jpg,13,A08_15_05_M_roh_BELLY.jpg,0.9552760124206543
A04_03_01_W_roh_BELLY.jpg,14,A01_15_06_W_roh_BELLY.jpg,0.9544737339019775
A04_03_01_W_roh_BELLY.jpg,15,A04_06_02_M_roh_BELLY.jpg,0.9535194635391235
A04_03_01_W_roh_BELLY.jpg,16,A02_06_03_M_roh_BELLY.jpg,0.9532855749130249
A04_03_01_W_roh_BELLY.jpg,17,A08_06_10_M_roh_BELLY.jpg,0.952663779258728
A04_03_01_W_roh_BELLY.jpg,18,A02_03_02_M_roh_BELLY.jpg,0.9524381756782532
A04_03_01_W_roh_BELLY.jpg,19,A05_18_06_W_roh_BELLY.jpg,0.9522609710693359
A04_03_01_W_roh_BELLY.jpg,20,IMG-20250910-WA0018_BELLY.jpg,0.9515976905822754
A04_06_01_M_roh_BELLY.jpg,1,A02_06_03_M_roh_BELLY.jpg,0.9629840850830078
A04_06_01_M_roh_BELLY.jpg,2,A01_06_01_SA_roh_BELLY.jpg,0.9618790149688721
A04_06_01_M_roh_BELLY.jpg,3,A01_12_01_M_roh_BELLY.jpg,0.957645058631897
A04_06_01_M_roh_BELLY.jpg,4,A04_03_01_W_roh_BELLY.jpg,0.9569074511528015
A04_06_01_M_roh_BELLY.jpg,5,A04_06_02_M_roh_BELLY.jpg,0.956515908241272
A04_06_01_M_roh_BELLY.jpg,6,A01_17_01_W_roh_BELLY.jpg,0.9548400640487671
A04_06_01_M_roh_BELLY.jpg,7,A08_06_08_W_roh_BELLY.jpg,0.9547315835952759
A04_06_01_M_roh_BELLY.jpg,8,A03_12_03_M_roh_BELLY.jpg,0.9545153379440308
A04_06_01_M_roh_BELLY.jpg,9,A08_18_14_M_roh_BELLY.jpg,0.9538180828094482
A04_06_01_M_roh_BELLY.jpg,10,A01_15_03_W_roh_BELLY.jpg,0.9531790018081665
A04_06_01_M_roh_BELLY.jpg,11,A08_18_13_W_roh_BELLY.jpg,0.952660322189331
A04_06_01_M_roh_BELLY.jpg,12,A01_15_01_W_roh_BELLY.jpg,0.9525747299194336
A04_06_01_M_roh_BELLY.jpg,13,AT01_06_03_W_roh_BELLY.jpg,0.9522074460983276
A04_06_01_M_roh_BELLY.jpg,14,A01_15_06_W_roh_BELLY.jpg,0.9516333341598511
A04_06_01_M_roh_BELLY.jpg,15,AT01_03_02_W_roh_BELLY.jpg,0.9498772621154785
A04_06_01_M_roh_BELLY.jpg,16,A05_18_08_W_roh_BELLY.jpg,0.949785053730011
A04_06_01_M_roh_BELLY.jpg,17,A08_06_02_SA_roh_BELLY.jpg,0.9491559863090515
A04_06_01_M_roh_BELLY.jpg,18,A02_06_06_M_roh_BELLY.jpg,0.949042558670044
A04_06_01_M_roh_BELLY.jpg,19,A08_18_19_W_roh_BELLY.jpg,0.9486212134361267
A04_06_01_M_roh_BELLY.jpg,20,A02_06_07_M_roh_BELLY.jpg,0.9481737613677979
A04_06_02_M_roh_BELLY.jpg,1,AT01_06_03_W_roh_BELLY.jpg,0.9750124216079712
A04_06_02_M_roh_BELLY.jpg,2,A02_06_06_M_roh_BELLY.jpg,0.9742907285690308
A04_06_02_M_roh_BELLY.jpg,3,A08_06_10_M_roh_BELLY.jpg,0.974154531955719
A04_06_02_M_roh_BELLY.jpg,4,A08_15_19_M_roh_BELLY.jpg,0.966277539730072
A04_06_02_M_roh_BELLY.jpg,5,A02_06_04_M_roh_BELLY.jpg,0.9659144282341003
A04_06_02_M_roh_BELLY.jpg,6,A01_06_01_SA_roh_BELLY.jpg,0.9649341106414795
A04_06_02_M_roh_BELLY.jpg,7,A02_06_03_M_roh_BELLY.jpg,0.9628929495811462
A04_06_02_M_roh_BELLY.jpg,8,A08_06_05_SA_roh_BELLY.jpg,0.9622982740402222
A04_06_02_M_roh_BELLY.jpg,9,A02_06_07_M_roh_BELLY.jpg,0.9566304683685303
A04_06_02_M_roh_BELLY.jpg,10,A04_06_01_M_roh_BELLY.jpg,0.956515908241272
A04_06_02_M_roh_BELLY.jpg,11,A08_06_08_W_roh_BELLY.jpg,0.9562669992446899
A04_06_02_M_roh_BELLY.jpg,12,A01_18_14_W_roh_BELLY.jpg,0.9556553959846497
A04_06_02_M_roh_BELLY.jpg,13,A04_03_01_W_roh_BELLY.jpg,0.9535194635391235
A04_06_02_M_roh_BELLY.jpg,14,A08_18_19_W_roh_BELLY.jpg,0.9528030157089233
A04_06_02_M_roh_BELLY.jpg,15,A08_15_04_M_roh_BELLY.jpg,0.9521042704582214
A04_06_02_M_roh_BELLY.jpg,16,A02_03_02_M_roh_BELLY.jpg,0.9510616660118103
A04_06_02_M_roh_BELLY.jpg,17,A01_18_03_W_roh_BELLY.jpg,0.9507482647895813
A04_06_02_M_roh_BELLY.jpg,18,A08_18_13_W_roh_BELLY.jpg,0.9499037265777588
A04_06_02_M_roh_BELLY.jpg,19,AT01_03_02_W_roh_BELLY.jpg,0.9486743211746216
A04_06_02_M_roh_BELLY.jpg,20,A05_21_01_W_roh_BELLY.jpg,0.9471191167831421
A04_12_02_M_roh_BELLY.jpg,1,A05_18_06_W_roh_BELLY.jpg,0.9364984631538391
A04_12_02_M_roh_BELLY.jpg,2,A06_12_04_W_roh_BELLY.jpg,0.9344652891159058
A04_12_02_M_roh_BELLY.jpg,3,A01_12_01_M_roh_BELLY.jpg,0.9307061433792114
A04_12_02_M_roh_BELLY.jpg,4,A08_15_05_M_roh_BELLY.jpg,0.9297565817832947
A04_12_02_M_roh_BELLY.jpg,5,A06_18_04_W_roh_BELLY.jpg,0.9292219281196594
A04_12_02_M_roh_BELLY.jpg,6,A05_18_04_W_roh_BELLY.jpg,0.9277054071426392
A04_12_02_M_roh_BELLY.jpg,7,A04_15_06_M_roh_BELLY.jpg,0.9275949001312256
A04_12_02_M_roh_BELLY.jpg,8,IMG-20250910-WA0061_BELLY.jpg,0.927014946937561
A04_12_02_M_roh_BELLY.jpg,9,A08_18_12_W_roh_BELLY.jpg,0.9269648194313049
A04_12_02_M_roh_BELLY.jpg,10,A08_18_04_W_roh_BELLY.jpg,0.9242485761642456
A04_12_02_M_roh_BELLY.jpg,11,A08_18_13_W_roh_BELLY.jpg,0.9228184223175049
A04_12_02_M_roh_BELLY.jpg,12,A08_12_15_W_roh_BELLY.jpg,0.9227582216262817
A04_12_02_M_roh_BELLY.jpg,13,A01_15_06_W_roh_BELLY.jpg,0.9220157861709595
A04_12_02_M_roh_BELLY.jpg,14,A03_12_03_M_roh_BELLY.jpg,0.9218840599060059
A04_12_02_M_roh_BELLY.jpg,15,A01_18_04_M_roh_BELLY.jpg,0.9217150211334229
A04_12_02_M_roh_BELLY.jpg,16,A08_18_22_W_roh_BELLY.jpg,0.9214581251144409
A04_12_02_M_roh_BELLY.jpg,17,A08_18_20_W_roh_BELLY.jpg,0.9214516878128052
A04_12_02_M_roh_BELLY.jpg,18,A08_18_06_W_roh_BELLY.jpg,0.9213159084320068
A04_12_02_M_roh_BELLY.jpg,19,A02_06_04_M_roh_BELLY.jpg,0.9213117361068726
A04_12_02_M_roh_BELLY.jpg,20,A08_18_23_W_roh_BELLY.jpg,0.9211094379425049
A04_12_04_W_roh_BELLY.jpg,1,A08_12_15_W_roh_BELLY.jpg,0.956552267074585
A04_12_04_W_roh_BELLY.jpg,2,A02_06_06_M_roh_BELLY.jpg,0.9553782939910889
A04_12_04_W_roh_BELLY.jpg,3,A08_06_08_W_roh_BELLY.jpg,0.9537519812583923
A04_12_04_W_roh_BELLY.jpg,4,A08_12_05_W_roh_BELLY.jpg,0.9515184164047241
A04_12_04_W_roh_BELLY.jpg,5,A05_21_01_W_roh_BELLY.jpg,0.9508316516876221
A04_12_04_W_roh_BELLY.jpg,6,A02_06_03_M_roh_BELLY.jpg,0.948723554611206
A04_12_04_W_roh_BELLY.jpg,7,AT01_06_03_W_roh_BELLY.jpg,0.9441277980804443
A04_12_04_W_roh_BELLY.jpg,8,A08_18_19_W_roh_BELLY.jpg,0.943050742149353
A04_12_04_W_roh_BELLY.jpg,9,A08_18_13_W_roh_BELLY.jpg,0.9420076012611389
A04_12_04_W_roh_BELLY.jpg,10,A04_06_02_M_roh_BELLY.jpg,0.940060019493103
A04_12_04_W_roh_BELLY.jpg,11,A01_06_01_SA_roh_BELLY.jpg,0.9375052452087402
A04_12_04_W_roh_BELLY.jpg,12,A01_18_14_W_roh_BELLY.jpg,0.9364223480224609
A04_12_04_W_roh_BELLY.jpg,13,A08_06_05_SA_roh_BELLY.jpg,0.9351500272750854
A04_12_04_W_roh_BELLY.jpg,14,A06_12_04_W_roh_BELLY.jpg,0.9340410232543945
A04_12_04_W_roh_BELLY.jpg,15,AT01_03_02_W_roh_BELLY.jpg,0.9336134195327759
A04_12_04_W_roh_BELLY.jpg,16,A03_12_02_W_roh_BELLY.jpg,0.9334583878517151
A04_12_04_W_roh_BELLY.jpg,17,A06_18_04_W_roh_BELLY.jpg,0.933364987373352
A04_12_04_W_roh_BELLY.jpg,18,A08_06_10_M_roh_BELLY.jpg,0.9319210052490234
A04_12_04_W_roh_BELLY.jpg,19,A05_12_03_W_roh_BELLY.jpg,0.9299252033233643
A04_12_04_W_roh_BELLY.jpg,20,A01_18_12_M_roh_BELLY.jpg,0.9297288656234741
A04_15_03_M_roh_BELLY.jpg,1,A08_15_21_M_roh_BELLY.jpg,0.956397294998169
A04_15_03_M_roh_BELLY.jpg,2,A08_18_08_M_roh_BELLY.jpg,0.9419834017753601
A04_15_03_M_roh_BELLY.jpg,3,A06_15_03_W_roh_BELLY.jpg,0.9340393543243408
A04_15_03_M_roh_BELLY.jpg,4,A08_18_09_M_roh_BELLY.jpg,0.9323517084121704
A04_15_03_M_roh_BELLY.jpg,5,IMG-20250910-WA0063_BELLY.jpg,0.9284733533859253
A04_15_03_M_roh_BELLY.jpg,6,A07_09_02_W_roh_BELLY.jpg,0.9284093379974365
A04_15_03_M_roh_BELLY.jpg,7,A01_05_03_W_roh_BELLY.jpg,0.9234709739685059
A04_15_03_M_roh_BELLY.jpg,8,IMG-20250919-WA0014_BELLY.jpg,0.9234286546707153
A04_15_03_M_roh_BELLY.jpg,9,A08_15_17_M_roh_BELLY.jpg,0.9233905076980591
A04_15_03_M_roh_BELLY.jpg,10,A03_18_06_W_roh_BELLY.jpg,0.9225891828536987
A04_15_03_M_roh_BELLY.jpg,11,A08_18_18_W_roh_BELLY.jpg,0.9191038012504578
A04_15_03_M_roh_BELLY.jpg,12,A07_08_03_W_roh_BELLY.jpg,0.9186114072799683
A04_15_03_M_roh_BELLY.jpg,13,A01_08_01_W_roh_BELLY.jpg,0.9177308082580566
A04_15_03_M_roh_BELLY.jpg,14,A04_06_01_M_roh_BELLY.jpg,0.9163258075714111
A04_15_03_M_roh_BELLY.jpg,15,A04_15_06_M_roh_BELLY.jpg,0.9160776734352112
A04_15_03_M_roh_BELLY.jpg,16,IMG-20250910-WA0017_BELLY.jpg,0.9157266616821289
A04_15_03_M_roh_BELLY.jpg,17,A01_12_01_M_roh_BELLY.jpg,0.9143803119659424
A04_15_03_M_roh_BELLY.jpg,18,A08_15_07_W_roh_BELLY.jpg,0.9143362045288086
A04_15_03_M_roh_BELLY.jpg,19,A08_18_22_W_roh_BELLY.jpg,0.9136803150177002
A04_15_03_M_roh_BELLY.jpg,20,A06_17_02_W__roh_BELLY.jpg,0.913243293762207
A04_15_04_M_roh_BELLY.jpg,1,A08_15_17_M_roh_BELLY.jpg,0.943911075592041
A04_15_04_M_roh_BELLY.jpg,2,A08_18_20_W_roh_BELLY.jpg,0.9429070949554443
A04_15_04_M_roh_BELLY.jpg,3,A06_18_04_W_roh_BELLY.jpg,0.9402524828910828
A04_15_04_M_roh_BELLY.jpg,4,IMG-20250910-WA0017_BELLY.jpg,0.9343750476837158
A04_15_04_M_roh_BELLY.jpg,5,A08_18_23_W_roh_BELLY.jpg,0.9341729283332825
A04_15_04_M_roh_BELLY.jpg,6,A08_15_07_W_roh_BELLY.jpg,0.9330261945724487
A04_15_04_M_roh_BELLY.jpg,7,A08_15_21_M_roh_BELLY.jpg,0.9324668645858765
A04_15_04_M_roh_BELLY.jpg,8,A04_15_06_M_roh_BELLY.jpg,0.9321438074111938
A04_15_04_M_roh_BELLY.jpg,9,A08_12_13_W_roh_BELLY.jpg,0.9312909245491028
A04_15_04_M_roh_BELLY.jpg,10,A06_15_03_W_roh_BELLY.jpg,0.9311496019363403
A04_15_04_M_roh_BELLY.jpg,11,A08_18_18_W_roh_BELLY.jpg,0.9300599098205566
A04_15_04_M_roh_BELLY.jpg,12,IMG-20250626-WA0014_BELLY.jpg,0.9293926954269409
A04_15_04_M_roh_BELLY.jpg,13,A04_17_01_W_roh_BELLY.jpg,0.9292460680007935
A04_15_04_M_roh_BELLY.jpg,14,A08_18_09_M_roh_BELLY.jpg,0.928409218788147
A04_15_04_M_roh_BELLY.jpg,15,IMG-20250910-WA0025_BELLY.jpg,0.9270006418228149
A04_15_04_M_roh_BELLY.jpg,16,A05_15_03_W_roh_BELLY.jpg,0.9266964793205261
A04_15_04_M_roh_BELLY.jpg,17,A05_12_03_W_roh_BELLY.jpg,0.9266515970230103
A04_15_04_M_roh_BELLY.jpg,18,A08_15_14_W_roh_BELLY.jpg,0.9264804124832153
A04_15_04_M_roh_BELLY.jpg,19,A03_12_02_W_roh_BELLY.jpg,0.9263426065444946
A04_15_04_M_roh_BELLY.jpg,20,A08_18_17_W_roh_BELLY.jpg,0.9257526397705078
A04_15_05_W_roh_BELLY.jpg,1,A05_18_07_W_roh_BELLY.jpg,0.963489294052124
A04_15_05_W_roh_BELLY.jpg,2,A08_15_19_M_roh_BELLY.jpg,0.9610437154769897
A04_15_05_W_roh_BELLY.jpg,3,A05_18_06_W_roh_BELLY.jpg,0.9610325694084167
A04_15_05_W_roh_BELLY.jpg,4,A08_18_10_W_roh_BELLY.jpg,0.9606350660324097
A04_15_05_W_roh_BELLY.jpg,5,A01_18_03_W_roh_BELLY.jpg,0.9581944942474365
A04_15_05_W_roh_BELLY.jpg,6,A02_03_02_M_roh_BELLY.jpg,0.9549524188041687
A04_15_05_W_roh_BELLY.jpg,7,A05_18_08_W_roh_BELLY.jpg,0.953413724899292
A04_15_05_W_roh_BELLY.jpg,8,A03_18_06_W_roh_BELLY.jpg,0.9515377283096313
A04_15_05_W_roh_BELLY.jpg,9,A08_15_05_M_roh_BELLY.jpg,0.9493662714958191
A04_15_05_W_roh_BELLY.jpg,10,A08_18_05_W_roh_BELLY.jpg,0.948441743850708
A04_15_05_W_roh_BELLY.jpg,11,A08_15_06_W_roh_BELLY.jpg,0.9481712579727173
A04_15_05_W_roh_BELLY.jpg,12,A04_15_06_M_roh_BELLY.jpg,0.9450368881225586
A04_15_05_W_roh_BELLY.jpg,13,A08_15_04_M_roh_BELLY.jpg,0.9444834589958191
A04_15_05_W_roh_BELLY.jpg,14,A01_15_06_W_roh_BELLY.jpg,0.9431047439575195
A04_15_05_W_roh_BELLY.jpg,15,A04_03_01_W_roh_BELLY.jpg,0.942028284072876
A04_15_05_W_roh_BELLY.jpg,16,AT01_03_02_W_roh_BELLY.jpg,0.9419009685516357
A04_15_05_W_roh_BELLY.jpg,17,A08_18_04_W_roh_BELLY.jpg,0.9416353106498718
A04_15_05_W_roh_BELLY.jpg,18,A06_03_01_M_roh_BELLY.jpg,0.9412804841995239
A04_15_05_W_roh_BELLY.jpg,19,A08_06_10_M_roh_BELLY.jpg,0.9405742883682251
A04_15_05_W_roh_BELLY.jpg,20,A04_06_02_M_roh_BELLY.jpg,0.940390944480896
A04_15_06_M_roh_BELLY.jpg,1,A01_18_12_M_roh_BELLY.jpg,0.9689201712608337
A04_15_06_M_roh_BELLY.jpg,2,A08_18_20_W_roh_BELLY.jpg,0.9666159749031067
A04_15_06_M_roh_BELLY.jpg,3,A08_18_12_W_roh_BELLY.jpg,0.9635452032089233
A04_15_06_M_roh_BELLY.jpg,4,A01_15_06_W_roh_BELLY.jpg,0.9629042744636536
A04_15_06_M_roh_BELLY.jpg,5,A07_18_01_W_roh_BELLY.jpg,0.9627214074134827
A04_15_06_M_roh_BELLY.jpg,6,A03_18_06_W_roh_BELLY.jpg,0.9621962308883667
A04_15_06_M_roh_BELLY.jpg,7,A08_18_21_M_roh_BELLY.jpg,0.9620623588562012
A04_15_06_M_roh_BELLY.jpg,8,A08_18_05_W_roh_BELLY.jpg,0.9615316390991211
A04_15_06_M_roh_BELLY.jpg,9,A06_15_03_W_roh_BELLY.jpg,0.9612312316894531
A04_15_06_M_roh_BELLY.jpg,10,A08_15_04_M_roh_BELLY.jpg,0.960780918598175
A04_15_06_M_roh_BELLY.jpg,11,A08_18_22_W_roh_BELLY.jpg,0.9594080448150635
A04_15_06_M_roh_BELLY.jpg,12,A08_18_09_M_roh_BELLY.jpg,0.9592694044113159
A04_15_06_M_roh_BELLY.jpg,13,A05_18_06_W_roh_BELLY.jpg,0.9588104486465454
A04_15_06_M_roh_BELLY.jpg,14,A08_18_10_W_roh_BELLY.jpg,0.9568594694137573
A04_15_06_M_roh_BELLY.jpg,15,A08_15_17_M_roh_BELLY.jpg,0.9557350277900696
A04_15_06_M_roh_BELLY.jpg,16,A05_18_07_W_roh_BELLY.jpg,0.95561683177948
A04_15_06_M_roh_BELLY.jpg,17,A08_18_14_M_roh_BELLY.jpg,0.95540851354599
A04_15_06_M_roh_BELLY.jpg,18,A06_18_04_W_roh_BELLY.jpg,0.9547684192657471
A04_15_06_M_roh_BELLY.jpg,19,A08_18_18_W_roh_BELLY.jpg,0.9547310471534729
A04_15_06_M_roh_BELLY.jpg,20,A08_15_05_M_roh_BELLY.jpg,0.954649806022644
A04_17_01_W_roh_BELLY.jpg,1,IMG-20250910-WA0017_BELLY.jpg,0.9512796998023987
A04_17_01_W_roh_BELLY.jpg,2,A08_09_35_W_roh_BELLY.jpg,0.9467951059341431
A04_17_01_W_roh_BELLY.jpg,3,A01_12_01_M_roh_BELLY.jpg,0.9442344307899475
A04_17_01_W_roh_BELLY.jpg,4,A01_08_01_W_roh_BELLY.jpg,0.943974494934082
A04_17_01_W_roh_BELLY.jpg,5,A06_15_03_W_roh_BELLY.jpg,0.9392181634902954
A04_17_01_W_roh_BELLY.jpg,6,A01_17_01_W_roh_BELLY.jpg,0.9389873743057251
A04_17_01_W_roh_BELLY.jpg,7,A08_18_20_W_roh_BELLY.jpg,0.9385693669319153
A04_17_01_W_roh_BELLY.jpg,8,A08_18_09_M_roh_BELLY.jpg,0.9376173615455627
A04_17_01_W_roh_BELLY.jpg,9,IMG-20250910-WA0063_BELLY.jpg,0.9375309944152832
A04_17_01_W_roh_BELLY.jpg,10,A06_18_04_W_roh_BELLY.jpg,0.9366775751113892
A04_17_01_W_roh_BELLY.jpg,11,A03_12_02_W_roh_BELLY.jpg,0.9353281259536743
A04_17_01_W_roh_BELLY.jpg,12,A07_09_02_W_roh_BELLY.jpg,0.9342882633209229
A04_17_01_W_roh_BELLY.jpg,13,IMG-20250910-WA0061_BELLY.jpg,0.9337678551673889
A04_17_01_W_roh_BELLY.jpg,14,A06_17_04_W_roh_BELLY.jpg,0.9331644177436829
A04_17_01_W_roh_BELLY.jpg,15,A08_18_12_W_roh_BELLY.jpg,0.9330486059188843
A04_17_01_W_roh_BELLY.jpg,16,IMG-20250919-WA0014_BELLY.jpg,0.9326041340827942
A04_17_01_W_roh_BELLY.jpg,17,A08_15_17_M_roh_BELLY.jpg,0.9322311878204346
A04_17_01_W_roh_BELLY.jpg,18,IMG-20250910-WA0022_BELLY.jpg,0.9320897459983826
A04_17_01_W_roh_BELLY.jpg,19,A07_17_03_W_roh_BELLY.jpg,0.9319469928741455
A04_17_01_W_roh_BELLY.jpg,20,A08_18_22_W_roh_BELLY.jpg,0.9302483201026917
A04_17_02_W_roh_BELLY.jpg,1,A08_17_17_W_roh_BELLY.jpg,0.9604048728942871
A04_17_02_W_roh_BELLY.jpg,2,A08_15_04_M_roh_BELLY.jpg,0.9471846222877502
A04_17_02_W_roh_BELLY.jpg,3,IMG-20250910-WA0029_BELLY.jpg,0.9439712166786194
A04_17_02_W_roh_BELLY.jpg,4,A07_17_06_W_roh_BELLY.jpg,0.9437155723571777
A04_17_02_W_roh_BELLY.jpg,5,A01_18_04_M_roh_BELLY.jpg,0.9426256418228149
A04_17_02_W_roh_BELLY.jpg,6,A06_14_02_W_roh_BELLY.jpg,0.9413520693778992
A04_17_02_W_roh_BELLY.jpg,7,IMG-20250919-WA0012_BELLY.jpg,0.9408273696899414
A04_17_02_W_roh_BELLY.jpg,8,A08_09_39_W_roh_BELLY.jpg,0.9391778707504272
A04_17_02_W_roh_BELLY.jpg,9,IMG-20250910-WA0022_BELLY.jpg,0.9388148784637451
A04_17_02_W_roh_BELLY.jpg,10,A07_17_03_W_roh_BELLY.jpg,0.9386155009269714
A04_17_02_W_roh_BELLY.jpg,11,IMG-20250910-WA0030_BELLY.jpg,0.9384399652481079
A04_17_02_W_roh_BELLY.jpg,12,A07_08_04_M_roh_BELLY.jpg,0.9374476075172424
A04_17_02_W_roh_BELLY.jpg,13,A01_08_01_W_roh_BELLY.jpg,0.9341428875923157
A04_17_02_W_roh_BELLY.jpg,14,A06_17_02_W__roh_BELLY.jpg,0.9333860874176025
A04_17_02_W_roh_BELLY.jpg,15,A03_18_07_M_roh_BELLY.jpg,0.9325426816940308
A04_17_02_W_roh_BELLY.jpg,16,A06_12_04_W_roh_BELLY.jpg,0.932396411895752
A04_17_02_W_roh_BELLY.jpg,17,A03_12_01_M_roh_BELLY.jpg,0.9322957396507263
A04_17_02_W_roh_BELLY.jpg,18,A01_18_12_M_roh_BELLY.jpg,0.9319446086883545
A04_17_02_W_roh_BELLY.jpg,19,A08_18_05_W_roh_BELLY.jpg,0.9318348169326782
A04_17_02_W_roh_BELLY.jpg,20,A06_03_02_W_roh_BELLY.jpg,0.9310674667358398
A05_12_03_W_roh_BELLY.jpg,1,A02_06_03_M_roh_BELLY.jpg,0.9482982754707336
A05_12_03_W_roh_BELLY.jpg,2,A04_06_01_M_roh_BELLY.jpg,0.9457932710647583
A05_12_03_W_roh_BELLY.jpg,3,A03_12_02_W_roh_BELLY.jpg,0.9449452757835388
A05_12_03_W_roh_BELLY.jpg,4,A01_12_01_M_roh_BELLY.jpg,0.9435043334960938
A05_12_03_W_roh_BELLY.jpg,5,A01_06_01_SA_roh_BELLY.jpg,0.941828727722168
A05_12_03_W_roh_BELLY.jpg,6,A06_12_04_W_roh_BELLY.jpg,0.9412792921066284
A05_12_03_W_roh_BELLY.jpg,7,A08_18_13_W_roh_BELLY.jpg,0.940979540348053
A05_12_03_W_roh_BELLY.jpg,8,A04_03_01_W_roh_BELLY.jpg,0.9403911232948303
A05_12_03_W_roh_BELLY.jpg,9,A08_18_22_W_roh_BELLY.jpg,0.9399876594543457
A05_12_03_W_roh_BELLY.jpg,10,A08_15_21_M_roh_BELLY.jpg,0.9383636713027954
A05_12_03_W_roh_BELLY.jpg,11,A05_18_04_W_roh_BELLY.jpg,0.9377295970916748
A05_12_03_W_roh_BELLY.jpg,12,A08_12_15_W_roh_BELLY.jpg,0.9376929402351379
A05_12_03_W_roh_BELLY.jpg,13,A08_09_35_W_roh_BELLY.jpg,0.9371169209480286
A05_12_03_W_roh_BELLY.jpg,14,A06_15_03_W_roh_BELLY.jpg,0.9364739060401917
A05_12_03_W_roh_BELLY.jpg,15,A05_18_06_W_roh_BELLY.jpg,0.9363029599189758
A05_12_03_W_roh_BELLY.jpg,16,A05_18_07_W_roh_BELLY.jpg,0.9361995458602905
A05_12_03_W_roh_BELLY.jpg,17,A05_18_08_W_roh_BELLY.jpg,0.9360707998275757
A05_12_03_W_roh_BELLY.jpg,18,A04_15_05_W_roh_BELLY.jpg,0.9356724619865417
A05_12_03_W_roh_BELLY.jpg,19,A01_18_14_W_roh_BELLY.jpg,0.9349981546401978
A05_12_03_W_roh_BELLY.jpg,20,AT01_06_03_W_roh_BELLY.jpg,0.9341370463371277
A05_15_03_W_roh_BELLY.jpg,1,A01_15_03_W_roh_BELLY.jpg,0.9607702493667603
A05_15_03_W_roh_BELLY.jpg,2,IMG-20250910-WA0014_BELLY.jpg,0.9542604684829712
A05_15_03_W_roh_BELLY.jpg,3,IMG-20250910-WA0025_BELLY.jpg,0.9523860216140747
A05_15_03_W_roh_BELLY.jpg,4,A01_15_01_W_roh_BELLY.jpg,0.951087474822998
A05_15_03_W_roh_BELLY.jpg,5,A08_18_23_W_roh_BELLY.jpg,0.9494231343269348
A05_15_03_W_roh_BELLY.jpg,6,A01_15_06_W_roh_BELLY.jpg,0.9493768811225891
A05_15_03_W_roh_BELLY.jpg,7,A08_18_20_W_roh_BELLY.jpg,0.94829261302948
A05_15_03_W_roh_BELLY.jpg,8,A03_12_03_M_roh_BELLY.jpg,0.9481325149536133
A05_15_03_W_roh_BELLY.jpg,9,A08_18_14_M_roh_BELLY.jpg,0.947702944278717
A05_15_03_W_roh_BELLY.jpg,10,A04_06_01_M_roh_BELLY.jpg,0.946643590927124
A05_15_03_W_roh_BELLY.jpg,11,A01_17_01_W_roh_BELLY.jpg,0.9448639154434204
A05_15_03_W_roh_BELLY.jpg,12,A05_18_07_W_roh_BELLY.jpg,0.9447886943817139
A05_15_03_W_roh_BELLY.jpg,13,A08_15_07_W_roh_BELLY.jpg,0.940139651298523
A05_15_03_W_roh_BELLY.jpg,14,A06_15_03_W_roh_BELLY.jpg,0.9390344619750977
A05_15_03_W_roh_BELLY.jpg,15,A08_18_08_M_roh_BELLY.jpg,0.9389920234680176
A05_15_03_W_roh_BELLY.jpg,16,A04_15_06_M_roh_BELLY.jpg,0.9367287158966064
A05_15_03_W_roh_BELLY.jpg,17,A04_15_05_W_roh_BELLY.jpg,0.9364663362503052
A05_15_03_W_roh_BELLY.jpg,18,A01_12_01_M_roh_BELLY.jpg,0.9361457824707031
A05_15_03_W_roh_BELLY.jpg,19,A05_18_04_W_roh_BELLY.jpg,0.9351198673248291
A05_15_03_W_roh_BELLY.jpg,20,A08_18_22_W_roh_BELLY.jpg,0.9349377155303955
A05_18_04_W_roh_BELLY.jpg,1,A08_15_04_M_roh_BELLY.jpg,0.9695047736167908
A05_18_04_W_roh_BELLY.jpg,2,A08_18_06_W_roh_BELLY.jpg,0.965225338935852
A05_18_04_W_roh_BELLY.jpg,3,A06_12_04_W_roh_BELLY.jpg,0.9618061184883118
A05_18_04_W_roh_BELLY.jpg,4,A08_18_14_M_roh_BELLY.jpg,0.96055006980896
A05_18_04_W_roh_BELLY.jpg,5,A08_18_20_W_roh_BELLY.jpg,0.9602413177490234
A05_18_04_W_roh_BELLY.jpg,6,A08_18_23_W_roh_BELLY.jpg,0.9588717818260193
A05_18_04_W_roh_BELLY.jpg,7,A03_18_07_M_roh_BELLY.jpg,0.9585508108139038
A05_18_04_W_roh_BELLY.jpg,8,A05_18_08_W_roh_BELLY.jpg,0.9580779075622559
A05_18_04_W_roh_BELLY.jpg,9,A01_12_01_M_roh_BELLY.jpg,0.9569476246833801
A05_18_04_W_roh_BELLY.jpg,10,A01_15_01_W_roh_BELLY.jpg,0.9561684131622314
A05_18_04_W_roh_BELLY.jpg,11,A05_18_07_W_roh_BELLY.jpg,0.9548918008804321
A05_18_04_W_roh_BELLY.jpg,12,A04_15_06_M_roh_BELLY.jpg,0.9531549215316772
A05_18_04_W_roh_BELLY.jpg,13,A08_18_22_W_roh_BELLY.jpg,0.9526587724685669
A05_18_04_W_roh_BELLY.jpg,14,A01_15_06_W_roh_BELLY.jpg,0.9526536464691162
A05_18_04_W_roh_BELLY.jpg,15,A01_15_03_W_roh_BELLY.jpg,0.9522902965545654
A05_18_04_W_roh_BELLY.jpg,16,A06_15_03_W_roh_BELLY.jpg,0.9516531229019165
A05_18_04_W_roh_BELLY.jpg,17,A01_18_14_W_roh_BELLY.jpg,0.9508066177368164
A05_18_04_W_roh_BELLY.jpg,18,A07_18_01_W_roh_BELLY.jpg,0.9505596160888672
A05_18_04_W_roh_BELLY.jpg,19,A05_18_05_W_roh_BELLY.jpg,0.9505480527877808
A05_18_04_W_roh_BELLY.jpg,20,A01_18_12_M_roh_BELLY.jpg,0.9504081010818481
A05_18_05_W_roh_BELLY.jpg,1,A03_18_06_W_roh_BELLY.jpg,0.9644695520401001
A05_18_05_W_roh_BELLY.jpg,2,A03_15_04_W_roh_BELLY.jpg,0.9608395099639893
A05_18_05_W_roh_BELLY.jpg,3,A08_18_10_W_roh_BELLY.jpg,0.9600520133972168
A05_18_05_W_roh_BELLY.jpg,4,A06_15_02_W_roh_BELLY.jpg,0.9589237570762634
A05_18_05_W_roh_BELLY.jpg,5,A03_15_06_W_roh_BELLY.jpg,0.9575942754745483
A05_18_05_W_roh_BELLY.jpg,6,A08_15_04_M_roh_BELLY.jpg,0.9553557634353638
A05_18_05_W_roh_BELLY.jpg,7,A01_18_07_W_roh_BELLY.jpg,0.9547789096832275
A05_18_05_W_roh_BELLY.jpg,8,A05_18_06_W_roh_BELLY.jpg,0.9532427787780762
A05_18_05_W_roh_BELLY.jpg,9,A04_15_06_M_roh_BELLY.jpg,0.9529961943626404
A05_18_05_W_roh_BELLY.jpg,10,A02_03_01_W_roh_BELLY.jpg,0.9524943828582764
A05_18_05_W_roh_BELLY.jpg,11,A01_18_04_M_roh_BELLY.jpg,0.9523171186447144
A05_18_05_W_roh_BELLY.jpg,12,A06_12_01_W_roh_BELLY.jpg,0.9521169662475586
A05_18_05_W_roh_BELLY.jpg,13,A03_18_07_M_roh_BELLY.jpg,0.9510002136230469
A05_18_05_W_roh_BELLY.jpg,14,A08_18_21_M_roh_BELLY.jpg,0.9508278369903564
A05_18_05_W_roh_BELLY.jpg,15,A05_18_04_W_roh_BELLY.jpg,0.9505480527877808
A05_18_05_W_roh_BELLY.jpg,16,A05_18_07_W_roh_BELLY.jpg,0.9494698643684387
A05_18_05_W_roh_BELLY.jpg,17,A01_18_02_M_roh_BELLY.jpg,0.948981761932373
A05_18_05_W_roh_BELLY.jpg,18,A06_12_04_W_roh_BELLY.jpg,0.9483778476715088
A05_18_05_W_roh_BELLY.jpg,19,A01_18_12_M_roh_BELLY.jpg,0.9472938776016235
A05_18_05_W_roh_BELLY.jpg,20,A05_18_08_W_roh_BELLY.jpg,0.9468011856079102
A05_18_06_W_roh_BELLY.jpg,1,A08_18_10_W_roh_BELLY.jpg,0.9724164009094238
A05_18_06_W_roh_BELLY.jpg,2,A08_18_05_W_roh_BELLY.jpg,0.9659488201141357
A05_18_06_W_roh_BELLY.jpg,3,A05_18_07_W_roh_BELLY.jpg,0.9647022485733032
A05_18_06_W_roh_BELLY.jpg,4,A08_15_05_M_roh_BELLY.jpg,0.9627625942230225
A05_18_06_W_roh_BELLY.jpg,5,A05_18_08_W_roh_BELLY.jpg,0.9614735841751099
A05_18_06_W_roh_BELLY.jpg,6,A04_15_05_W_roh_BELLY.jpg,0.9610325694084167
A05_18_06_W_roh_BELLY.jpg,7,A08_15_04_M_roh_BELLY.jpg,0.9592100381851196
A05_18_06_W_roh_BELLY.jpg,8,A01_18_12_M_roh_BELLY.jpg,0.9588265419006348
A05_18_06_W_roh_BELLY.jpg,9,A04_15_06_M_roh_BELLY.jpg,0.9588104486465454
A05_18_06_W_roh_BELLY.jpg,10,A08_18_22_W_roh_BELLY.jpg,0.9579099416732788
A05_18_06_W_roh_BELLY.jpg,11,A08_18_13_W_roh_BELLY.jpg,0.9570013880729675
A05_18_06_W_roh_BELLY.jpg,12,A02_03_02_M_roh_BELLY.jpg,0.9568748474121094
A05_18_06_W_roh_BELLY.jpg,13,IMG-20250910-WA0061_BELLY.jpg,0.9567612409591675
A05_18_06_W_roh_BELLY.jpg,14,AT01_03_02_W_roh_BELLY.jpg,0.9560060501098633
A05_18_06_W_roh_BELLY.jpg,15,A06_12_04_W_roh_BELLY.jpg,0.9554742574691772
A05_18_06_W_roh_BELLY.jpg,16,A01_18_04_M_roh_BELLY.jpg,0.953335165977478
A05_18_06_W_roh_BELLY.jpg,17,A05_18_05_W_roh_BELLY.jpg,0.9532427787780762
A05_18_06_W_roh_BELLY.jpg,18,A04_03_01_W_roh_BELLY.jpg,0.9522609710693359
A05_18_06_W_roh_BELLY.jpg,19,A01_15_06_W_roh_BELLY.jpg,0.9516946077346802
A05_18_06_W_roh_BELLY.jpg,20,A07_18_01_W_roh_BELLY.jpg,0.9510762691497803
A05_18_07_W_roh_BELLY.jpg,1,A05_18_06_W_roh_BELLY.jpg,0.9647022485733032
A05_18_07_W_roh_BELLY.jpg,2,A04_15_05_W_roh_BELLY.jpg,0.963489294052124
A05_18_07_W_roh_BELLY.jpg,3,A08_18_05_W_roh_BELLY.jpg,0.9617594480514526
A05_18_07_W_roh_BELLY.jpg,4,A08_18_10_W_roh_BELLY.jpg,0.960135281085968
A05_18_07_W_roh_BELLY.jpg,5,A05_18_08_W_roh_BELLY.jpg,0.9590791463851929
A05_18_07_W_roh_BELLY.jpg,6,A08_18_22_W_roh_BELLY.jpg,0.9584269523620605
A05_18_07_W_roh_BELLY.jpg,7,A01_18_03_W_roh_BELLY.jpg,0.9583801031112671
A05_18_07_W_roh_BELLY.jpg,8,A08_18_20_W_roh_BELLY.jpg,0.957314133644104
A05_18_07_W_roh_BELLY.jpg,9,A08_15_04_M_roh_BELLY.jpg,0.9570519924163818
A05_18_07_W_roh_BELLY.jpg,10,A01_18_12_M_roh_BELLY.jpg,0.9567260146141052
A05_18_07_W_roh_BELLY.jpg,11,A08_15_05_M_roh_BELLY.jpg,0.9558796882629395
A05_18_07_W_roh_BELLY.jpg,12,A04_15_06_M_roh_BELLY.jpg,0.95561683177948
A05_18_07_W_roh_BELLY.jpg,13,A05_18_04_W_roh_BELLY.jpg,0.9548918008804321
A05_18_07_W_roh_BELLY.jpg,14,IMG-20250910-WA0061_BELLY.jpg,0.9544917941093445
A05_18_07_W_roh_BELLY.jpg,15,A08_18_06_W_roh_BELLY.jpg,0.9538384675979614
A05_18_07_W_roh_BELLY.jpg,16,A07_18_01_W_roh_BELLY.jpg,0.953209638595581
A05_18_07_W_roh_BELLY.jpg,17,A01_15_06_W_roh_BELLY.jpg,0.9531111717224121
A05_18_07_W_roh_BELLY.jpg,18,A03_18_06_W_roh_BELLY.jpg,0.9510982036590576
A05_18_07_W_roh_BELLY.jpg,19,A08_18_14_M_roh_BELLY.jpg,0.9507203102111816
A05_18_07_W_roh_BELLY.jpg,20,A01_18_04_M_roh_BELLY.jpg,0.9496245980262756
A05_18_08_W_roh_BELLY.jpg,1,A08_18_14_M_roh_BELLY.jpg,0.9699035882949829
A05_18_08_W_roh_BELLY.jpg,2,A01_18_12_M_roh_BELLY.jpg,0.9661346673965454
A05_18_08_W_roh_BELLY.jpg,3,A08_15_19_M_roh_BELLY.jpg,0.9655215740203857
A05_18_08_W_roh_BELLY.jpg,4,A08_15_04_M_roh_BELLY.jpg,0.9651891589164734
A05_18_08_W_roh_BELLY.jpg,5,A05_18_06_W_roh_BELLY.jpg,0.9614735841751099
A05_18_08_W_roh_BELLY.jpg,6,A07_18_01_W_roh_BELLY.jpg,0.9599307775497437
A05_18_08_W_roh_BELLY.jpg,7,A05_18_07_W_roh_BELLY.jpg,0.9590791463851929
A05_18_08_W_roh_BELLY.jpg,8,A06_12_04_W_roh_BELLY.jpg,0.958824098110199
A05_18_08_W_roh_BELLY.jpg,9,A08_18_05_W_roh_BELLY.jpg,0.9581565856933594
A05_18_08_W_roh_BELLY.jpg,10,A05_18_04_W_roh_BELLY.jpg,0.9580779075622559
A05_18_08_W_roh_BELLY.jpg,11,A01_18_14_W_roh_BELLY.jpg,0.9579875469207764
A05_18_08_W_roh_BELLY.jpg,12,AT01_03_02_W_roh_BELLY.jpg,0.9575793147087097
A05_18_08_W_roh_BELLY.jpg,13,A08_18_10_W_roh_BELLY.jpg,0.9575622081756592
A05_18_08_W_roh_BELLY.jpg,14,A04_03_01_W_roh_BELLY.jpg,0.9570906162261963
A05_18_08_W_roh_BELLY.jpg,15,A02_06_04_M_roh_BELLY.jpg,0.9568922519683838
A05_18_08_W_roh_BELLY.jpg,16,A08_18_20_W_roh_BELLY.jpg,0.9561711549758911
A05_18_08_W_roh_BELLY.jpg,17,A08_18_13_W_roh_BELLY.jpg,0.9552531242370605
A05_18_08_W_roh_BELLY.jpg,18,A01_15_06_W_roh_BELLY.jpg,0.954659640789032
A05_18_08_W_roh_BELLY.jpg,19,A01_18_03_W_roh_BELLY.jpg,0.9538625478744507
A05_18_08_W_roh_BELLY.jpg,20,A08_06_10_M_roh_BELLY.jpg,0.9536010026931763
A05_21_01_W_roh_BELLY.jpg,1,A08_06_08_W_roh_BELLY.jpg,0.9521541595458984
A05_21_01_W_roh_BELLY.jpg,2,A04_12_04_W_roh_BELLY.jpg,0.9508316516876221
A05_21_01_W_roh_BELLY.jpg,3,A08_06_05_SA_roh_BELLY.jpg,0.9476184248924255
A05_21_01_W_roh_BELLY.jpg,4,A08_15_04_M_roh_BELLY.jpg,0.9471288919448853
A05_21_01_W_roh_BELLY.jpg,5,A04_06_02_M_roh_BELLY.jpg,0.9471191167831421
A05_21_01_W_roh_BELLY.jpg,6,A01_06_01_SA_roh_BELLY.jpg,0.9454615116119385
A05_21_01_W_roh_BELLY.jpg,7,A02_06_06_M_roh_BELLY.jpg,0.9444782733917236
A05_21_01_W_roh_BELLY.jpg,8,A08_12_15_W_roh_BELLY.jpg,0.9404940605163574
A05_21_01_W_roh_BELLY.jpg,9,A08_06_10_M_roh_BELLY.jpg,0.939989447593689
A05_21_01_W_roh_BELLY.jpg,10,A06_12_04_W_roh_BELLY.jpg,0.937380850315094
A05_21_01_W_roh_BELLY.jpg,11,AT01_06_03_W_roh_BELLY.jpg,0.9369454979896545
A05_21_01_W_roh_BELLY.jpg,12,A08_18_17_W_roh_BELLY.jpg,0.9368172883987427
A05_21_01_W_roh_BELLY.jpg,13,A08_12_05_W_roh_BELLY.jpg,0.9367016553878784
A05_21_01_W_roh_BELLY.jpg,14,A08_18_19_W_roh_BELLY.jpg,0.9365841746330261
A05_21_01_W_roh_BELLY.jpg,15,A03_18_06_W_roh_BELLY.jpg,0.9358640909194946
A05_21_01_W_roh_BELLY.jpg,16,A08_06_02_SA_roh_BELLY.jpg,0.9358597993850708
A05_21_01_W_roh_BELLY.jpg,17,A02_06_03_M_roh_BELLY.jpg,0.9355208873748779
A05_21_01_W_roh_BELLY.jpg,18,A01_18_14_W_roh_BELLY.jpg,0.9346047043800354
A05_21_01_W_roh_BELLY.jpg,19,A05_18_04_W_roh_BELLY.jpg,0.932602047920227
A05_21_01_W_roh_BELLY.jpg,20,A07_18_01_W_roh_BELLY.jpg,0.9322735667228699
A06_03_01_M_roh_BELLY.jpg,1,A01_15_01_W_roh_BELLY.jpg,0.9556574821472168
A06_03_01_M_roh_BELLY.jpg,2,A08_18_06_W_roh_BELLY.jpg,0.948780357837677
A06_03_01_M_roh_BELLY.jpg,3,A08_18_10_W_roh_BELLY.jpg,0.9468755722045898
A06_03_01_M_roh_BELLY.jpg,4,A05_18_04_W_roh_BELLY.jpg,0.9450920224189758
A06_03_01_M_roh_BELLY.jpg,5,A05_18_08_W_roh_BELLY.jpg,0.944391131401062
A06_03_01_M_roh_BELLY.jpg,6,A04_15_05_W_roh_BELLY.jpg,0.9412804841995239
A06_03_01_M_roh_BELLY.jpg,7,A08_18_14_M_roh_BELLY.jpg,0.9407949447631836
A06_03_01_M_roh_BELLY.jpg,8,A02_03_01_W_roh_BELLY.jpg,0.9400932192802429
A06_03_01_M_roh_BELLY.jpg,9,A05_18_07_W_roh_BELLY.jpg,0.9379546642303467
A06_03_01_M_roh_BELLY.jpg,10,A08_15_04_M_roh_BELLY.jpg,0.937605082988739
A06_03_01_M_roh_BELLY.jpg,11,A03_18_07_M_roh_BELLY.jpg,0.9368188977241516
A06_03_01_M_roh_BELLY.jpg,12,A05_18_06_W_roh_BELLY.jpg,0.9362998604774475
A06_03_01_M_roh_BELLY.jpg,13,A08_15_19_M_roh_BELLY.jpg,0.9353528022766113
A06_03_01_M_roh_BELLY.jpg,14,A08_18_23_W_roh_BELLY.jpg,0.9348036050796509
A06_03_01_M_roh_BELLY.jpg,15,A08_18_20_W_roh_BELLY.jpg,0.9339832067489624
A06_03_01_M_roh_BELLY.jpg,16,A04_03_01_W_roh_BELLY.jpg,0.9330297112464905
A06_03_01_M_roh_BELLY.jpg,17,A06_15_02_W_roh_BELLY.jpg,0.9328658580780029
A06_03_01_M_roh_BELLY.jpg,18,AT01_03_02_W_roh_BELLY.jpg,0.9326919317245483
A06_03_01_M_roh_BELLY.jpg,19,A04_15_06_M_roh_BELLY.jpg,0.932674765586853
A06_03_01_M_roh_BELLY.jpg,20,A01_18_03_W_roh_BELLY.jpg,0.9325883388519287
A06_03_02_W_roh_BELLY.jpg,1,A01_18_04_M_roh_BELLY.jpg,0.9506789445877075
A06_03_02_W_roh_BELLY.jpg,2,A08_15_04_M_roh_BELLY.jpg,0.9500078558921814
A06_03_02_W_roh_BELLY.jpg,3,A01_18_12_M_roh_BELLY.jpg,0.9477359056472778
A06_03_02_W_roh_BELLY.jpg,4,AT01_03_01_W_roh_BELLY.jpg,0.9473779201507568
A06_03_02_W_roh_BELLY.jpg,5,A08_06_10_M_roh_BELLY.jpg,0.9470479488372803
A06_03_02_W_roh_BELLY.jpg,6,A05_18_08_W_roh_BELLY.jpg,0.9466327428817749
A06_03_02_W_roh_BELLY.jpg,7,A01_18_02_M_roh_BELLY.jpg,0.9440021514892578
A06_03_02_W_roh_BELLY.jpg,8,A08_15_19_M_roh_BELLY.jpg,0.9437915086746216
A06_03_02_W_roh_BELLY.jpg,9,A07_18_03_W_roh_BELLY.jpg,0.9420710206031799
A06_03_02_W_roh_BELLY.jpg,10,A08_18_06_W_roh_BELLY.jpg,0.939662516117096
A06_03_02_W_roh_BELLY.jpg,11,A08_18_01_M_roh_BELLY.jpg,0.9395685195922852
A06_03_02_W_roh_BELLY.jpg,12,A08_18_05_W_roh_BELLY.jpg,0.9391995072364807
A06_03_02_W_roh_BELLY.jpg,13,A07_18_01_W_roh_BELLY.jpg,0.9384541511535645
A06_03_02_W_roh_BELLY.jpg,14,A03_15_06_W_roh_BELLY.jpg,0.9381319880485535
A06_03_02_W_roh_BELLY.jpg,15,A01_15_07_W_roh_BELLY.jpg,0.9366053938865662
A06_03_02_W_roh_BELLY.jpg,16,A08_18_03_W_roh_BELLY.jpg,0.9351712465286255
A06_03_02_W_roh_BELLY.jpg,17,A02_06_04_M_roh_BELLY.jpg,0.9346967935562134
A06_03_02_W_roh_BELLY.jpg,18,A08_15_05_M_roh_BELLY.jpg,0.9335850477218628
A06_03_02_W_roh_BELLY.jpg,19,IMG-20250910-WA0030_BELLY.jpg,0.9335311651229858
A06_03_02_W_roh_BELLY.jpg,20,A08_17_17_W_roh_BELLY.jpg,0.932852029800415
A06_08_04_W_roh_BELLY.jpg,1,IMG-20250626-WA0002_BELLY.jpg,0.9391030073165894
A06_08_04_W_roh_BELLY.jpg,2,IMG_20250807_104159_BELLY.jpg,0.9353073835372925
A06_08_04_W_roh_BELLY.jpg,3,IMG_20250807_104343_BELLY.jpg,0.9166115522384644
A06_08_04_W_roh_BELLY.jpg,4,IMG_20250807_103916_BELLY.jpg,0.9118838310241699
A06_08_04_W_roh_BELLY.jpg,5,IMG-20250607-WA0006_BELLY.jpg,0.9106858968734741
A06_08_04_W_roh_BELLY.jpg,6,A01_18_01_W_roh_BELLY.jpg,0.9099382162094116
A06_08_04_W_roh_BELLY.jpg,7,IMG_20250717_104652_BELLY.jpg,0.9085479974746704
A06_08_04_W_roh_BELLY.jpg,8,IMG-20250626-WA0009_BELLY.jpg,0.9059540629386902
A06_08_04_W_roh_BELLY.jpg,9,IMG-20250626-WA0004_BELLY.jpg,0.9046469926834106
A06_08_04_W_roh_BELLY.jpg,10,IMG-20250626-WA0011_BELLY.jpg,0.9037869572639465
A06_08_04_W_roh_BELLY.jpg,11,A01_09_21_W_roh_BELLY.jpg,0.9025617837905884
A06_08_04_W_roh_BELLY.jpg,12,IMG_20250807_105820_BELLY.jpg,0.9009107351303101
A06_08_04_W_roh_BELLY.jpg,13,IMG_20250501_133055_BELLY.jpg,0.8988380432128906
A06_08_04_W_roh_BELLY.jpg,14,IMG_20250717_104317_BELLY.jpg,0.898063063621521
A06_08_04_W_roh_BELLY.jpg,15,IMG-20250626-WA0003_BELLY.jpg,0.8962591886520386
A06_08_04_W_roh_BELLY.jpg,16,IMG-20250626-WA0014_BELLY.jpg,0.894760012626648
A06_08_04_W_roh_BELLY.jpg,17,IMG_20250717_105046_BELLY.jpg,0.8926137685775757
A06_08_04_W_roh_BELLY.jpg,18,IMG-20250919-WA0016_BELLY.jpg,0.8914382457733154
A06_08_04_W_roh_BELLY.jpg,19,IMG-20250919-WA0021_BELLY.jpg,0.8905677795410156
A06_08_04_W_roh_BELLY.jpg,20,IMG_20250717_111215_BELLY.jpg,0.8904069662094116
A06_12_01_W_roh_BELLY.jpg,1,A06_15_02_W_roh_BELLY.jpg,0.9608625173568726
A06_12_01_W_roh_BELLY.jpg,2,A02_03_01_W_roh_BELLY.jpg,0.9554808139801025
A06_12_01_W_roh_BELLY.jpg,3,A05_18_05_W_roh_BELLY.jpg,0.9521169662475586
A06_12_01_W_roh_BELLY.jpg,4,A03_18_07_M_roh_BELLY.jpg,0.9494407176971436
A06_12_01_W_roh_BELLY.jpg,5,A03_15_06_W_roh_BELLY.jpg,0.9493672847747803
A06_12_01_W_roh_BELLY.jpg,6,A05_18_04_W_roh_BELLY.jpg,0.9492331147193909
A06_12_01_W_roh_BELLY.jpg,7,A01_18_07_W_roh_BELLY.jpg,0.9446932077407837
A06_12_01_W_roh_BELLY.jpg,8,A05_18_07_W_roh_BELLY.jpg,0.9392024874687195
A06_12_01_W_roh_BELLY.jpg,9,A08_15_04_M_roh_BELLY.jpg,0.9385346174240112
A06_12_01_W_roh_BELLY.jpg,10,A03_15_04_W_roh_BELLY.jpg,0.9370774030685425
A06_12_01_W_roh_BELLY.jpg,11,A08_18_21_M_roh_BELLY.jpg,0.9360640048980713
A06_12_01_W_roh_BELLY.jpg,12,A06_12_04_W_roh_BELLY.jpg,0.9360476136207581
A06_12_01_W_roh_BELLY.jpg,13,A08_18_23_W_roh_BELLY.jpg,0.9358741044998169
A06_12_01_W_roh_BELLY.jpg,14,A01_15_01_W_roh_BELLY.jpg,0.9358431100845337
A06_12_01_W_roh_BELLY.jpg,15,IMG-20250717-WA0011_BELLY.jpg,0.9343978762626648
A06_12_01_W_roh_BELLY.jpg,16,A08_18_20_W_roh_BELLY.jpg,0.9339002966880798
A06_12_01_W_roh_BELLY.jpg,17,IMG-20250919-WA0011_BELLY.jpg,0.9325825572013855
A06_12_01_W_roh_BELLY.jpg,18,A01_18_04_M_roh_BELLY.jpg,0.932232141494751
A06_12_01_W_roh_BELLY.jpg,19,A01_12_01_M_roh_BELLY.jpg,0.9311491250991821
A06_12_01_W_roh_BELLY.jpg,20,A08_18_06_W_roh_BELLY.jpg,0.9309991598129272
A06_12_04_W_roh_BELLY.jpg,1,A05_18_04_W_roh_BELLY.jpg,0.9618061184883118
A06_12_04_W_roh_BELLY.jpg,2,A05_18_08_W_roh_BELLY.jpg,0.958824098110199
A06_12_04_W_roh_BELLY.jpg,3,A07_18_01_W_roh_BELLY.jpg,0.9580907821655273
A06_12_04_W_roh_BELLY.jpg,4,A06_18_04_W_roh_BELLY.jpg,0.9568732976913452
A06_12_04_W_roh_BELLY.jpg,5,A01_18_12_M_roh_BELLY.jpg,0.9565032720565796
A06_12_04_W_roh_BELLY.jpg,6,A08_15_04_M_roh_BELLY.jpg,0.9555693864822388
A06_12_04_W_roh_BELLY.jpg,7,A08_12_15_W_roh_BELLY.jpg,0.9555227756500244
A06_12_04_W_roh_BELLY.jpg,8,A05_18_06_W_roh_BELLY.jpg,0.9554742574691772
A06_12_04_W_roh_BELLY.jpg,9,A08_18_13_W_roh_BELLY.jpg,0.9529140591621399
A06_12_04_W_roh_BELLY.jpg,10,A01_18_14_W_roh_BELLY.jpg,0.9528422355651855
A06_12_04_W_roh_BELLY.jpg,11,A03_12_01_M_roh_BELLY.jpg,0.9524401426315308
A06_12_04_W_roh_BELLY.jpg,12,A03_12_02_W_roh_BELLY.jpg,0.9523019790649414
A06_12_04_W_roh_BELLY.jpg,13,A01_15_06_W_roh_BELLY.jpg,0.9520003795623779
A06_12_04_W_roh_BELLY.jpg,14,A06_15_03_W_roh_BELLY.jpg,0.9516403675079346
A06_12_04_W_roh_BELLY.jpg,15,A08_18_14_M_roh_BELLY.jpg,0.9497954845428467
A06_12_04_W_roh_BELLY.jpg,16,A04_15_06_M_roh_BELLY.jpg,0.9496089220046997
A06_12_04_W_roh_BELLY.jpg,17,A08_18_20_W_roh_BELLY.jpg,0.9491372108459473
A06_12_04_W_roh_BELLY.jpg,18,A05_18_05_W_roh_BELLY.jpg,0.9483778476715088
A06_12_04_W_roh_BELLY.jpg,19,A08_18_19_W_roh_BELLY.jpg,0.9481669068336487
A06_12_04_W_roh_BELLY.jpg,20,A08_18_22_W_roh_BELLY.jpg,0.9468953609466553
A06_14_02_W_roh_BELLY.jpg,1,A07_09_03_W_roh_BELLY.jpg,0.9435819387435913
A06_14_02_W_roh_BELLY.jpg,2,IMG_20250717_111215_BELLY.jpg,0.9422811269760132
A06_14_02_W_roh_BELLY.jpg,3,A04_17_02_W_roh_BELLY.jpg,0.9413520693778992
A06_14_02_W_roh_BELLY.jpg,4,A08_09_39_W_roh_BELLY.jpg,0.9406709671020508
A06_14_02_W_roh_BELLY.jpg,5,IMG-20250919-WA0012_BELLY.jpg,0.9364885091781616
A06_14_02_W_roh_BELLY.jpg,6,IMG-20250607-WA0003_BELLY.jpg,0.9358714818954468
A06_14_02_W_roh_BELLY.jpg,7,IMG_20250501_132115_BELLY.jpg,0.9343596696853638
A06_14_02_W_roh_BELLY.jpg,8,A01_09_21_W_roh_BELLY.jpg,0.9331463575363159
A06_14_02_W_roh_BELLY.jpg,9,IMG_20250515_113414_BELLY.jpg,0.9298300743103027
A06_14_02_W_roh_BELLY.jpg,10,IMG_20250717_111635_BELLY.jpg,0.9282575845718384
A06_14_02_W_roh_BELLY.jpg,11,IMG_20250717_113844_BELLY.jpg,0.9277277588844299
A06_14_02_W_roh_BELLY.jpg,12,A08_18_21_M_roh_BELLY.jpg,0.926530122756958
A06_14_02_W_roh_BELLY.jpg,13,A08_18_12_W_roh_BELLY.jpg,0.9265259504318237
A06_14_02_W_roh_BELLY.jpg,14,IMG-20250829-WA0015_BELLY.jpg,0.9248327016830444
A06_14_02_W_roh_BELLY.jpg,15,IMG-20250829-WA0020_BELLY.jpg,0.9236507415771484
A06_14_02_W_roh_BELLY.jpg,16,A01_18_04_M_roh_BELLY.jpg,0.9236054420471191
A06_14_02_W_roh_BELLY.jpg,17,IMG_20250717_123430_BELLY.jpg,0.9233783483505249
A06_14_02_W_roh_BELLY.jpg,18,A01_05_03_W_roh_BELLY.jpg,0.9230771064758301
A06_14_02_W_roh_BELLY.jpg,19,IMG-20250626-WA0014_BELLY.jpg,0.9230121970176697
A06_14_02_W_roh_BELLY.jpg,20,IMG-20250910-WA0062_BELLY.jpg,0.9228670597076416
A06_15_02_W_roh_BELLY.jpg,1,A03_15_06_W_roh_BELLY.jpg,0.960875928401947
A06_15_02_W_roh_BELLY.jpg,2,A06_12_01_W_roh_BELLY.jpg,0.9608625173568726
A06_15_02_W_roh_BELLY.jpg,3,A05_18_05_W_roh_BELLY.jpg,0.9589237570762634
A06_15_02_W_roh_BELLY.jpg,4,A01_18_07_W_roh_BELLY.jpg,0.9577523469924927
A06_15_02_W_roh_BELLY.jpg,5,A03_15_04_W_roh_BELLY.jpg,0.9550144672393799
A06_15_02_W_roh_BELLY.jpg,6,A02_03_01_W_roh_BELLY.jpg,0.9506794214248657
A06_15_02_W_roh_BELLY.jpg,7,A03_18_07_M_roh_BELLY.jpg,0.9496849775314331
A06_15_02_W_roh_BELLY.jpg,8,A03_18_06_W_roh_BELLY.jpg,0.9466486573219299
A06_15_02_W_roh_BELLY.jpg,9,A05_18_04_W_roh_BELLY.jpg,0.9465347528457642
A06_15_02_W_roh_BELLY.jpg,10,A08_15_04_M_roh_BELLY.jpg,0.9451605081558228
A06_15_02_W_roh_BELLY.jpg,11,A04_15_06_M_roh_BELLY.jpg,0.9449282884597778
A06_15_02_W_roh_BELLY.jpg,12,A08_18_01_M_roh_BELLY.jpg,0.9441003203392029
A06_15_02_W_roh_BELLY.jpg,13,A08_18_21_M_roh_BELLY.jpg,0.9431288242340088
A06_15_02_W_roh_BELLY.jpg,14,A08_15_06_W_roh_BELLY.jpg,0.9426959753036499
A06_15_02_W_roh_BELLY.jpg,15,A05_18_07_W_roh_BELLY.jpg,0.942445695400238
A06_15_02_W_roh_BELLY.jpg,16,A08_18_10_W_roh_BELLY.jpg,0.941198468208313
A06_15_02_W_roh_BELLY.jpg,17,A01_18_04_M_roh_BELLY.jpg,0.9410836696624756
A06_15_02_W_roh_BELLY.jpg,18,A08_18_20_W_roh_BELLY.jpg,0.9405850768089294
A06_15_02_W_roh_BELLY.jpg,19,A01_18_12_M_roh_BELLY.jpg,0.9401733875274658
A06_15_02_W_roh_BELLY.jpg,20,A04_15_05_W_roh_BELLY.jpg,0.9393047094345093
A06_15_03_W_roh_BELLY.jpg,1,A08_18_22_W_roh_BELLY.jpg,0.9637693762779236
A06_15_03_W_roh_BELLY.jpg,2,IMG-20250910-WA0063_BELLY.jpg,0.9625462293624878
A06_15_03_W_roh_BELLY.jpg,3,IMG-20250910-WA0017_BELLY.jpg,0.9624485969543457
A06_15_03_W_roh_BELLY.jpg,4,A04_15_06_M_roh_BELLY.jpg,0.9612312316894531
A06_15_03_W_roh_BELLY.jpg,5,A01_15_06_W_roh_BELLY.jpg,0.9598108530044556
A06_15_03_W_roh_BELLY.jpg,6,A08_15_21_M_roh_BELLY.jpg,0.9597285389900208
A06_15_03_W_roh_BELLY.jpg,7,A08_18_20_W_roh_BELLY.jpg,0.9580795168876648
A06_15_03_W_roh_BELLY.jpg,8,A06_18_04_W_roh_BELLY.jpg,0.9579446315765381
A06_15_03_W_roh_BELLY.jpg,9,A08_15_04_M_roh_BELLY.jpg,0.9577769041061401
A06_15_03_W_roh_BELLY.jpg,10,A03_12_02_W_roh_BELLY.jpg,0.9574766159057617
A06_15_03_W_roh_BELLY.jpg,11,A03_18_06_W_roh_BELLY.jpg,0.9573776125907898
A06_15_03_W_roh_BELLY.jpg,12,A01_18_12_M_roh_BELLY.jpg,0.9566162824630737
A06_15_03_W_roh_BELLY.jpg,13,A08_18_19_W_roh_BELLY.jpg,0.9559288620948792
A06_15_03_W_roh_BELLY.jpg,14,A08_18_14_M_roh_BELLY.jpg,0.9546960592269897
A06_15_03_W_roh_BELLY.jpg,15,A08_15_17_M_roh_BELLY.jpg,0.9526145458221436
A06_15_03_W_roh_BELLY.jpg,16,A08_18_05_W_roh_BELLY.jpg,0.9522309899330139
A06_15_03_W_roh_BELLY.jpg,17,IMG-20250910-WA0016_BELLY.jpg,0.9519185423851013
A06_15_03_W_roh_BELLY.jpg,18,A01_12_01_M_roh_BELLY.jpg,0.9517377614974976
A06_15_03_W_roh_BELLY.jpg,19,A05_18_04_W_roh_BELLY.jpg,0.9516531229019165
A06_15_03_W_roh_BELLY.jpg,20,A06_12_04_W_roh_BELLY.jpg,0.9516403675079346
A06_17_01_M_roh_-_Kopie_BELLY.jpg,1,A06_17_02_W__roh_BELLY.jpg,0.9633132219314575
A06_17_01_M_roh_-_Kopie_BELLY.jpg,2,A07_17_03_W_roh_BELLY.jpg,0.950573742389679
A06_17_01_M_roh_-_Kopie_BELLY.jpg,3,A01_08_01_W_roh_BELLY.jpg,0.9497429132461548
A06_17_01_M_roh_-_Kopie_BELLY.jpg,4,A06_17_04_W_roh_BELLY.jpg,0.9490252733230591
A06_17_01_M_roh_-_Kopie_BELLY.jpg,5,A01_17_01_W_roh_BELLY.jpg,0.9457017183303833
A06_17_01_M_roh_-_Kopie_BELLY.jpg,6,IMG_20250717_104525_BELLY.jpg,0.9450798034667969
A06_17_01_M_roh_-_Kopie_BELLY.jpg,7,A07_08_04_M_roh_BELLY.jpg,0.9437063932418823
A06_17_01_M_roh_-_Kopie_BELLY.jpg,8,A01_05_03_W_roh_BELLY.jpg,0.9421417713165283
A06_17_01_M_roh_-_Kopie_BELLY.jpg,9,A01_15_06_W_roh_BELLY.jpg,0.9403344392776489
A06_17_01_M_roh_-_Kopie_BELLY.jpg,10,A01_15_01_W_roh_BELLY.jpg,0.9368534088134766
A06_17_01_M_roh_-_Kopie_BELLY.jpg,11,A04_06_01_M_roh_BELLY.jpg,0.9359826445579529
A06_17_01_M_roh_-_Kopie_BELLY.jpg,12,IMG-20250919-WA0011_BELLY.jpg,0.9358062744140625
A06_17_01_M_roh_-_Kopie_BELLY.jpg,13,A08_15_07_W_roh_BELLY.jpg,0.9354132413864136
A06_17_01_M_roh_-_Kopie_BELLY.jpg,14,A01_12_01_M_roh_BELLY.jpg,0.935263991355896
A06_17_01_M_roh_-_Kopie_BELLY.jpg,15,IMG_20250717_113844_BELLY.jpg,0.9347438812255859
A06_17_01_M_roh_-_Kopie_BELLY.jpg,16,IMG-20250919-WA0016_BELLY.jpg,0.9347342252731323
A06_17_01_M_roh_-_Kopie_BELLY.jpg,17,A08_15_04_M_roh_BELLY.jpg,0.9344923496246338
A06_17_01_M_roh_-_Kopie_BELLY.jpg,18,IMG_20250717_112327_BELLY.jpg,0.9343851208686829
A06_17_01_M_roh_-_Kopie_BELLY.jpg,19,A07_08_03_W_roh_BELLY.jpg,0.9338898658752441
A06_17_01_M_roh_-_Kopie_BELLY.jpg,20,A05_15_03_W_roh_BELLY.jpg,0.9335358142852783
A06_17_02_W__roh_BELLY.jpg,1,A06_17_01_M_roh_-_Kopie_BELLY.jpg,0.9633132219314575
A06_17_02_W__roh_BELLY.jpg,2,A01_08_01_W_roh_BELLY.jpg,0.9606132507324219
A06_17_02_W__roh_BELLY.jpg,3,A01_05_03_W_roh_BELLY.jpg,0.9570524096488953
A06_17_02_W__roh_BELLY.jpg,4,A01_17_01_W_roh_BELLY.jpg,0.9554569721221924
A06_17_02_W__roh_BELLY.jpg,5,A07_17_03_W_roh_BELLY.jpg,0.9552631974220276
A06_17_02_W__roh_BELLY.jpg,6,A08_09_35_W_roh_BELLY.jpg,0.9502314329147339
A06_17_02_W__roh_BELLY.jpg,7,A07_09_02_W_roh_BELLY.jpg,0.9492082595825195
A06_17_02_W__roh_BELLY.jpg,8,IMG-20250919-WA0011_BELLY.jpg,0.9482161998748779
A06_17_02_W__roh_BELLY.jpg,9,A04_06_01_M_roh_BELLY.jpg,0.9475213289260864
A06_17_02_W__roh_BELLY.jpg,10,A07_08_04_M_roh_BELLY.jpg,0.9462612271308899
A06_17_02_W__roh_BELLY.jpg,11,A08_15_04_M_roh_BELLY.jpg,0.9459444284439087
A06_17_02_W__roh_BELLY.jpg,12,IMG-20250919-WA0012_BELLY.jpg,0.9458218812942505
A06_17_02_W__roh_BELLY.jpg,13,IMG_20250717_104525_BELLY.jpg,0.9456506967544556
A06_17_02_W__roh_BELLY.jpg,14,IMG-20250717-WA0011_BELLY.jpg,0.9451558589935303
A06_17_02_W__roh_BELLY.jpg,15,A06_17_04_W_roh_BELLY.jpg,0.9447160959243774
A06_17_02_W__roh_BELLY.jpg,16,IMG-20250919-WA0014_BELLY.jpg,0.9438270330429077
A06_17_02_W__roh_BELLY.jpg,17,IMG-20250829-WA0022_BELLY.jpg,0.9421030879020691
A06_17_02_W__roh_BELLY.jpg,18,A08_17_17_W_roh_BELLY.jpg,0.9416883587837219
A06_17_02_W__roh_BELLY.jpg,19,A07_17_06_W_roh_BELLY.jpg,0.9401446580886841
A06_17_02_W__roh_BELLY.jpg,20,A06_15_03_W_roh_BELLY.jpg,0.9393579363822937
A06_17_04_W_roh_BELLY.jpg,1,A07_17_03_W_roh_BELLY.jpg,0.9541045427322388
A06_17_04_W_roh_BELLY.jpg,2,A08_09_35_W_roh_BELLY.jpg,0.9508234262466431
A06_17_04_W_roh_BELLY.jpg,3,A01_08_01_W_roh_BELLY.jpg,0.9493110775947571
A06_17_04_W_roh_BELLY.jpg,4,A06_17_01_M_roh_-_Kopie_BELLY.jpg,0.9490252733230591
A06_17_04_W_roh_BELLY.jpg,5,A01_17_01_W_roh_BELLY.jpg,0.9482404589653015
A06_17_04_W_roh_BELLY.jpg,6,A06_17_02_W__roh_BELLY.jpg,0.9447160959243774
A06_17_04_W_roh_BELLY.jpg,7,A07_08_04_M_roh_BELLY.jpg,0.9364677667617798
A06_17_04_W_roh_BELLY.jpg,8,A07_09_02_W_roh_BELLY.jpg,0.9350993633270264
A06_17_04_W_roh_BELLY.jpg,9,A07_17_06_W_roh_BELLY.jpg,0.9331855177879333
A06_17_04_W_roh_BELLY.jpg,10,A04_17_01_W_roh_BELLY.jpg,0.9331644177436829
A06_17_04_W_roh_BELLY.jpg,11,A01_05_03_W_roh_BELLY.jpg,0.9319109916687012
A06_17_04_W_roh_BELLY.jpg,12,A07_08_03_W_roh_BELLY.jpg,0.9299758672714233
A06_17_04_W_roh_BELLY.jpg,13,A08_18_20_W_roh_BELLY.jpg,0.9298146963119507
A06_17_04_W_roh_BELLY.jpg,14,A01_12_01_M_roh_BELLY.jpg,0.9284695982933044
A06_17_04_W_roh_BELLY.jpg,15,A04_06_01_M_roh_BELLY.jpg,0.9283846616744995
A06_17_04_W_roh_BELLY.jpg,16,A06_15_02_W_roh_BELLY.jpg,0.928256094455719
A06_17_04_W_roh_BELLY.jpg,17,A08_15_07_W_roh_BELLY.jpg,0.9277089834213257
A06_17_04_W_roh_BELLY.jpg,18,A01_15_06_W_roh_BELLY.jpg,0.9264702796936035
A06_17_04_W_roh_BELLY.jpg,19,IMG-20250910-WA0061_BELLY.jpg,0.9264308214187622
A06_17_04_W_roh_BELLY.jpg,20,A08_15_04_M_roh_BELLY.jpg,0.9263256788253784
A06_18_04_W_roh_BELLY.jpg,1,A08_18_22_W_roh_BELLY.jpg,0.9619585275650024
A06_18_04_W_roh_BELLY.jpg,2,A03_12_02_W_roh_BELLY.jpg,0.9600868821144104
A06_18_04_W_roh_BELLY.jpg,3,A06_15_03_W_roh_BELLY.jpg,0.9579446315765381
A06_18_04_W_roh_BELLY.jpg,4,A06_12_04_W_roh_BELLY.jpg,0.9568732976913452
A06_18_04_W_roh_BELLY.jpg,5,A04_15_06_M_roh_BELLY.jpg,0.9547684192657471
A06_18_04_W_roh_BELLY.jpg,6,A01_18_12_M_roh_BELLY.jpg,0.9530777335166931
A06_18_04_W_roh_BELLY.jpg,7,A08_18_20_W_roh_BELLY.jpg,0.9524705410003662
A06_18_04_W_roh_BELLY.jpg,8,A08_15_03_W_roh_BELLY.jpg,0.9491497278213501
A06_18_04_W_roh_BELLY.jpg,9,A08_18_17_W_roh_BELLY.jpg,0.948951780796051
A06_18_04_W_roh_BELLY.jpg,10,A05_18_04_W_roh_BELLY.jpg,0.9488860964775085
A06_18_04_W_roh_BELLY.jpg,11,A08_18_05_W_roh_BELLY.jpg,0.9477839469909668
A06_18_04_W_roh_BELLY.jpg,12,A05_18_06_W_roh_BELLY.jpg,0.9473085403442383
A06_18_04_W_roh_BELLY.jpg,13,IMG-20250910-WA0017_BELLY.jpg,0.9471467733383179
A06_18_04_W_roh_BELLY.jpg,14,A08_12_15_W_roh_BELLY.jpg,0.9457423686981201
A06_18_04_W_roh_BELLY.jpg,15,A05_18_07_W_roh_BELLY.jpg,0.9449530839920044
A06_18_04_W_roh_BELLY.jpg,16,A08_18_18_W_roh_BELLY.jpg,0.9448407888412476
A06_18_04_W_roh_BELLY.jpg,17,A08_18_09_M_roh_BELLY.jpg,0.9444571137428284
A06_18_04_W_roh_BELLY.jpg,18,IMG-20250910-WA0063_BELLY.jpg,0.9444082975387573
A06_18_04_W_roh_BELLY.jpg,19,A08_12_05_W_roh_BELLY.jpg,0.9438631534576416
A06_18_04_W_roh_BELLY.jpg,20,A08_18_14_M_roh_BELLY.jpg,0.9435102939605713
A07_08_03_W_roh_BELLY.jpg,1,A01_08_01_W_roh_BELLY.jpg,0.951996922492981
A07_08_03_W_roh_BELLY.jpg,2,IMG-20250919-WA0016_BELLY.jpg,0.9473834037780762
A07_08_03_W_roh_BELLY.jpg,3,A01_05_03_W_roh_BELLY.jpg,0.9472693800926208
A07_08_03_W_roh_BELLY.jpg,4,A01_12_01_M_roh_BELLY.jpg,0.9435596466064453
A07_08_03_W_roh_BELLY.jpg,5,IMG_20250807_105223_BELLY.jpg,0.94197678565979
A07_08_03_W_roh_BELLY.jpg,6,IMG-20250626-WA0004_BELLY.jpg,0.9419355392456055
A07_08_03_W_roh_BELLY.jpg,7,A08_15_07_W_roh_BELLY.jpg,0.9418386220932007
A07_08_03_W_roh_BELLY.jpg,8,A07_09_02_W_roh_BELLY.jpg,0.939429521560669
A07_08_03_W_roh_BELLY.jpg,9,IMG-20250919-WA0011_BELLY.jpg,0.9393637180328369
A07_08_03_W_roh_BELLY.jpg,10,IMG_20250717_113844_BELLY.jpg,0.9384866952896118
A07_08_03_W_roh_BELLY.jpg,11,A01_17_01_W_roh_BELLY.jpg,0.9374521970748901
A07_08_03_W_roh_BELLY.jpg,12,IMG-20250626-WA0024_BELLY.jpg,0.937431812286377
A07_08_03_W_roh_BELLY.jpg,13,IMG_20250717_111215_BELLY.jpg,0.9359478950500488
A07_08_03_W_roh_BELLY.jpg,14,IMG-20250607-WA0006_BELLY.jpg,0.9354757070541382
A07_08_03_W_roh_BELLY.jpg,15,A04_06_01_M_roh_BELLY.jpg,0.9353277683258057
A07_08_03_W_roh_BELLY.jpg,16,IMG_20250717_112327_BELLY.jpg,0.9348422288894653
A07_08_03_W_roh_BELLY.jpg,17,IMG-20250919-WA0014_BELLY.jpg,0.934646725654602
A07_08_03_W_roh_BELLY.jpg,18,IMG_20250501_133055_BELLY.jpg,0.9343520998954773
A07_08_03_W_roh_BELLY.jpg,19,A06_17_01_M_roh_-_Kopie_BELLY.jpg,0.9338898658752441
A07_08_03_W_roh_BELLY.jpg,20,A08_15_17_M_roh_BELLY.jpg,0.9337176084518433
A07_08_04_M_roh_BELLY.jpg,1,A07_17_03_W_roh_BELLY.jpg,0.9551882743835449
A07_08_04_M_roh_BELLY.jpg,2,A01_05_03_W_roh_BELLY.jpg,0.9527080059051514
A07_08_04_M_roh_BELLY.jpg,3,IMG-20250919-WA0012_BELLY.jpg,0.9475883841514587
A07_08_04_M_roh_BELLY.jpg,4,A06_17_02_W__roh_BELLY.jpg,0.9462612271308899
A07_08_04_M_roh_BELLY.jpg,5,A01_08_01_W_roh_BELLY.jpg,0.9459706544876099
A07_08_04_M_roh_BELLY.jpg,6,A06_17_01_M_roh_-_Kopie_BELLY.jpg,0.9437063932418823
A07_08_04_M_roh_BELLY.jpg,7,IMG_20250717_111215_BELLY.jpg,0.9429830312728882
A07_08_04_M_roh_BELLY.jpg,8,IMG_20250717_111635_BELLY.jpg,0.941980242729187
A07_08_04_M_roh_BELLY.jpg,9,IMG_20250717_113844_BELLY.jpg,0.9407817125320435
A07_08_04_M_roh_BELLY.jpg,10,IMG-20250717-WA0011_BELLY.jpg,0.9400866031646729
A07_08_04_M_roh_BELLY.jpg,11,A08_09_39_W_roh_BELLY.jpg,0.9388782978057861
A07_08_04_M_roh_BELLY.jpg,12,A08_15_04_M_roh_BELLY.jpg,0.9380474090576172
A07_08_04_M_roh_BELLY.jpg,13,A04_17_02_W_roh_BELLY.jpg,0.9374476075172424
A07_08_04_M_roh_BELLY.jpg,14,A08_17_17_W_roh_BELLY.jpg,0.9372459650039673
A07_08_04_M_roh_BELLY.jpg,15,IMG-20250919-WA0011_BELLY.jpg,0.9367004632949829
A07_08_04_M_roh_BELLY.jpg,16,A06_17_04_W_roh_BELLY.jpg,0.9364677667617798
A07_08_04_M_roh_BELLY.jpg,17,A03_18_07_M_roh_BELLY.jpg,0.9358692169189453
A07_08_04_M_roh_BELLY.jpg,18,IMG-20250910-WA0029_BELLY.jpg,0.9358534812927246
A07_08_04_M_roh_BELLY.jpg,19,A01_18_04_M_roh_BELLY.jpg,0.9354878664016724
A07_08_04_M_roh_BELLY.jpg,20,A06_15_02_W_roh_BELLY.jpg,0.9346561431884766
A07_09_02_W_roh_BELLY.jpg,1,A01_05_03_W_roh_BELLY.jpg,0.9608232975006104
A07_09_02_W_roh_BELLY.jpg,2,A01_08_01_W_roh_BELLY.jpg,0.9533159732818604
A07_09_02_W_roh_BELLY.jpg,3,A06_17_02_W__roh_BELLY.jpg,0.9492082595825195
A07_09_02_W_roh_BELLY.jpg,4,A07_17_03_W_roh_BELLY.jpg,0.9467311501502991
A07_09_02_W_roh_BELLY.jpg,5,A07_08_03_W_roh_BELLY.jpg,0.939429521560669
A07_09_02_W_roh_BELLY.jpg,6,A01_17_01_W_roh_BELLY.jpg,0.9392065405845642
A07_09_02_W_roh_BELLY.jpg,7,A06_17_04_W_roh_BELLY.jpg,0.9350993633270264
A07_09_02_W_roh_BELLY.jpg,8,A04_17_01_W_roh_BELLY.jpg,0.9342882633209229
A07_09_02_W_roh_BELLY.jpg,9,A01_12_01_M_roh_BELLY.jpg,0.9340535402297974
A07_09_02_W_roh_BELLY.jpg,10,A07_08_04_M_roh_BELLY.jpg,0.9326756000518799
A07_09_02_W_roh_BELLY.jpg,11,A06_17_01_M_roh_-_Kopie_BELLY.jpg,0.93224036693573
A07_09_02_W_roh_BELLY.jpg,12,IMG-20250607-WA0003_BELLY.jpg,0.9318386316299438
A07_09_02_W_roh_BELLY.jpg,13,IMG-20250919-WA0011_BELLY.jpg,0.9313516616821289
A07_09_02_W_roh_BELLY.jpg,14,IMG-20250919-WA0014_BELLY.jpg,0.9306482076644897
A07_09_02_W_roh_BELLY.jpg,15,A08_09_35_W_roh_BELLY.jpg,0.9284321069717407
A07_09_02_W_roh_BELLY.jpg,16,A04_15_03_M_roh_BELLY.jpg,0.9284093379974365
A07_09_02_W_roh_BELLY.jpg,17,IMG-20250919-WA0012_BELLY.jpg,0.9266834855079651
A07_09_02_W_roh_BELLY.jpg,18,IMG-20250910-WA0063_BELLY.jpg,0.9253517389297485
A07_09_02_W_roh_BELLY.jpg,19,IMG_20250717_111215_BELLY.jpg,0.9232965111732483
A07_09_02_W_roh_BELLY.jpg,20,A06_15_03_W_roh_BELLY.jpg,0.9227163791656494
A07_09_03_W_roh_BELLY.jpg,1,A06_14_02_W_roh_BELLY.jpg,0.9435819387435913
A07_09_03_W_roh_BELLY.jpg,2,A01_09_21_W_roh_BELLY.jpg,0.940297544002533
A07_09_03_W_roh_BELLY.jpg,3,A01_05_03_W_roh_BELLY.jpg,0.937074601650238
A07_09_03_W_roh_BELLY.jpg,4,A08_09_39_W_roh_BELLY.jpg,0.9346843957901001
A07_09_03_W_roh_BELLY.jpg,5,IMG_20250717_113156_BELLY.jpg,0.9330184459686279
A07_09_03_W_roh_BELLY.jpg,6,IMG-20250919-WA0012_BELLY.jpg,0.9326902627944946
A07_09_03_W_roh_BELLY.jpg,7,IMG-20250919-WA0011_BELLY.jpg,0.9322326183319092
A07_09_03_W_roh_BELLY.jpg,8,IMG_20250717_111215_BELLY.jpg,0.931147575378418
A07_09_03_W_roh_BELLY.jpg,9,A07_08_03_W_roh_BELLY.jpg,0.9287949800491333
A07_09_03_W_roh_BELLY.jpg,10,IMG-20250607-WA0003_BELLY.jpg,0.9271426200866699
A07_09_03_W_roh_BELLY.jpg,11,IMG_20250501_132350_BELLY.jpg,0.9271204471588135
A07_09_03_W_roh_BELLY.jpg,12,A07_17_03_W_roh_BELLY.jpg,0.9270977973937988
A07_09_03_W_roh_BELLY.jpg,13,IMG-20250626-WA0002_BELLY.jpg,0.9268337488174438
A07_09_03_W_roh_BELLY.jpg,14,A03_18_07_M_roh_BELLY.jpg,0.926665186882019
A07_09_03_W_roh_BELLY.jpg,15,IMG_20250501_132115_BELLY.jpg,0.9264533519744873
A07_09_03_W_roh_BELLY.jpg,16,A06_17_02_W__roh_BELLY.jpg,0.9257925748825073
A07_09_03_W_roh_BELLY.jpg,17,IMG_20250717_111635_BELLY.jpg,0.9254387617111206
A07_09_03_W_roh_BELLY.jpg,18,A07_08_04_M_roh_BELLY.jpg,0.9237686395645142
A07_09_03_W_roh_BELLY.jpg,19,A01_08_01_W_roh_BELLY.jpg,0.9229364991188049
A07_09_03_W_roh_BELLY.jpg,20,IMG_20250717_113844_BELLY.jpg,0.9224947690963745
A07_17_03_W_roh_BELLY.jpg,1,A06_17_02_W__roh_BELLY.jpg,0.9552631974220276
A07_17_03_W_roh_BELLY.jpg,2,A07_08_04_M_roh_BELLY.jpg,0.9551882743835449
A07_17_03_W_roh_BELLY.jpg,3,A06_17_04_W_roh_BELLY.jpg,0.9541045427322388
A07_17_03_W_roh_BELLY.jpg,4,A01_08_01_W_roh_BELLY.jpg,0.9531442523002625
A07_17_03_W_roh_BELLY.jpg,5,A06_17_01_M_roh_-_Kopie_BELLY.jpg,0.950573742389679
A07_17_03_W_roh_BELLY.jpg,6,A01_05_03_W_roh_BELLY.jpg,0.9499959349632263
A07_17_03_W_roh_BELLY.jpg,7,A01_17_01_W_roh_BELLY.jpg,0.9479756355285645
A07_17_03_W_roh_BELLY.jpg,8,A07_09_02_W_roh_BELLY.jpg,0.9467311501502991
A07_17_03_W_roh_BELLY.jpg,9,IMG-20250919-WA0011_BELLY.jpg,0.9442083835601807
A07_17_03_W_roh_BELLY.jpg,10,A07_17_06_W_roh_BELLY.jpg,0.9435425996780396
A07_17_03_W_roh_BELLY.jpg,11,A04_17_02_W_roh_BELLY.jpg,0.9386155009269714
A07_17_03_W_roh_BELLY.jpg,12,IMG-20250910-WA0061_BELLY.jpg,0.9384934902191162
A07_17_03_W_roh_BELLY.jpg,13,A08_15_04_M_roh_BELLY.jpg,0.938035249710083
A07_17_03_W_roh_BELLY.jpg,14,A08_09_35_W_roh_BELLY.jpg,0.9375622272491455
A07_17_03_W_roh_BELLY.jpg,15,A06_15_02_W_roh_BELLY.jpg,0.9366832971572876
A07_17_03_W_roh_BELLY.jpg,16,IMG-20250919-WA0014_BELLY.jpg,0.9359323978424072
A07_17_03_W_roh_BELLY.jpg,17,A03_18_07_M_roh_BELLY.jpg,0.9353768229484558
A07_17_03_W_roh_BELLY.jpg,18,A08_18_09_M_roh_BELLY.jpg,0.9345464706420898
A07_17_03_W_roh_BELLY.jpg,19,A01_15_06_W_roh_BELLY.jpg,0.9344484806060791
A07_17_03_W_roh_BELLY.jpg,20,A08_18_18_W_roh_BELLY.jpg,0.9331722259521484
A07_17_06_W_roh_BELLY.jpg,1,A07_18_01_W_roh_BELLY.jpg,0.946370005607605
A07_17_06_W_roh_BELLY.jpg,2,A08_15_04_M_roh_BELLY.jpg,0.9453325867652893
A07_17_06_W_roh_BELLY.jpg,3,A01_17_01_W_roh_BELLY.jpg,0.9447685480117798
A07_17_06_W_roh_BELLY.jpg,4,A08_09_35_W_roh_BELLY.jpg,0.9441815614700317
A07_17_06_W_roh_BELLY.jpg,5,A08_18_05_W_roh_BELLY.jpg,0.9441196918487549
A07_17_06_W_roh_BELLY.jpg,6,A04_17_02_W_roh_BELLY.jpg,0.9437155723571777
A07_17_06_W_roh_BELLY.jpg,7,A07_17_03_W_roh_BELLY.jpg,0.9435425996780396
A07_17_06_W_roh_BELLY.jpg,8,IMG-20250910-WA0022_BELLY.jpg,0.9434537887573242
A07_17_06_W_roh_BELLY.jpg,9,A01_15_06_W_roh_BELLY.jpg,0.9432238340377808
A07_17_06_W_roh_BELLY.jpg,10,IMG-20250910-WA0018_BELLY.jpg,0.94100022315979
A07_17_06_W_roh_BELLY.jpg,11,A01_18_12_M_roh_BELLY.jpg,0.940747857093811
A07_17_06_W_roh_BELLY.jpg,12,A06_17_02_W__roh_BELLY.jpg,0.9401446580886841
A07_17_06_W_roh_BELLY.jpg,13,A04_03_01_W_roh_BELLY.jpg,0.9399896264076233
A07_17_06_W_roh_BELLY.jpg,14,A08_18_02_W_roh_BELLY.jpg,0.9395978450775146
A07_17_06_W_roh_BELLY.jpg,15,A06_15_03_W_roh_BELLY.jpg,0.9382258057594299
A07_17_06_W_roh_BELLY.jpg,16,A08_15_19_M_roh_BELLY.jpg,0.9379073977470398
A07_17_06_W_roh_BELLY.jpg,17,A08_17_17_W_roh_BELLY.jpg,0.9374908208847046
A07_17_06_W_roh_BELLY.jpg,18,A01_08_01_W_roh_BELLY.jpg,0.937430739402771
A07_17_06_W_roh_BELLY.jpg,19,A04_15_06_M_roh_BELLY.jpg,0.9373487234115601
A07_17_06_W_roh_BELLY.jpg,20,IMG-20250919-WA0014_BELLY.jpg,0.9360897541046143
A07_18_01_W_roh_BELLY.jpg,1,A01_18_12_M_roh_BELLY.jpg,0.9747102856636047
A07_18_01_W_roh_BELLY.jpg,2,A01_15_06_W_roh_BELLY.jpg,0.9745655059814453
A07_18_01_W_roh_BELLY.jpg,3,A08_18_05_W_roh_BELLY.jpg,0.9664003252983093
A07_18_01_W_roh_BELLY.jpg,4,A08_15_05_M_roh_BELLY.jpg,0.9635943174362183
A07_18_01_W_roh_BELLY.jpg,5,A08_18_13_W_roh_BELLY.jpg,0.963247537612915
A07_18_01_W_roh_BELLY.jpg,6,A04_15_06_M_roh_BELLY.jpg,0.9627214074134827
A07_18_01_W_roh_BELLY.jpg,7,A08_18_19_W_roh_BELLY.jpg,0.9626121520996094
A07_18_01_W_roh_BELLY.jpg,8,A08_15_04_M_roh_BELLY.jpg,0.9623575806617737
A07_18_01_W_roh_BELLY.jpg,9,A04_03_01_W_roh_BELLY.jpg,0.9610960483551025
A07_18_01_W_roh_BELLY.jpg,10,AT01_03_02_W_roh_BELLY.jpg,0.9602838158607483
A07_18_01_W_roh_BELLY.jpg,11,A08_18_20_W_roh_BELLY.jpg,0.9601345062255859
A07_18_01_W_roh_BELLY.jpg,12,A05_18_08_W_roh_BELLY.jpg,0.9599307775497437
A07_18_01_W_roh_BELLY.jpg,13,A08_18_14_M_roh_BELLY.jpg,0.9592663049697876
A07_18_01_W_roh_BELLY.jpg,14,A08_15_19_M_roh_BELLY.jpg,0.9585524797439575
A07_18_01_W_roh_BELLY.jpg,15,A06_12_04_W_roh_BELLY.jpg,0.9580907821655273
A07_18_01_W_roh_BELLY.jpg,16,A01_18_14_W_roh_BELLY.jpg,0.9574642181396484
A07_18_01_W_roh_BELLY.jpg,17,A08_18_17_W_roh_BELLY.jpg,0.9542797803878784
A07_18_01_W_roh_BELLY.jpg,18,IMG-20250910-WA0022_BELLY.jpg,0.9541270732879639
A07_18_01_W_roh_BELLY.jpg,19,A08_18_22_W_roh_BELLY.jpg,0.9533356428146362
A07_18_01_W_roh_BELLY.jpg,20,A05_18_07_W_roh_BELLY.jpg,0.953209638595581
A07_18_03_W_roh_BELLY.jpg,1,A06_03_02_W_roh_BELLY.jpg,0.9420710206031799
A07_18_03_W_roh_BELLY.jpg,2,A01_18_02_M_roh_BELLY.jpg,0.9378232955932617
A07_18_03_W_roh_BELLY.jpg,3,AT01_03_01_W_roh_BELLY.jpg,0.93451988697052
A07_18_03_W_roh_BELLY.jpg,4,A03_15_06_W_roh_BELLY.jpg,0.9327653646469116
A07_18_03_W_roh_BELLY.jpg,5,A01_18_07_W_roh_BELLY.jpg,0.9325114488601685
A07_18_03_W_roh_BELLY.jpg,6,A01_18_04_M_roh_BELLY.jpg,0.9295511245727539
A07_18_03_W_roh_BELLY.jpg,7,A08_06_10_M_roh_BELLY.jpg,0.9277864098548889
A07_18_03_W_roh_BELLY.jpg,8,IMG-20250919-WA0019_BELLY.jpg,0.9265961647033691
A07_18_03_W_roh_BELLY.jpg,9,A08_15_04_M_roh_BELLY.jpg,0.9253519773483276
A07_18_03_W_roh_BELLY.jpg,10,A03_15_04_W_roh_BELLY.jpg,0.9247793555259705
A07_18_03_W_roh_BELLY.jpg,11,A05_18_05_W_roh_BELLY.jpg,0.9239703416824341
A07_18_03_W_roh_BELLY.jpg,12,A06_03_01_M_roh_BELLY.jpg,0.9221996068954468
A07_18_03_W_roh_BELLY.jpg,13,A08_15_19_M_roh_BELLY.jpg,0.9216539859771729
A07_18_03_W_roh_BELLY.jpg,14,A08_18_10_W_roh_BELLY.jpg,0.9214844703674316
A07_18_03_W_roh_BELLY.jpg,15,A08_18_01_M_roh_BELLY.jpg,0.9185006022453308
A07_18_03_W_roh_BELLY.jpg,16,A05_18_08_W_roh_BELLY.jpg,0.9179970026016235
A07_18_03_W_roh_BELLY.jpg,17,A08_18_03_W_roh_BELLY.jpg,0.917976975440979
A07_18_03_W_roh_BELLY.jpg,18,A08_15_06_W_roh_BELLY.jpg,0.9176658391952515
A07_18_03_W_roh_BELLY.jpg,19,A01_18_05_W_roh_BELLY.jpg,0.9175934791564941
A07_18_03_W_roh_BELLY.jpg,20,A08_17_17_W_roh_BELLY.jpg,0.9175386428833008
A08_06_02_SA_roh_BELLY.jpg,1,A08_06_05_SA_roh_BELLY.jpg,0.9590170383453369
A08_06_02_SA_roh_BELLY.jpg,2,A01_15_01_W_roh_BELLY.jpg,0.9558393359184265
A08_06_02_SA_roh_BELLY.jpg,3,A01_15_03_W_roh_BELLY.jpg,0.9532378911972046
A08_06_02_SA_roh_BELLY.jpg,4,A08_06_08_W_roh_BELLY.jpg,0.9491698145866394
A08_06_02_SA_roh_BELLY.jpg,5,A04_06_01_M_roh_BELLY.jpg,0.9491559863090515
A08_06_02_SA_roh_BELLY.jpg,6,A01_18_14_W_roh_BELLY.jpg,0.947048544883728
A08_06_02_SA_roh_BELLY.jpg,7,A08_18_14_M_roh_BELLY.jpg,0.9453827142715454
A08_06_02_SA_roh_BELLY.jpg,8,A03_12_03_M_roh_BELLY.jpg,0.9453358054161072
A08_06_02_SA_roh_BELLY.jpg,9,A01_06_01_SA_roh_BELLY.jpg,0.942615807056427
A08_06_02_SA_roh_BELLY.jpg,10,AT01_03_02_W_roh_BELLY.jpg,0.9414618015289307
A08_06_02_SA_roh_BELLY.jpg,11,A02_06_06_M_roh_BELLY.jpg,0.9412766695022583
A08_06_02_SA_roh_BELLY.jpg,12,A05_18_04_W_roh_BELLY.jpg,0.939853310585022
A08_06_02_SA_roh_BELLY.jpg,13,A05_18_08_W_roh_BELLY.jpg,0.9386625289916992
A08_06_02_SA_roh_BELLY.jpg,14,A04_06_02_M_roh_BELLY.jpg,0.9381271600723267
A08_06_02_SA_roh_BELLY.jpg,15,A08_18_13_W_roh_BELLY.jpg,0.9379887580871582
A08_06_02_SA_roh_BELLY.jpg,16,A08_15_04_M_roh_BELLY.jpg,0.9367852210998535
A08_06_02_SA_roh_BELLY.jpg,17,A01_15_06_W_roh_BELLY.jpg,0.9363853335380554
A08_06_02_SA_roh_BELLY.jpg,18,A05_21_01_W_roh_BELLY.jpg,0.9358597993850708
A08_06_02_SA_roh_BELLY.jpg,19,A07_18_01_W_roh_BELLY.jpg,0.9352610111236572
A08_06_02_SA_roh_BELLY.jpg,20,A02_06_03_M_roh_BELLY.jpg,0.9351247549057007
A08_06_05_SA_roh_BELLY.jpg,1,A04_06_02_M_roh_BELLY.jpg,0.9622982740402222
A08_06_05_SA_roh_BELLY.jpg,2,A08_06_08_W_roh_BELLY.jpg,0.9622342586517334
A08_06_05_SA_roh_BELLY.jpg,3,A01_06_01_SA_roh_BELLY.jpg,0.9605976939201355
A08_06_05_SA_roh_BELLY.jpg,4,A08_06_10_M_roh_BELLY.jpg,0.9592282176017761
A08_06_05_SA_roh_BELLY.jpg,5,A08_06_02_SA_roh_BELLY.jpg,0.9590170383453369
A08_06_05_SA_roh_BELLY.jpg,6,AT01_06_03_W_roh_BELLY.jpg,0.9578123092651367
A08_06_05_SA_roh_BELLY.jpg,7,A01_18_14_W_roh_BELLY.jpg,0.9570579528808594
A08_06_05_SA_roh_BELLY.jpg,8,A02_06_06_M_roh_BELLY.jpg,0.9562638998031616
A08_06_05_SA_roh_BELLY.jpg,9,AT01_03_02_W_roh_BELLY.jpg,0.9539365768432617
A08_06_05_SA_roh_BELLY.jpg,10,A02_06_03_M_roh_BELLY.jpg,0.9526907801628113
A08_06_05_SA_roh_BELLY.jpg,11,A07_18_01_W_roh_BELLY.jpg,0.9515166878700256
A08_06_05_SA_roh_BELLY.jpg,12,A08_18_13_W_roh_BELLY.jpg,0.9501785635948181
A08_06_05_SA_roh_BELLY.jpg,13,A04_03_01_W_roh_BELLY.jpg,0.9482680559158325
A08_06_05_SA_roh_BELLY.jpg,14,A08_18_19_W_roh_BELLY.jpg,0.9479024410247803
A08_06_05_SA_roh_BELLY.jpg,15,A05_21_01_W_roh_BELLY.jpg,0.9476184248924255
A08_06_05_SA_roh_BELLY.jpg,16,A08_15_04_M_roh_BELLY.jpg,0.9470850229263306
A08_06_05_SA_roh_BELLY.jpg,17,A04_06_01_M_roh_BELLY.jpg,0.9444406032562256
A08_06_05_SA_roh_BELLY.jpg,18,A02_06_04_M_roh_BELLY.jpg,0.9432194232940674
A08_06_05_SA_roh_BELLY.jpg,19,A05_18_08_W_roh_BELLY.jpg,0.9432183504104614
A08_06_05_SA_roh_BELLY.jpg,20,A08_18_14_M_roh_BELLY.jpg,0.9411489367485046
A08_06_08_W_roh_BELLY.jpg,1,A02_06_06_M_roh_BELLY.jpg,0.965607762336731
A08_06_08_W_roh_BELLY.jpg,2,A08_06_05_SA_roh_BELLY.jpg,0.9622342586517334
A08_06_08_W_roh_BELLY.jpg,3,AT01_06_03_W_roh_BELLY.jpg,0.9620925188064575
A08_06_08_W_roh_BELLY.jpg,4,A02_06_03_M_roh_BELLY.jpg,0.9580816626548767
A08_06_08_W_roh_BELLY.jpg,5,A04_06_02_M_roh_BELLY.jpg,0.9562669992446899
A08_06_08_W_roh_BELLY.jpg,6,AT01_03_02_W_roh_BELLY.jpg,0.955140233039856
A08_06_08_W_roh_BELLY.jpg,7,A04_06_01_M_roh_BELLY.jpg,0.9547315835952759
A08_06_08_W_roh_BELLY.jpg,8,A04_12_04_W_roh_BELLY.jpg,0.9537519812583923
A08_06_08_W_roh_BELLY.jpg,9,A01_06_01_SA_roh_BELLY.jpg,0.952528715133667
A08_06_08_W_roh_BELLY.jpg,10,A05_21_01_W_roh_BELLY.jpg,0.9521541595458984
A08_06_08_W_roh_BELLY.jpg,11,A08_06_02_SA_roh_BELLY.jpg,0.9491698145866394
A08_06_08_W_roh_BELLY.jpg,12,A08_18_13_W_roh_BELLY.jpg,0.9488196969032288
A08_06_08_W_roh_BELLY.jpg,13,A08_18_19_W_roh_BELLY.jpg,0.9468160271644592
A08_06_08_W_roh_BELLY.jpg,14,A04_03_01_W_roh_BELLY.jpg,0.9459662437438965
A08_06_08_W_roh_BELLY.jpg,15,A08_06_10_M_roh_BELLY.jpg,0.9423993825912476
A08_06_08_W_roh_BELLY.jpg,16,A07_18_01_W_roh_BELLY.jpg,0.9413577318191528
A08_06_08_W_roh_BELLY.jpg,17,A08_18_14_M_roh_BELLY.jpg,0.9410204887390137
A08_06_08_W_roh_BELLY.jpg,18,A05_18_08_W_roh_BELLY.jpg,0.9395575523376465
A08_06_08_W_roh_BELLY.jpg,19,A08_15_04_M_roh_BELLY.jpg,0.93880295753479
A08_06_08_W_roh_BELLY.jpg,20,A01_18_14_W_roh_BELLY.jpg,0.9382231831550598
A08_06_10_M_roh_BELLY.jpg,1,A04_06_02_M_roh_BELLY.jpg,0.974154531955719
A08_06_10_M_roh_BELLY.jpg,2,A02_06_06_M_roh_BELLY.jpg,0.9720348119735718
A08_06_10_M_roh_BELLY.jpg,3,A08_15_19_M_roh_BELLY.jpg,0.968192458152771
A08_06_10_M_roh_BELLY.jpg,4,AT01_06_03_W_roh_BELLY.jpg,0.9601089954376221
A08_06_10_M_roh_BELLY.jpg,5,A01_18_14_W_roh_BELLY.jpg,0.9598263502120972
A08_06_10_M_roh_BELLY.jpg,6,A08_06_05_SA_roh_BELLY.jpg,0.9592282176017761
A08_06_10_M_roh_BELLY.jpg,7,A02_03_02_M_roh_BELLY.jpg,0.9575010538101196
A08_06_10_M_roh_BELLY.jpg,8,A08_15_04_M_roh_BELLY.jpg,0.9564076662063599
A08_06_10_M_roh_BELLY.jpg,9,A02_06_03_M_roh_BELLY.jpg,0.9541497230529785
A08_06_10_M_roh_BELLY.jpg,10,A05_18_08_W_roh_BELLY.jpg,0.9536010026931763
A08_06_10_M_roh_BELLY.jpg,11,A02_06_04_M_roh_BELLY.jpg,0.9530789852142334
A08_06_10_M_roh_BELLY.jpg,12,A01_18_03_W_roh_BELLY.jpg,0.9528070688247681
A08_06_10_M_roh_BELLY.jpg,13,A04_03_01_W_roh_BELLY.jpg,0.952663779258728
A08_06_10_M_roh_BELLY.jpg,14,A08_18_19_W_roh_BELLY.jpg,0.9522104263305664
A08_06_10_M_roh_BELLY.jpg,15,A07_18_01_W_roh_BELLY.jpg,0.9510687589645386
A08_06_10_M_roh_BELLY.jpg,16,A08_18_13_W_roh_BELLY.jpg,0.9493863582611084
A08_06_10_M_roh_BELLY.jpg,17,A01_18_12_M_roh_BELLY.jpg,0.9480433464050293
A08_06_10_M_roh_BELLY.jpg,18,A01_06_01_SA_roh_BELLY.jpg,0.9471350908279419
A08_06_10_M_roh_BELLY.jpg,19,A06_03_02_W_roh_BELLY.jpg,0.9470479488372803
A08_06_10_M_roh_BELLY.jpg,20,A02_06_07_M_roh_BELLY.jpg,0.943634033203125
A08_09_35_W_roh_BELLY.jpg,1,A01_17_01_W_roh_BELLY.jpg,0.9597765207290649
A08_09_35_W_roh_BELLY.jpg,2,A01_08_01_W_roh_BELLY.jpg,0.9572727680206299
A08_09_35_W_roh_BELLY.jpg,3,A06_17_04_W_roh_BELLY.jpg,0.9508234262466431
A08_09_35_W_roh_BELLY.jpg,4,IMG-20250829-WA0022_BELLY.jpg,0.9505712389945984
A08_09_35_W_roh_BELLY.jpg,5,A06_17_02_W__roh_BELLY.jpg,0.9502314329147339
A08_09_35_W_roh_BELLY.jpg,6,A04_17_01_W_roh_BELLY.jpg,0.9467951059341431
A08_09_35_W_roh_BELLY.jpg,7,A07_17_06_W_roh_BELLY.jpg,0.9441815614700317
A08_09_35_W_roh_BELLY.jpg,8,A01_12_01_M_roh_BELLY.jpg,0.9437685608863831
A08_09_35_W_roh_BELLY.jpg,9,A04_06_01_M_roh_BELLY.jpg,0.9411712884902954
A08_09_35_W_roh_BELLY.jpg,10,A07_17_03_W_roh_BELLY.jpg,0.9375622272491455
A08_09_35_W_roh_BELLY.jpg,11,A05_12_03_W_roh_BELLY.jpg,0.9371169209480286
A08_09_35_W_roh_BELLY.jpg,12,A03_12_02_W_roh_BELLY.jpg,0.9360045194625854
A08_09_35_W_roh_BELLY.jpg,13,IMG-20250919-WA0014_BELLY.jpg,0.9349595308303833
A08_09_35_W_roh_BELLY.jpg,14,A06_12_04_W_roh_BELLY.jpg,0.9333200454711914
A08_09_35_W_roh_BELLY.jpg,15,IMG-20250910-WA0017_BELLY.jpg,0.9329928755760193
A08_09_35_W_roh_BELLY.jpg,16,A06_17_01_M_roh_-_Kopie_BELLY.jpg,0.9313302040100098
A08_09_35_W_roh_BELLY.jpg,17,IMG-20250919-WA0011_BELLY.jpg,0.9305859804153442
A08_09_35_W_roh_BELLY.jpg,18,A02_06_03_M_roh_BELLY.jpg,0.9299446940422058
A08_09_35_W_roh_BELLY.jpg,19,A04_17_02_W_roh_BELLY.jpg,0.929782509803772
A08_09_35_W_roh_BELLY.jpg,20,A08_18_20_W_roh_BELLY.jpg,0.9293635487556458
A08_09_39_W_roh_BELLY.jpg,1,IMG-20250919-WA0012_BELLY.jpg,0.9414430260658264
A08_09_39_W_roh_BELLY.jpg,2,A06_14_02_W_roh_BELLY.jpg,0.9406709671020508
A08_09_39_W_roh_BELLY.jpg,3,A04_17_02_W_roh_BELLY.jpg,0.9391778707504272
A08_09_39_W_roh_BELLY.jpg,4,A07_08_04_M_roh_BELLY.jpg,0.9388782978057861
A08_09_39_W_roh_BELLY.jpg,5,IMG-20250607-WA0003_BELLY.jpg,0.9384570717811584
A08_09_39_W_roh_BELLY.jpg,6,IMG-20250626-WA0002_BELLY.jpg,0.9383970499038696
A08_09_39_W_roh_BELLY.jpg,7,IMG_20250717_123430_BELLY.jpg,0.9369884729385376
A08_09_39_W_roh_BELLY.jpg,8,IMG_20250501_132115_BELLY.jpg,0.9367357492446899
A08_09_39_W_roh_BELLY.jpg,9,IMG-20250626-WA0009_BELLY.jpg,0.9363367557525635
A08_09_39_W_roh_BELLY.jpg,10,A07_09_03_W_roh_BELLY.jpg,0.9346843957901001
A08_09_39_W_roh_BELLY.jpg,11,IMG-20250910-WA0029_BELLY.jpg,0.9346007704734802
A08_09_39_W_roh_BELLY.jpg,12,IMG_20250717_111215_BELLY.jpg,0.9342472553253174
A08_09_39_W_roh_BELLY.jpg,13,IMG-20250626-WA0014_BELLY.jpg,0.9322471618652344
A08_09_39_W_roh_BELLY.jpg,14,IMG-20250829-WA0018_BELLY.jpg,0.9298327565193176
A08_09_39_W_roh_BELLY.jpg,15,A01_08_01_W_roh_BELLY.jpg,0.9292784929275513
A08_09_39_W_roh_BELLY.jpg,16,A08_09_35_W_roh_BELLY.jpg,0.9288724660873413
A08_09_39_W_roh_BELLY.jpg,17,A01_05_03_W_roh_BELLY.jpg,0.9285169839859009
A08_09_39_W_roh_BELLY.jpg,18,A08_18_20_W_roh_BELLY.jpg,0.9283056259155273
A08_09_39_W_roh_BELLY.jpg,19,IMG_20250717_111635_BELLY.jpg,0.9281415939331055
A08_09_39_W_roh_BELLY.jpg,20,IMG-20250829-WA0024_BELLY.jpg,0.9280139207839966
A08_12_05_W_roh_BELLY.jpg,1,A08_18_17_W_roh_BELLY.jpg,0.9530929923057556
A08_12_05_W_roh_BELLY.jpg,2,A04_12_04_W_roh_BELLY.jpg,0.9515184164047241
A08_12_05_W_roh_BELLY.jpg,3,A08_12_15_W_roh_BELLY.jpg,0.9473860263824463
A08_12_05_W_roh_BELLY.jpg,4,A06_18_04_W_roh_BELLY.jpg,0.9438631534576416
A08_12_05_W_roh_BELLY.jpg,5,A08_15_14_W_roh_BELLY.jpg,0.9429429769515991
A08_12_05_W_roh_BELLY.jpg,6,A01_18_12_M_roh_BELLY.jpg,0.939701497554779
A08_12_05_W_roh_BELLY.jpg,7,A08_18_18_W_roh_BELLY.jpg,0.9385181665420532
A08_12_05_W_roh_BELLY.jpg,8,A05_21_01_W_roh_BELLY.jpg,0.9367016553878784
A08_12_05_W_roh_BELLY.jpg,9,A08_18_02_W_roh_BELLY.jpg,0.9361898899078369
A08_12_05_W_roh_BELLY.jpg,10,A08_18_19_W_roh_BELLY.jpg,0.9357717037200928
A08_12_05_W_roh_BELLY.jpg,11,A02_03_02_M_roh_BELLY.jpg,0.9353959560394287
A08_12_05_W_roh_BELLY.jpg,12,A06_12_04_W_roh_BELLY.jpg,0.9352532625198364
A08_12_05_W_roh_BELLY.jpg,13,A08_18_13_W_roh_BELLY.jpg,0.93486487865448
A08_12_05_W_roh_BELLY.jpg,14,A08_18_22_W_roh_BELLY.jpg,0.9322916865348816
A08_12_05_W_roh_BELLY.jpg,15,A01_18_14_W_roh_BELLY.jpg,0.9315018653869629
A08_12_05_W_roh_BELLY.jpg,16,IMG-20250910-WA0022_BELLY.jpg,0.9313486814498901
A08_12_05_W_roh_BELLY.jpg,17,A03_12_02_W_roh_BELLY.jpg,0.9311763644218445
A08_12_05_W_roh_BELLY.jpg,18,A07_18_01_W_roh_BELLY.jpg,0.9307433366775513
A08_12_05_W_roh_BELLY.jpg,19,A04_15_06_M_roh_BELLY.jpg,0.9304906725883484
A08_12_05_W_roh_BELLY.jpg,20,A06_15_03_W_roh_BELLY.jpg,0.9297992587089539
A08_12_13_W_roh_BELLY.jpg,1,A08_15_14_W_roh_BELLY.jpg,0.9387588500976562
A08_12_13_W_roh_BELLY.jpg,2,A04_06_01_M_roh_BELLY.jpg,0.9381000995635986
A08_12_13_W_roh_BELLY.jpg,3,A08_15_21_M_roh_BELLY.jpg,0.9372230768203735
A08_12_13_W_roh_BELLY.jpg,4,A08_18_13_W_roh_BELLY.jpg,0.9335793852806091
A08_12_13_W_roh_BELLY.jpg,5,A05_15_03_W_roh_BELLY.jpg,0.9319506883621216
A08_12_13_W_roh_BELLY.jpg,6,A04_15_04_M_roh_BELLY.jpg,0.9312909245491028
A08_12_13_W_roh_BELLY.jpg,7,A05_12_03_W_roh_BELLY.jpg,0.9305589199066162
A08_12_13_W_roh_BELLY.jpg,8,A02_06_03_M_roh_BELLY.jpg,0.9279654622077942
A08_12_13_W_roh_BELLY.jpg,9,A06_15_03_W_roh_BELLY.jpg,0.924430251121521
A08_12_13_W_roh_BELLY.jpg,10,A08_18_17_W_roh_BELLY.jpg,0.9242990016937256
A08_12_13_W_roh_BELLY.jpg,11,A05_18_04_W_roh_BELLY.jpg,0.9227096438407898
A08_12_13_W_roh_BELLY.jpg,12,A08_09_35_W_roh_BELLY.jpg,0.9214323163032532
A08_12_13_W_roh_BELLY.jpg,13,A01_15_06_W_roh_BELLY.jpg,0.9199921488761902
A08_12_13_W_roh_BELLY.jpg,14,A06_17_02_W__roh_BELLY.jpg,0.9196255207061768
A08_12_13_W_roh_BELLY.jpg,15,A03_12_03_M_roh_BELLY.jpg,0.919235110282898
A08_12_13_W_roh_BELLY.jpg,16,A08_18_23_W_roh_BELLY.jpg,0.9191470146179199
A08_12_13_W_roh_BELLY.jpg,17,A01_12_01_M_roh_BELLY.jpg,0.9189909100532532
A08_12_13_W_roh_BELLY.jpg,18,A03_12_02_W_roh_BELLY.jpg,0.9184638261795044
A08_12_13_W_roh_BELLY.jpg,19,A06_18_04_W_roh_BELLY.jpg,0.9180840849876404
A08_12_13_W_roh_BELLY.jpg,20,IMG-20250919-WA0014_BELLY.jpg,0.9178837537765503
A08_12_15_W_roh_BELLY.jpg,1,A04_12_04_W_roh_BELLY.jpg,0.956552267074585
A08_12_15_W_roh_BELLY.jpg,2,A06_12_04_W_roh_BELLY.jpg,0.9555227756500244
A08_12_15_W_roh_BELLY.jpg,3,A08_18_04_W_roh_BELLY.jpg,0.9498648643493652
A08_12_15_W_roh_BELLY.jpg,4,A08_18_13_W_roh_BELLY.jpg,0.94789719581604
A08_12_15_W_roh_BELLY.jpg,5,A08_12_05_W_roh_BELLY.jpg,0.9473860263824463
A08_12_15_W_roh_BELLY.jpg,6,A06_18_04_W_roh_BELLY.jpg,0.9457423686981201
A08_12_15_W_roh_BELLY.jpg,7,A02_06_03_M_roh_BELLY.jpg,0.943830668926239
A08_12_15_W_roh_BELLY.jpg,8,A01_18_14_W_roh_BELLY.jpg,0.9416650533676147
A08_12_15_W_roh_BELLY.jpg,9,A08_15_14_W_roh_BELLY.jpg,0.9415706396102905
A08_12_15_W_roh_BELLY.jpg,10,A02_06_06_M_roh_BELLY.jpg,0.9407567977905273
A08_12_15_W_roh_BELLY.jpg,11,A05_21_01_W_roh_BELLY.jpg,0.9404940605163574
A08_12_15_W_roh_BELLY.jpg,12,A03_12_02_W_roh_BELLY.jpg,0.9400733709335327
A08_12_15_W_roh_BELLY.jpg,13,A05_18_06_W_roh_BELLY.jpg,0.9392982721328735
A08_12_15_W_roh_BELLY.jpg,14,A08_18_17_W_roh_BELLY.jpg,0.9378246068954468
A08_12_15_W_roh_BELLY.jpg,15,A05_12_03_W_roh_BELLY.jpg,0.9376929402351379
A08_12_15_W_roh_BELLY.jpg,16,A08_15_05_M_roh_BELLY.jpg,0.936765193939209
A08_12_15_W_roh_BELLY.jpg,17,A05_18_04_W_roh_BELLY.jpg,0.9355841875076294
A08_12_15_W_roh_BELLY.jpg,18,A08_18_19_W_roh_BELLY.jpg,0.9351394176483154
A08_12_15_W_roh_BELLY.jpg,19,A01_06_01_SA_roh_BELLY.jpg,0.9347169995307922
A08_12_15_W_roh_BELLY.jpg,20,AT01_06_03_W_roh_BELLY.jpg,0.9341728687286377
A08_15_03_W_roh_BELLY.jpg,1,A01_18_01_W_roh_BELLY.jpg,0.9583933353424072
A08_15_03_W_roh_BELLY.jpg,2,A08_18_12_W_roh_BELLY.jpg,0.9506865739822388
A08_15_03_W_roh_BELLY.jpg,3,A08_18_09_M_roh_BELLY.jpg,0.9492034912109375
A08_15_03_W_roh_BELLY.jpg,4,A06_18_04_W_roh_BELLY.jpg,0.9491497278213501
A08_15_03_W_roh_BELLY.jpg,5,A08_18_23_W_roh_BELLY.jpg,0.9457883834838867
A08_15_03_W_roh_BELLY.jpg,6,A08_15_17_M_roh_BELLY.jpg,0.9454412460327148
A08_15_03_W_roh_BELLY.jpg,7,A04_15_06_M_roh_BELLY.jpg,0.9445361495018005
A08_15_03_W_roh_BELLY.jpg,8,A08_18_20_W_roh_BELLY.jpg,0.9428805112838745
A08_15_03_W_roh_BELLY.jpg,9,A08_15_07_W_roh_BELLY.jpg,0.9414575099945068
A08_15_03_W_roh_BELLY.jpg,10,A06_15_03_W_roh_BELLY.jpg,0.9402167797088623
A08_15_03_W_roh_BELLY.jpg,11,IMG-20250910-WA0025_BELLY.jpg,0.9384778738021851
A08_15_03_W_roh_BELLY.jpg,12,A08_18_06_W_roh_BELLY.jpg,0.9372016191482544
A08_15_03_W_roh_BELLY.jpg,13,A01_12_01_M_roh_BELLY.jpg,0.9366416931152344
A08_15_03_W_roh_BELLY.jpg,14,A08_18_21_M_roh_BELLY.jpg,0.936328649520874
A08_15_03_W_roh_BELLY.jpg,15,IMG-20250626-WA0009_BELLY.jpg,0.9360618591308594
A08_15_03_W_roh_BELLY.jpg,16,IMG-20250919-WA0016_BELLY.jpg,0.9354254007339478
A08_15_03_W_roh_BELLY.jpg,17,IMG-20250919-WA0021_BELLY.jpg,0.9351519346237183
A08_15_03_W_roh_BELLY.jpg,18,IMG-20250626-WA0004_BELLY.jpg,0.9349328279495239
A08_15_03_W_roh_BELLY.jpg,19,IMG_20250501_132115_BELLY.jpg,0.9341881275177002
A08_15_03_W_roh_BELLY.jpg,20,IMG-20250626-WA0014_BELLY.jpg,0.9339050054550171
A08_15_04_M_roh_BELLY.jpg,1,A05_18_04_W_roh_BELLY.jpg,0.9695047736167908
A08_15_04_M_roh_BELLY.jpg,2,A03_18_07_M_roh_BELLY.jpg,0.9675585031509399
A08_15_04_M_roh_BELLY.jpg,3,A01_18_12_M_roh_BELLY.jpg,0.9673174023628235
A08_15_04_M_roh_BELLY.jpg,4,A03_18_06_W_roh_BELLY.jpg,0.9655290842056274
A08_15_04_M_roh_BELLY.jpg,5,A05_18_08_W_roh_BELLY.jpg,0.9651891589164734
A08_15_04_M_roh_BELLY.jpg,6,A08_18_14_M_roh_BELLY.jpg,0.9634701013565063
A08_15_04_M_roh_BELLY.jpg,7,A08_18_05_W_roh_BELLY.jpg,0.9632706046104431
A08_15_04_M_roh_BELLY.jpg,8,A08_18_22_W_roh_BELLY.jpg,0.9630590677261353
A08_15_04_M_roh_BELLY.jpg,9,A07_18_01_W_roh_BELLY.jpg,0.9623575806617737
A08_15_04_M_roh_BELLY.jpg,10,A01_18_04_M_roh_BELLY.jpg,0.9621248245239258
A08_15_04_M_roh_BELLY.jpg,11,A01_15_06_W_roh_BELLY.jpg,0.9615545868873596
A08_15_04_M_roh_BELLY.jpg,12,A04_15_06_M_roh_BELLY.jpg,0.960780918598175
A08_15_04_M_roh_BELLY.jpg,13,A08_18_06_W_roh_BELLY.jpg,0.9606125950813293
A08_15_04_M_roh_BELLY.jpg,14,A08_15_19_M_roh_BELLY.jpg,0.9605569243431091
A08_15_04_M_roh_BELLY.jpg,15,A05_18_06_W_roh_BELLY.jpg,0.9592100381851196
A08_15_04_M_roh_BELLY.jpg,16,A08_18_20_W_roh_BELLY.jpg,0.958547830581665
A08_15_04_M_roh_BELLY.jpg,17,A06_15_03_W_roh_BELLY.jpg,0.9577769041061401
A08_15_04_M_roh_BELLY.jpg,18,A08_18_19_W_roh_BELLY.jpg,0.9576149582862854
A08_15_04_M_roh_BELLY.jpg,19,A05_18_07_W_roh_BELLY.jpg,0.9570519924163818
A08_15_04_M_roh_BELLY.jpg,20,A08_06_10_M_roh_BELLY.jpg,0.9564076662063599
A08_15_05_M_roh_BELLY.jpg,1,A08_18_05_W_roh_BELLY.jpg,0.9651060104370117
A08_15_05_M_roh_BELLY.jpg,2,A08_18_04_W_roh_BELLY.jpg,0.9645171165466309
A08_15_05_M_roh_BELLY.jpg,3,A07_18_01_W_roh_BELLY.jpg,0.9635943174362183
A08_15_05_M_roh_BELLY.jpg,4,A05_18_06_W_roh_BELLY.jpg,0.9627625942230225
A08_15_05_M_roh_BELLY.jpg,5,A08_18_10_W_roh_BELLY.jpg,0.962651252746582
A08_15_05_M_roh_BELLY.jpg,6,A01_18_12_M_roh_BELLY.jpg,0.9619085192680359
A08_15_05_M_roh_BELLY.jpg,7,A08_15_04_M_roh_BELLY.jpg,0.9559309482574463
A08_15_05_M_roh_BELLY.jpg,8,A05_18_07_W_roh_BELLY.jpg,0.9558796882629395
A08_15_05_M_roh_BELLY.jpg,9,AT01_03_02_W_roh_BELLY.jpg,0.9558761119842529
A08_15_05_M_roh_BELLY.jpg,10,A04_03_01_W_roh_BELLY.jpg,0.9552760124206543
A08_15_05_M_roh_BELLY.jpg,11,A01_15_06_W_roh_BELLY.jpg,0.9548672437667847
A08_15_05_M_roh_BELLY.jpg,12,A04_15_06_M_roh_BELLY.jpg,0.954649806022644
A08_15_05_M_roh_BELLY.jpg,13,A01_18_03_W_roh_BELLY.jpg,0.9511009454727173
A08_15_05_M_roh_BELLY.jpg,14,A08_15_19_M_roh_BELLY.jpg,0.950501561164856
A08_15_05_M_roh_BELLY.jpg,15,A01_18_04_M_roh_BELLY.jpg,0.9502931833267212
A08_15_05_M_roh_BELLY.jpg,16,A04_15_05_W_roh_BELLY.jpg,0.9493662714958191
A08_15_05_M_roh_BELLY.jpg,17,A02_03_02_M_roh_BELLY.jpg,0.9492623805999756
A08_15_05_M_roh_BELLY.jpg,18,A03_18_06_W_roh_BELLY.jpg,0.9490392208099365
A08_15_05_M_roh_BELLY.jpg,19,A08_18_02_W_roh_BELLY.jpg,0.947776198387146
A08_15_05_M_roh_BELLY.jpg,20,A08_18_19_W_roh_BELLY.jpg,0.9476202726364136
A08_15_06_W_roh_BELLY.jpg,1,A03_15_06_W_roh_BELLY.jpg,0.9608253240585327
A08_15_06_W_roh_BELLY.jpg,2,A01_18_12_M_roh_BELLY.jpg,0.9543488621711731
A08_15_06_W_roh_BELLY.jpg,3,A01_18_07_W_roh_BELLY.jpg,0.953048825263977
A08_15_06_W_roh_BELLY.jpg,4,A02_03_02_M_roh_BELLY.jpg,0.9517639875411987
A08_15_06_W_roh_BELLY.jpg,5,A08_15_19_M_roh_BELLY.jpg,0.9514742493629456
A08_15_06_W_roh_BELLY.jpg,6,A01_18_03_W_roh_BELLY.jpg,0.9508885145187378
A08_15_06_W_roh_BELLY.jpg,7,A04_15_06_M_roh_BELLY.jpg,0.9489054679870605
A08_15_06_W_roh_BELLY.jpg,8,A04_15_05_W_roh_BELLY.jpg,0.9481712579727173
A08_15_06_W_roh_BELLY.jpg,9,A05_18_08_W_roh_BELLY.jpg,0.9477678537368774
A08_15_06_W_roh_BELLY.jpg,10,A08_18_20_W_roh_BELLY.jpg,0.9451065063476562
A08_15_06_W_roh_BELLY.jpg,11,A05_18_07_W_roh_BELLY.jpg,0.9428069591522217
A08_15_06_W_roh_BELLY.jpg,12,A06_15_02_W_roh_BELLY.jpg,0.9426959753036499
A08_15_06_W_roh_BELLY.jpg,13,A08_15_04_M_roh_BELLY.jpg,0.9416081309318542
A08_15_06_W_roh_BELLY.jpg,14,A08_18_10_W_roh_BELLY.jpg,0.9400278925895691
A08_15_06_W_roh_BELLY.jpg,15,IMG-20250910-WA0018_BELLY.jpg,0.9393517971038818
A08_15_06_W_roh_BELLY.jpg,16,A08_18_02_W_roh_BELLY.jpg,0.9385241270065308
A08_15_06_W_roh_BELLY.jpg,17,A01_18_14_W_roh_BELLY.jpg,0.9379662275314331
A08_15_06_W_roh_BELLY.jpg,18,A06_12_04_W_roh_BELLY.jpg,0.9376728534698486
A08_15_06_W_roh_BELLY.jpg,19,A03_18_06_W_roh_BELLY.jpg,0.9370206594467163
A08_15_06_W_roh_BELLY.jpg,20,A07_18_01_W_roh_BELLY.jpg,0.9363201856613159
A08_15_07_W_roh_BELLY.jpg,1,A08_18_12_W_roh_BELLY.jpg,0.9556238055229187
A08_15_07_W_roh_BELLY.jpg,2,A08_15_17_M_roh_BELLY.jpg,0.9553123712539673
A08_15_07_W_roh_BELLY.jpg,3,A08_18_21_M_roh_BELLY.jpg,0.9551253318786621
A08_15_07_W_roh_BELLY.jpg,4,A04_15_06_M_roh_BELLY.jpg,0.9543896317481995
A08_15_07_W_roh_BELLY.jpg,5,A08_18_08_M_roh_BELLY.jpg,0.9527676105499268
A08_15_07_W_roh_BELLY.jpg,6,A08_18_20_W_roh_BELLY.jpg,0.9520391225814819
A08_15_07_W_roh_BELLY.jpg,7,A08_18_14_M_roh_BELLY.jpg,0.9493453502655029
A08_15_07_W_roh_BELLY.jpg,8,IMG-20250919-WA0016_BELLY.jpg,0.9490230083465576
A08_15_07_W_roh_BELLY.jpg,9,A08_18_23_W_roh_BELLY.jpg,0.9483100175857544
A08_15_07_W_roh_BELLY.jpg,10,A01_12_01_M_roh_BELLY.jpg,0.946144700050354
A08_15_07_W_roh_BELLY.jpg,11,IMG-20250626-WA0004_BELLY.jpg,0.9457404613494873
A08_15_07_W_roh_BELLY.jpg,12,IMG-20250910-WA0025_BELLY.jpg,0.9446980953216553
A08_15_07_W_roh_BELLY.jpg,13,A05_18_04_W_roh_BELLY.jpg,0.9431688785552979
A08_15_07_W_roh_BELLY.jpg,14,A08_18_06_W_roh_BELLY.jpg,0.9431455731391907
A08_15_07_W_roh_BELLY.jpg,15,A01_18_01_W_roh_BELLY.jpg,0.942961573600769
A08_15_07_W_roh_BELLY.jpg,16,A01_08_01_W_roh_BELLY.jpg,0.9427412748336792
A08_15_07_W_roh_BELLY.jpg,17,IMG_20250501_132115_BELLY.jpg,0.9424859881401062
A08_15_07_W_roh_BELLY.jpg,18,IMG_20250717_113844_BELLY.jpg,0.942435622215271
A08_15_07_W_roh_BELLY.jpg,19,A07_08_03_W_roh_BELLY.jpg,0.9418386220932007
A08_15_07_W_roh_BELLY.jpg,20,A08_15_03_W_roh_BELLY.jpg,0.9414575099945068
A08_15_14_W_roh_BELLY.jpg,1,A08_18_17_W_roh_BELLY.jpg,0.9625847339630127
A08_15_14_W_roh_BELLY.jpg,2,A07_18_01_W_roh_BELLY.jpg,0.9470680952072144
A08_15_14_W_roh_BELLY.jpg,3,A08_18_13_W_roh_BELLY.jpg,0.9468834400177002
A08_15_14_W_roh_BELLY.jpg,4,A01_15_06_W_roh_BELLY.jpg,0.9449513554573059
A08_15_14_W_roh_BELLY.jpg,5,A01_18_12_M_roh_BELLY.jpg,0.9447771310806274
A08_15_14_W_roh_BELLY.jpg,6,A06_12_04_W_roh_BELLY.jpg,0.9445421695709229
A08_15_14_W_roh_BELLY.jpg,7,A08_12_05_W_roh_BELLY.jpg,0.9429429769515991
A08_15_14_W_roh_BELLY.jpg,8,A08_18_19_W_roh_BELLY.jpg,0.9425926804542542
A08_15_14_W_roh_BELLY.jpg,9,A08_12_15_W_roh_BELLY.jpg,0.9415706396102905
A08_15_14_W_roh_BELLY.jpg,10,A08_15_05_M_roh_BELLY.jpg,0.9410842657089233
A08_15_14_W_roh_BELLY.jpg,11,A01_18_14_W_roh_BELLY.jpg,0.9409586191177368
A08_15_14_W_roh_BELLY.jpg,12,A08_12_13_W_roh_BELLY.jpg,0.9387588500976562
A08_15_14_W_roh_BELLY.jpg,13,A06_18_04_W_roh_BELLY.jpg,0.9385075569152832
A08_15_14_W_roh_BELLY.jpg,14,A06_15_03_W_roh_BELLY.jpg,0.9381841421127319
A08_15_14_W_roh_BELLY.jpg,15,A08_15_04_M_roh_BELLY.jpg,0.938040018081665
A08_15_14_W_roh_BELLY.jpg,16,A08_18_20_W_roh_BELLY.jpg,0.9373984336853027
A08_15_14_W_roh_BELLY.jpg,17,A05_18_04_W_roh_BELLY.jpg,0.9373382925987244
A08_15_14_W_roh_BELLY.jpg,18,A08_18_22_W_roh_BELLY.jpg,0.9362690448760986
A08_15_14_W_roh_BELLY.jpg,19,A05_18_07_W_roh_BELLY.jpg,0.9342222809791565
A08_15_14_W_roh_BELLY.jpg,20,A08_18_04_W_roh_BELLY.jpg,0.9324159026145935
A08_15_17_M_roh_BELLY.jpg,1,A08_18_12_W_roh_BELLY.jpg,0.9604730010032654
A08_15_17_M_roh_BELLY.jpg,2,A08_18_09_M_roh_BELLY.jpg,0.9566084146499634
A08_15_17_M_roh_BELLY.jpg,3,A04_15_06_M_roh_BELLY.jpg,0.9557350277900696
A08_15_17_M_roh_BELLY.jpg,4,A08_15_07_W_roh_BELLY.jpg,0.9553123712539673
A08_15_17_M_roh_BELLY.jpg,5,A06_15_03_W_roh_BELLY.jpg,0.9526145458221436
A08_15_17_M_roh_BELLY.jpg,6,A08_18_20_W_roh_BELLY.jpg,0.9525622129440308
A08_15_17_M_roh_BELLY.jpg,7,A08_18_21_M_roh_BELLY.jpg,0.9504951238632202
A08_15_17_M_roh_BELLY.jpg,8,A08_15_03_W_roh_BELLY.jpg,0.9454412460327148
A08_15_17_M_roh_BELLY.jpg,9,A04_15_04_M_roh_BELLY.jpg,0.943911075592041
A08_15_17_M_roh_BELLY.jpg,10,A08_18_08_M_roh_BELLY.jpg,0.9435621500015259
A08_15_17_M_roh_BELLY.jpg,11,IMG_20250717_113844_BELLY.jpg,0.9418402910232544
A08_15_17_M_roh_BELLY.jpg,12,IMG-20250910-WA0063_BELLY.jpg,0.9413160681724548
A08_15_17_M_roh_BELLY.jpg,13,IMG-20250910-WA0017_BELLY.jpg,0.941084623336792
A08_15_17_M_roh_BELLY.jpg,14,A08_18_14_M_roh_BELLY.jpg,0.9407331347465515
A08_15_17_M_roh_BELLY.jpg,15,IMG-20250910-WA0064_BELLY.jpg,0.9401836395263672
A08_15_17_M_roh_BELLY.jpg,16,A01_18_01_W_roh_BELLY.jpg,0.9380578994750977
A08_15_17_M_roh_BELLY.jpg,17,IMG-20250626-WA0014_BELLY.jpg,0.9375909566879272
A08_15_17_M_roh_BELLY.jpg,18,A03_15_04_W_roh_BELLY.jpg,0.9372659921646118
A08_15_17_M_roh_BELLY.jpg,19,A05_18_04_W_roh_BELLY.jpg,0.9364910125732422
A08_15_17_M_roh_BELLY.jpg,20,IMG-20250919-WA0021_BELLY.jpg,0.9364880323410034
A08_15_19_M_roh_BELLY.jpg,1,A01_18_03_W_roh_BELLY.jpg,0.9690963625907898
A08_15_19_M_roh_BELLY.jpg,2,A08_06_10_M_roh_BELLY.jpg,0.968192458152771
A08_15_19_M_roh_BELLY.jpg,3,A04_06_02_M_roh_BELLY.jpg,0.966277539730072
A08_15_19_M_roh_BELLY.jpg,4,A05_18_08_W_roh_BELLY.jpg,0.9655215740203857
A08_15_19_M_roh_BELLY.jpg,5,A02_03_02_M_roh_BELLY.jpg,0.9647793173789978
A08_15_19_M_roh_BELLY.jpg,6,A01_18_12_M_roh_BELLY.jpg,0.9639804363250732
A08_15_19_M_roh_BELLY.jpg,7,A04_03_01_W_roh_BELLY.jpg,0.9628316164016724
A08_15_19_M_roh_BELLY.jpg,8,A04_15_05_W_roh_BELLY.jpg,0.9610437154769897
A08_15_19_M_roh_BELLY.jpg,9,A08_15_04_M_roh_BELLY.jpg,0.9605569243431091
A08_15_19_M_roh_BELLY.jpg,10,A03_18_06_W_roh_BELLY.jpg,0.9595578908920288
A08_15_19_M_roh_BELLY.jpg,11,A02_06_04_M_roh_BELLY.jpg,0.9593664407730103
A08_15_19_M_roh_BELLY.jpg,12,A08_18_05_W_roh_BELLY.jpg,0.959007740020752
A08_15_19_M_roh_BELLY.jpg,13,A07_18_01_W_roh_BELLY.jpg,0.9585524797439575
A08_15_19_M_roh_BELLY.jpg,14,A08_18_19_W_roh_BELLY.jpg,0.9562021493911743
A08_15_19_M_roh_BELLY.jpg,15,IMG-20250910-WA0018_BELLY.jpg,0.9552614092826843
A08_15_19_M_roh_BELLY.jpg,16,A02_06_06_M_roh_BELLY.jpg,0.954312801361084
A08_15_19_M_roh_BELLY.jpg,17,AT01_03_02_W_roh_BELLY.jpg,0.9538847804069519
A08_15_19_M_roh_BELLY.jpg,18,A01_15_06_W_roh_BELLY.jpg,0.9527591466903687
A08_15_19_M_roh_BELLY.jpg,19,A04_15_06_M_roh_BELLY.jpg,0.9515251517295837
A08_15_19_M_roh_BELLY.jpg,20,A08_15_06_W_roh_BELLY.jpg,0.9514742493629456
A08_15_21_M_roh_BELLY.jpg,1,A06_15_03_W_roh_BELLY.jpg,0.9597285389900208
A08_15_21_M_roh_BELLY.jpg,2,A04_15_03_M_roh_BELLY.jpg,0.956397294998169
A08_15_21_M_roh_BELLY.jpg,3,A08_18_22_W_roh_BELLY.jpg,0.9492267370223999
A08_15_21_M_roh_BELLY.jpg,4,IMG-20250910-WA0063_BELLY.jpg,0.9473351240158081
A08_15_21_M_roh_BELLY.jpg,5,IMG-20250910-WA0017_BELLY.jpg,0.9463683366775513
A08_15_21_M_roh_BELLY.jpg,6,A08_18_18_W_roh_BELLY.jpg,0.9457865953445435
A08_15_21_M_roh_BELLY.jpg,7,A04_06_01_M_roh_BELLY.jpg,0.9447871446609497
A08_15_21_M_roh_BELLY.jpg,8,A01_15_06_W_roh_BELLY.jpg,0.9431796073913574
A08_15_21_M_roh_BELLY.jpg,9,A04_15_06_M_roh_BELLY.jpg,0.9423729181289673
A08_15_21_M_roh_BELLY.jpg,10,A08_18_08_M_roh_BELLY.jpg,0.9421206116676331
A08_15_21_M_roh_BELLY.jpg,11,A01_12_01_M_roh_BELLY.jpg,0.9408608078956604
A08_15_21_M_roh_BELLY.jpg,12,A08_18_19_W_roh_BELLY.jpg,0.9392913579940796
A08_15_21_M_roh_BELLY.jpg,13,A04_03_01_W_roh_BELLY.jpg,0.9387156367301941
A08_15_21_M_roh_BELLY.jpg,14,A05_12_03_W_roh_BELLY.jpg,0.9383636713027954
A08_15_21_M_roh_BELLY.jpg,15,A08_12_13_W_roh_BELLY.jpg,0.9372230768203735
A08_15_21_M_roh_BELLY.jpg,16,A01_18_03_W_roh_BELLY.jpg,0.9369499087333679
A08_15_21_M_roh_BELLY.jpg,17,A02_06_03_M_roh_BELLY.jpg,0.9362769722938538
A08_15_21_M_roh_BELLY.jpg,18,IMG-20250919-WA0014_BELLY.jpg,0.9348775148391724
A08_15_21_M_roh_BELLY.jpg,19,A03_18_06_W_roh_BELLY.jpg,0.9340851902961731
A08_15_21_M_roh_BELLY.jpg,20,IMG-20250910-WA0016_BELLY.jpg,0.9339825510978699
A08_17_17_W_roh_BELLY.jpg,1,A04_17_02_W_roh_BELLY.jpg,0.9604048728942871
A08_17_17_W_roh_BELLY.jpg,2,IMG-20250717-WA0011_BELLY.jpg,0.950177013874054
A08_17_17_W_roh_BELLY.jpg,3,A08_15_04_M_roh_BELLY.jpg,0.9497722387313843
A08_17_17_W_roh_BELLY.jpg,4,IMG-20250919-WA0019_BELLY.jpg,0.946997880935669
A08_17_17_W_roh_BELLY.jpg,5,IMG-20250717-WA0013_BELLY.jpg,0.9467320442199707
A08_17_17_W_roh_BELLY.jpg,6,IMG-20250910-WA0022_BELLY.jpg,0.9424163699150085
A08_17_17_W_roh_BELLY.jpg,7,A06_17_02_W__roh_BELLY.jpg,0.9416883587837219
A08_17_17_W_roh_BELLY.jpg,8,A03_18_07_M_roh_BELLY.jpg,0.9385814070701599
A08_17_17_W_roh_BELLY.jpg,9,A07_17_06_W_roh_BELLY.jpg,0.9374908208847046
A08_17_17_W_roh_BELLY.jpg,10,A01_18_04_M_roh_BELLY.jpg,0.9372886419296265
A08_17_17_W_roh_BELLY.jpg,11,A07_08_04_M_roh_BELLY.jpg,0.9372459650039673
A08_17_17_W_roh_BELLY.jpg,12,A03_15_06_W_roh_BELLY.jpg,0.936203122138977
A08_17_17_W_roh_BELLY.jpg,13,IMG-20250910-WA0030_BELLY.jpg,0.9357244968414307
A08_17_17_W_roh_BELLY.jpg,14,IMG-20250919-WA0012_BELLY.jpg,0.9346908330917358
A08_17_17_W_roh_BELLY.jpg,15,A07_18_01_W_roh_BELLY.jpg,0.9344871044158936
A08_17_17_W_roh_BELLY.jpg,16,A08_15_19_M_roh_BELLY.jpg,0.9330899715423584
A08_17_17_W_roh_BELLY.jpg,17,A06_03_02_W_roh_BELLY.jpg,0.932852029800415
A08_17_17_W_roh_BELLY.jpg,18,A03_12_01_M_roh_BELLY.jpg,0.9327038526535034
A08_17_17_W_roh_BELLY.jpg,19,A01_18_12_M_roh_BELLY.jpg,0.9317173957824707
A08_17_17_W_roh_BELLY.jpg,20,A07_17_03_W_roh_BELLY.jpg,0.9316049814224243
A08_18_01_M_roh_BELLY.jpg,1,A01_18_04_M_roh_BELLY.jpg,0.9641207456588745
A08_18_01_M_roh_BELLY.jpg,2,A01_18_02_M_roh_BELLY.jpg,0.95936119556427
A08_18_01_M_roh_BELLY.jpg,3,A03_15_04_W_roh_BELLY.jpg,0.9579653739929199
A08_18_01_M_roh_BELLY.jpg,4,A08_18_03_W_roh_BELLY.jpg,0.9551784992218018
A08_18_01_M_roh_BELLY.jpg,5,A08_18_12_W_roh_BELLY.jpg,0.9539132714271545
A08_18_01_M_roh_BELLY.jpg,6,A08_18_21_M_roh_BELLY.jpg,0.9522707462310791
A08_18_01_M_roh_BELLY.jpg,7,A03_15_06_W_roh_BELLY.jpg,0.9460685849189758
A08_18_01_M_roh_BELLY.jpg,8,A01_18_12_M_roh_BELLY.jpg,0.946042001247406
A08_18_01_M_roh_BELLY.jpg,9,IMG_20250717_111635_BELLY.jpg,0.944645881652832
A08_18_01_M_roh_BELLY.jpg,10,IMG-20250919-WA0019_BELLY.jpg,0.9442227482795715
A08_18_01_M_roh_BELLY.jpg,11,A06_15_02_W_roh_BELLY.jpg,0.9441003203392029
A08_18_01_M_roh_BELLY.jpg,12,A01_18_05_W_roh_BELLY.jpg,0.9431614279747009
A08_18_01_M_roh_BELLY.jpg,13,A01_18_07_W_roh_BELLY.jpg,0.9420514702796936
A08_18_01_M_roh_BELLY.jpg,14,A04_15_06_M_roh_BELLY.jpg,0.9416636824607849
A08_18_01_M_roh_BELLY.jpg,15,A08_18_20_W_roh_BELLY.jpg,0.9410675168037415
A08_18_01_M_roh_BELLY.jpg,16,IMG-20250919-WA0020_BELLY.jpg,0.939906120300293
A08_18_01_M_roh_BELLY.jpg,17,A06_03_02_W_roh_BELLY.jpg,0.9395685195922852
A08_18_01_M_roh_BELLY.jpg,18,AT01_03_01_W_roh_BELLY.jpg,0.9391704797744751
A08_18_01_M_roh_BELLY.jpg,19,IMG-20250910-WA0062_BELLY.jpg,0.9371525049209595
A08_18_01_M_roh_BELLY.jpg,20,A07_18_01_W_roh_BELLY.jpg,0.9367790818214417
A08_18_02_W_roh_BELLY.jpg,1,A01_18_12_M_roh_BELLY.jpg,0.9656544923782349
A08_18_02_W_roh_BELLY.jpg,2,A08_18_05_W_roh_BELLY.jpg,0.9588298201560974
A08_18_02_W_roh_BELLY.jpg,3,IMG-20250910-WA0018_BELLY.jpg,0.957904577255249
A08_18_02_W_roh_BELLY.jpg,4,A08_18_18_W_roh_BELLY.jpg,0.956790030002594
A08_18_02_W_roh_BELLY.jpg,5,A08_18_22_W_roh_BELLY.jpg,0.952491283416748
A08_18_02_W_roh_BELLY.jpg,6,IMG-20250910-WA0022_BELLY.jpg,0.9500775933265686
A08_18_02_W_roh_BELLY.jpg,7,A07_18_01_W_roh_BELLY.jpg,0.9500186443328857
A08_18_02_W_roh_BELLY.jpg,8,A04_15_06_M_roh_BELLY.jpg,0.9492174386978149
A08_18_02_W_roh_BELLY.jpg,9,A02_03_02_M_roh_BELLY.jpg,0.9484484195709229
A08_18_02_W_roh_BELLY.jpg,10,A05_18_06_W_roh_BELLY.jpg,0.94814133644104
A08_18_02_W_roh_BELLY.jpg,11,A08_15_05_M_roh_BELLY.jpg,0.947776198387146
A08_18_02_W_roh_BELLY.jpg,12,A08_15_04_M_roh_BELLY.jpg,0.9472237229347229
A08_18_02_W_roh_BELLY.jpg,13,IMG-20250910-WA0030_BELLY.jpg,0.9461666345596313
A08_18_02_W_roh_BELLY.jpg,14,A08_18_17_W_roh_BELLY.jpg,0.943564772605896
A08_18_02_W_roh_BELLY.jpg,15,A01_18_04_M_roh_BELLY.jpg,0.9425290822982788
A08_18_02_W_roh_BELLY.jpg,16,A08_18_19_W_roh_BELLY.jpg,0.9425066709518433
A08_18_02_W_roh_BELLY.jpg,17,A08_18_20_W_roh_BELLY.jpg,0.9423704743385315
A08_18_02_W_roh_BELLY.jpg,18,A06_18_04_W_roh_BELLY.jpg,0.9413228034973145
A08_18_02_W_roh_BELLY.jpg,19,A01_15_06_W_roh_BELLY.jpg,0.9400098323822021
A08_18_02_W_roh_BELLY.jpg,20,A05_18_07_W_roh_BELLY.jpg,0.9398492574691772
A08_18_03_W_roh_BELLY.jpg,1,A08_18_21_M_roh_BELLY.jpg,0.9576285481452942
A08_18_03_W_roh_BELLY.jpg,2,A03_15_04_W_roh_BELLY.jpg,0.9569835662841797
A08_18_03_W_roh_BELLY.jpg,3,A08_18_01_M_roh_BELLY.jpg,0.9551784992218018
A08_18_03_W_roh_BELLY.jpg,4,AT01_03_01_W_roh_BELLY.jpg,0.9502881765365601
A08_18_03_W_roh_BELLY.jpg,5,A01_18_02_M_roh_BELLY.jpg,0.9486420154571533
A08_18_03_W_roh_BELLY.jpg,6,A03_15_06_W_roh_BELLY.jpg,0.9463169574737549
A08_18_03_W_roh_BELLY.jpg,7,A03_18_07_M_roh_BELLY.jpg,0.943631112575531
A08_18_03_W_roh_BELLY.jpg,8,IMG_20250717_111635_BELLY.jpg,0.9395010471343994
A08_18_03_W_roh_BELLY.jpg,9,A08_18_12_W_roh_BELLY.jpg,0.9385999441146851
A08_18_03_W_roh_BELLY.jpg,10,A01_18_04_M_roh_BELLY.jpg,0.9383836388587952
A08_18_03_W_roh_BELLY.jpg,11,A01_18_05_W_roh_BELLY.jpg,0.9374118447303772
A08_18_03_W_roh_BELLY.jpg,12,A01_18_07_W_roh_BELLY.jpg,0.9370626211166382
A08_18_03_W_roh_BELLY.jpg,13,IMG_20250717_113844_BELLY.jpg,0.9363830089569092
A08_18_03_W_roh_BELLY.jpg,14,A06_03_02_W_roh_BELLY.jpg,0.9351712465286255
A08_18_03_W_roh_BELLY.jpg,15,A08_15_04_M_roh_BELLY.jpg,0.9350911378860474
A08_18_03_W_roh_BELLY.jpg,16,IMG_20250515_113414_BELLY.jpg,0.9334673881530762
A08_18_03_W_roh_BELLY.jpg,17,A06_15_02_W_roh_BELLY.jpg,0.9330207109451294
A08_18_03_W_roh_BELLY.jpg,18,A08_18_06_W_roh_BELLY.jpg,0.9329825639724731
A08_18_03_W_roh_BELLY.jpg,19,A01_15_07_W_roh_BELLY.jpg,0.9327234625816345
A08_18_03_W_roh_BELLY.jpg,20,IMG-20250919-WA0019_BELLY.jpg,0.9321359395980835
A08_18_04_W_roh_BELLY.jpg,1,A08_15_05_M_roh_BELLY.jpg,0.9645171165466309
A08_18_04_W_roh_BELLY.jpg,2,A08_18_10_W_roh_BELLY.jpg,0.9555296897888184
A08_18_04_W_roh_BELLY.jpg,3,A05_18_06_W_roh_BELLY.jpg,0.9504754543304443
A08_18_04_W_roh_BELLY.jpg,4,A08_12_15_W_roh_BELLY.jpg,0.9498648643493652
A08_18_04_W_roh_BELLY.jpg,5,A05_18_07_W_roh_BELLY.jpg,0.9443105459213257
A08_18_04_W_roh_BELLY.jpg,6,A08_18_13_W_roh_BELLY.jpg,0.942133903503418
A08_18_04_W_roh_BELLY.jpg,7,A04_15_05_W_roh_BELLY.jpg,0.9416353106498718
A08_18_04_W_roh_BELLY.jpg,8,A07_18_01_W_roh_BELLY.jpg,0.9416285157203674
A08_18_04_W_roh_BELLY.jpg,9,A08_18_05_W_roh_BELLY.jpg,0.9414979219436646
A08_18_04_W_roh_BELLY.jpg,10,AT01_03_02_W_roh_BELLY.jpg,0.9391266107559204
A08_18_04_W_roh_BELLY.jpg,11,A02_03_02_M_roh_BELLY.jpg,0.9350259304046631
A08_18_04_W_roh_BELLY.jpg,12,A08_06_10_M_roh_BELLY.jpg,0.932964563369751
A08_18_04_W_roh_BELLY.jpg,13,A08_15_14_W_roh_BELLY.jpg,0.9324159026145935
A08_18_04_W_roh_BELLY.jpg,14,A08_18_19_W_roh_BELLY.jpg,0.9320310354232788
A08_18_04_W_roh_BELLY.jpg,15,A05_18_08_W_roh_BELLY.jpg,0.9317376613616943
A08_18_04_W_roh_BELLY.jpg,16,A01_18_12_M_roh_BELLY.jpg,0.9311501383781433
A08_18_04_W_roh_BELLY.jpg,17,A08_18_22_W_roh_BELLY.jpg,0.930335283279419
A08_18_04_W_roh_BELLY.jpg,18,A02_06_06_M_roh_BELLY.jpg,0.9295855760574341
A08_18_04_W_roh_BELLY.jpg,19,A08_15_04_M_roh_BELLY.jpg,0.9294412136077881
A08_18_04_W_roh_BELLY.jpg,20,A04_03_01_W_roh_BELLY.jpg,0.9291163086891174
A08_18_05_W_roh_BELLY.jpg,1,A01_18_12_M_roh_BELLY.jpg,0.9712250232696533
A08_18_05_W_roh_BELLY.jpg,2,A07_18_01_W_roh_BELLY.jpg,0.9664003252983093
A08_18_05_W_roh_BELLY.jpg,3,A08_18_22_W_roh_BELLY.jpg,0.966339111328125
A08_18_05_W_roh_BELLY.jpg,4,A01_15_06_W_roh_BELLY.jpg,0.966042697429657
A08_18_05_W_roh_BELLY.jpg,5,A05_18_06_W_roh_BELLY.jpg,0.9659488201141357
A08_18_05_W_roh_BELLY.jpg,6,A08_15_05_M_roh_BELLY.jpg,0.9651060104370117
A08_18_05_W_roh_BELLY.jpg,7,A04_03_01_W_roh_BELLY.jpg,0.9640882015228271
A08_18_05_W_roh_BELLY.jpg,8,IMG-20250910-WA0018_BELLY.jpg,0.9639877080917358
A08_18_05_W_roh_BELLY.jpg,9,A08_15_04_M_roh_BELLY.jpg,0.9632706046104431
A08_18_05_W_roh_BELLY.jpg,10,AT01_03_02_W_roh_BELLY.jpg,0.9624084234237671
A08_18_05_W_roh_BELLY.jpg,11,A05_18_07_W_roh_BELLY.jpg,0.9617594480514526
A08_18_05_W_roh_BELLY.jpg,12,A04_15_06_M_roh_BELLY.jpg,0.9615316390991211
A08_18_05_W_roh_BELLY.jpg,13,A03_18_06_W_roh_BELLY.jpg,0.9599639177322388
A08_18_05_W_roh_BELLY.jpg,14,IMG-20250910-WA0016_BELLY.jpg,0.9592642188072205
A08_18_05_W_roh_BELLY.jpg,15,A08_15_19_M_roh_BELLY.jpg,0.959007740020752
A08_18_05_W_roh_BELLY.jpg,16,A08_18_02_W_roh_BELLY.jpg,0.9588298201560974
A08_18_05_W_roh_BELLY.jpg,17,A08_18_10_W_roh_BELLY.jpg,0.9587969779968262
A08_18_05_W_roh_BELLY.jpg,18,A08_18_14_M_roh_BELLY.jpg,0.9584850668907166
A08_18_05_W_roh_BELLY.jpg,19,A05_18_08_W_roh_BELLY.jpg,0.9581565856933594
A08_18_05_W_roh_BELLY.jpg,20,A08_18_19_W_roh_BELLY.jpg,0.9572910070419312
A08_18_06_W_roh_BELLY.jpg,1,A05_18_04_W_roh_BELLY.jpg,0.965225338935852
A08_18_06_W_roh_BELLY.jpg,2,A08_15_04_M_roh_BELLY.jpg,0.9606125950813293
A08_18_06_W_roh_BELLY.jpg,3,A08_18_14_M_roh_BELLY.jpg,0.9605018496513367
A08_18_06_W_roh_BELLY.jpg,4,A08_18_20_W_roh_BELLY.jpg,0.9603272080421448
A08_18_06_W_roh_BELLY.jpg,5,A08_18_12_W_roh_BELLY.jpg,0.9593584537506104
A08_18_06_W_roh_BELLY.jpg,6,A08_18_21_M_roh_BELLY.jpg,0.9590969085693359
A08_18_06_W_roh_BELLY.jpg,7,A03_18_07_M_roh_BELLY.jpg,0.9565695524215698
A08_18_06_W_roh_BELLY.jpg,8,A08_18_23_W_roh_BELLY.jpg,0.9556229114532471
A08_18_06_W_roh_BELLY.jpg,9,A04_15_06_M_roh_BELLY.jpg,0.9545964598655701
A08_18_06_W_roh_BELLY.jpg,10,A01_18_12_M_roh_BELLY.jpg,0.9543691873550415
A08_18_06_W_roh_BELLY.jpg,11,A05_18_07_W_roh_BELLY.jpg,0.9538384675979614
A08_18_06_W_roh_BELLY.jpg,12,A01_15_01_W_roh_BELLY.jpg,0.9523357152938843
A08_18_06_W_roh_BELLY.jpg,13,A01_15_06_W_roh_BELLY.jpg,0.9509850144386292
A08_18_06_W_roh_BELLY.jpg,14,A01_18_04_M_roh_BELLY.jpg,0.9495086073875427
A08_18_06_W_roh_BELLY.jpg,15,A07_18_01_W_roh_BELLY.jpg,0.9488827586174011
A08_18_06_W_roh_BELLY.jpg,16,A06_03_01_M_roh_BELLY.jpg,0.948780357837677
A08_18_06_W_roh_BELLY.jpg,17,A01_15_03_W_roh_BELLY.jpg,0.9486218690872192
A08_18_06_W_roh_BELLY.jpg,18,A05_18_08_W_roh_BELLY.jpg,0.9471970796585083
A08_18_06_W_roh_BELLY.jpg,19,A08_18_05_W_roh_BELLY.jpg,0.946577787399292
A08_18_06_W_roh_BELLY.jpg,20,A08_15_05_M_roh_BELLY.jpg,0.9461089372634888
A08_18_08_M_roh_BELLY.jpg,1,A08_15_07_W_roh_BELLY.jpg,0.9527676105499268
A08_18_08_M_roh_BELLY.jpg,2,IMG-20250626-WA0004_BELLY.jpg,0.9485667943954468
A08_18_08_M_roh_BELLY.jpg,3,A04_15_06_M_roh_BELLY.jpg,0.9472489356994629
A08_18_08_M_roh_BELLY.jpg,4,A08_15_17_M_roh_BELLY.jpg,0.9435621500015259
A08_18_08_M_roh_BELLY.jpg,5,A01_18_01_W_roh_BELLY.jpg,0.9431576728820801
A08_18_08_M_roh_BELLY.jpg,6,A08_15_21_M_roh_BELLY.jpg,0.9421206116676331
A08_18_08_M_roh_BELLY.jpg,7,A04_15_03_M_roh_BELLY.jpg,0.9419834017753601
A08_18_08_M_roh_BELLY.jpg,8,IMG_20250501_133055_BELLY.jpg,0.941116988658905
A08_18_08_M_roh_BELLY.jpg,9,A08_18_21_M_roh_BELLY.jpg,0.9398653507232666
A08_18_08_M_roh_BELLY.jpg,10,A08_18_23_W_roh_BELLY.jpg,0.9390349388122559
A08_18_08_M_roh_BELLY.jpg,11,A05_15_03_W_roh_BELLY.jpg,0.9389920234680176
A08_18_08_M_roh_BELLY.jpg,12,A01_12_01_M_roh_BELLY.jpg,0.9378719329833984
A08_18_08_M_roh_BELLY.jpg,13,A05_18_04_W_roh_BELLY.jpg,0.9375656247138977
A08_18_08_M_roh_BELLY.jpg,14,IMG-20250626-WA0002_BELLY.jpg,0.9374960064888
A08_18_08_M_roh_BELLY.jpg,15,IMG_20250717_113844_BELLY.jpg,0.9367757439613342
A08_18_08_M_roh_BELLY.jpg,16,IMG-20250910-WA0025_BELLY.jpg,0.9361874461174011
A08_18_08_M_roh_BELLY.jpg,17,IMG-20250626-WA0024_BELLY.jpg,0.9355819821357727
A08_18_08_M_roh_BELLY.jpg,18,A08_18_20_W_roh_BELLY.jpg,0.9350788593292236
A08_18_08_M_roh_BELLY.jpg,19,A08_18_06_W_roh_BELLY.jpg,0.9339510798454285
A08_18_08_M_roh_BELLY.jpg,20,IMG_20250717_112327_BELLY.jpg,0.933534562587738
A08_18_09_M_roh_BELLY.jpg,1,A04_15_06_M_roh_BELLY.jpg,0.9592694044113159
A08_18_09_M_roh_BELLY.jpg,2,A08_15_17_M_roh_BELLY.jpg,0.9566084146499634
A08_18_09_M_roh_BELLY.jpg,3,A08_18_12_W_roh_BELLY.jpg,0.9561028480529785
A08_18_09_M_roh_BELLY.jpg,4,A08_15_03_W_roh_BELLY.jpg,0.9492034912109375
A08_18_09_M_roh_BELLY.jpg,5,A06_15_03_W_roh_BELLY.jpg,0.9483556747436523
A08_18_09_M_roh_BELLY.jpg,6,A08_18_21_M_roh_BELLY.jpg,0.948349118232727
A08_18_09_M_roh_BELLY.jpg,7,A08_18_18_W_roh_BELLY.jpg,0.945885181427002
A08_18_09_M_roh_BELLY.jpg,8,IMG-20250910-WA0063_BELLY.jpg,0.9455094337463379
A08_18_09_M_roh_BELLY.jpg,9,A06_18_04_W_roh_BELLY.jpg,0.9444571137428284
A08_18_09_M_roh_BELLY.jpg,10,A08_18_20_W_roh_BELLY.jpg,0.942703902721405
A08_18_09_M_roh_BELLY.jpg,11,IMG-20250910-WA0017_BELLY.jpg,0.9422820210456848
A08_18_09_M_roh_BELLY.jpg,12,A03_18_06_W_roh_BELLY.jpg,0.9419763088226318
A08_18_09_M_roh_BELLY.jpg,13,A08_18_22_W_roh_BELLY.jpg,0.9404795169830322
A08_18_09_M_roh_BELLY.jpg,14,A08_15_07_W_roh_BELLY.jpg,0.9401620626449585
A08_18_09_M_roh_BELLY.jpg,15,A04_17_01_W_roh_BELLY.jpg,0.9376173615455627
A08_18_09_M_roh_BELLY.jpg,16,IMG-20250910-WA0029_BELLY.jpg,0.9362145662307739
A08_18_09_M_roh_BELLY.jpg,17,A07_17_03_W_roh_BELLY.jpg,0.9345464706420898
A08_18_09_M_roh_BELLY.jpg,18,IMG-20250626-WA0004_BELLY.jpg,0.9344494342803955
A08_18_09_M_roh_BELLY.jpg,19,A01_18_12_M_roh_BELLY.jpg,0.9338340163230896
A08_18_09_M_roh_BELLY.jpg,20,A07_08_04_M_roh_BELLY.jpg,0.9333184361457825
A08_18_10_W_roh_BELLY.jpg,1,A05_18_06_W_roh_BELLY.jpg,0.9724164009094238
A08_18_10_W_roh_BELLY.jpg,2,A08_15_05_M_roh_BELLY.jpg,0.962651252746582
A08_18_10_W_roh_BELLY.jpg,3,A04_15_05_W_roh_BELLY.jpg,0.9606350660324097
A08_18_10_W_roh_BELLY.jpg,4,A05_18_07_W_roh_BELLY.jpg,0.960135281085968
A08_18_10_W_roh_BELLY.jpg,5,A05_18_05_W_roh_BELLY.jpg,0.9600520133972168
A08_18_10_W_roh_BELLY.jpg,6,A08_18_05_W_roh_BELLY.jpg,0.9587969779968262
A08_18_10_W_roh_BELLY.jpg,7,A05_18_08_W_roh_BELLY.jpg,0.9575622081756592
A08_18_10_W_roh_BELLY.jpg,8,A04_15_06_M_roh_BELLY.jpg,0.9568594694137573
A08_18_10_W_roh_BELLY.jpg,9,A08_18_04_W_roh_BELLY.jpg,0.9555296897888184
A08_18_10_W_roh_BELLY.jpg,10,A03_18_06_W_roh_BELLY.jpg,0.9551398754119873
A08_18_10_W_roh_BELLY.jpg,11,A01_18_12_M_roh_BELLY.jpg,0.9536828398704529
A08_18_10_W_roh_BELLY.jpg,12,A02_03_02_M_roh_BELLY.jpg,0.9523674249649048
A08_18_10_W_roh_BELLY.jpg,13,A08_15_04_M_roh_BELLY.jpg,0.9508745074272156
A08_18_10_W_roh_BELLY.jpg,14,A07_18_01_W_roh_BELLY.jpg,0.9498201608657837
A08_18_10_W_roh_BELLY.jpg,15,AT01_03_02_W_roh_BELLY.jpg,0.9476956129074097
A08_18_10_W_roh_BELLY.jpg,16,A01_15_06_W_roh_BELLY.jpg,0.9471083879470825
A08_18_10_W_roh_BELLY.jpg,17,A01_18_04_M_roh_BELLY.jpg,0.9470223188400269
A08_18_10_W_roh_BELLY.jpg,18,A01_18_03_W_roh_BELLY.jpg,0.9470213651657104
A08_18_10_W_roh_BELLY.jpg,19,A06_03_01_M_roh_BELLY.jpg,0.9468755722045898
A08_18_10_W_roh_BELLY.jpg,20,A08_15_19_M_roh_BELLY.jpg,0.9467050433158875
A08_18_12_W_roh_BELLY.jpg,1,A08_18_21_M_roh_BELLY.jpg,0.9722010493278503
A08_18_12_W_roh_BELLY.jpg,2,A04_15_06_M_roh_BELLY.jpg,0.9635452032089233
A08_18_12_W_roh_BELLY.jpg,3,A08_18_20_W_roh_BELLY.jpg,0.9630895256996155
A08_18_12_W_roh_BELLY.jpg,4,A08_15_17_M_roh_BELLY.jpg,0.9604730010032654
A08_18_12_W_roh_BELLY.jpg,5,A08_18_06_W_roh_BELLY.jpg,0.9593584537506104
A08_18_12_W_roh_BELLY.jpg,6,A08_18_09_M_roh_BELLY.jpg,0.9561028480529785
A08_18_12_W_roh_BELLY.jpg,7,A08_18_14_M_roh_BELLY.jpg,0.9558404088020325
A08_18_12_W_roh_BELLY.jpg,8,A08_15_07_W_roh_BELLY.jpg,0.9556238055229187
A08_18_12_W_roh_BELLY.jpg,9,A01_18_04_M_roh_BELLY.jpg,0.9555120468139648
A08_18_12_W_roh_BELLY.jpg,10,A08_18_01_M_roh_BELLY.jpg,0.9539132714271545
A08_18_12_W_roh_BELLY.jpg,11,A08_15_03_W_roh_BELLY.jpg,0.9506865739822388
A08_18_12_W_roh_BELLY.jpg,12,A05_18_04_W_roh_BELLY.jpg,0.9501289129257202
A08_18_12_W_roh_BELLY.jpg,13,IMG-20250910-WA0064_BELLY.jpg,0.9498009085655212
A08_18_12_W_roh_BELLY.jpg,14,A01_18_12_M_roh_BELLY.jpg,0.9497067928314209
A08_18_12_W_roh_BELLY.jpg,15,A08_15_04_M_roh_BELLY.jpg,0.9483834505081177
A08_18_12_W_roh_BELLY.jpg,16,IMG_20250717_111635_BELLY.jpg,0.9470374584197998
A08_18_12_W_roh_BELLY.jpg,17,A08_18_05_W_roh_BELLY.jpg,0.9468942880630493
A08_18_12_W_roh_BELLY.jpg,18,IMG-20250919-WA0021_BELLY.jpg,0.9461568593978882
A08_18_12_W_roh_BELLY.jpg,19,IMG-20250910-WA0061_BELLY.jpg,0.9460644125938416
A08_18_12_W_roh_BELLY.jpg,20,A08_18_23_W_roh_BELLY.jpg,0.9450007677078247
A08_18_13_W_roh_BELLY.jpg,1,AT01_03_02_W_roh_BELLY.jpg,0.9634893536567688
A08_18_13_W_roh_BELLY.jpg,2,A07_18_01_W_roh_BELLY.jpg,0.963247537612915
A08_18_13_W_roh_BELLY.jpg,3,A08_18_19_W_roh_BELLY.jpg,0.961305558681488
A08_18_13_W_roh_BELLY.jpg,4,A01_18_14_W_roh_BELLY.jpg,0.9594760537147522
A08_18_13_W_roh_BELLY.jpg,5,A04_03_01_W_roh_BELLY.jpg,0.958940863609314
A08_18_13_W_roh_BELLY.jpg,6,A05_18_06_W_roh_BELLY.jpg,0.9570013880729675
A08_18_13_W_roh_BELLY.jpg,7,A05_18_08_W_roh_BELLY.jpg,0.9552531242370605
A08_18_13_W_roh_BELLY.jpg,8,A01_15_06_W_roh_BELLY.jpg,0.9545071125030518
A08_18_13_W_roh_BELLY.jpg,9,A02_06_06_M_roh_BELLY.jpg,0.9541655778884888
A08_18_13_W_roh_BELLY.jpg,10,A08_18_05_W_roh_BELLY.jpg,0.9534802436828613
A08_18_13_W_roh_BELLY.jpg,11,A01_18_12_M_roh_BELLY.jpg,0.9531248211860657
A08_18_13_W_roh_BELLY.jpg,12,A06_12_04_W_roh_BELLY.jpg,0.9529140591621399
A08_18_13_W_roh_BELLY.jpg,13,A04_06_01_M_roh_BELLY.jpg,0.952660322189331
A08_18_13_W_roh_BELLY.jpg,14,A02_06_03_M_roh_BELLY.jpg,0.95213782787323
A08_18_13_W_roh_BELLY.jpg,15,A08_18_17_W_roh_BELLY.jpg,0.9517641067504883
A08_18_13_W_roh_BELLY.jpg,16,A08_18_22_W_roh_BELLY.jpg,0.9506169557571411
A08_18_13_W_roh_BELLY.jpg,17,A08_06_05_SA_roh_BELLY.jpg,0.9501785635948181
A08_18_13_W_roh_BELLY.jpg,18,A04_06_02_M_roh_BELLY.jpg,0.9499037265777588
A08_18_13_W_roh_BELLY.jpg,19,A08_06_10_M_roh_BELLY.jpg,0.9493863582611084
A08_18_13_W_roh_BELLY.jpg,20,A01_06_01_SA_roh_BELLY.jpg,0.9488784670829773
A08_18_14_M_roh_BELLY.jpg,1,A08_18_20_W_roh_BELLY.jpg,0.9723045825958252
A08_18_14_M_roh_BELLY.jpg,2,A05_18_08_W_roh_BELLY.jpg,0.9699035882949829
A08_18_14_M_roh_BELLY.jpg,3,A01_15_03_W_roh_BELLY.jpg,0.9684673547744751
A08_18_14_M_roh_BELLY.jpg,4,A01_15_06_W_roh_BELLY.jpg,0.9656934142112732
A08_18_14_M_roh_BELLY.jpg,5,A01_18_12_M_roh_BELLY.jpg,0.9649820923805237
A08_18_14_M_roh_BELLY.jpg,6,A08_15_04_M_roh_BELLY.jpg,0.9634701013565063
A08_18_14_M_roh_BELLY.jpg,7,AT01_03_02_W_roh_BELLY.jpg,0.9625307321548462
A08_18_14_M_roh_BELLY.jpg,8,A05_18_04_W_roh_BELLY.jpg,0.96055006980896
A08_18_14_M_roh_BELLY.jpg,9,A08_18_06_W_roh_BELLY.jpg,0.9605018496513367
A08_18_14_M_roh_BELLY.jpg,10,A01_15_01_W_roh_BELLY.jpg,0.960499107837677
A08_18_14_M_roh_BELLY.jpg,11,A07_18_01_W_roh_BELLY.jpg,0.9592663049697876
A08_18_14_M_roh_BELLY.jpg,12,A08_18_05_W_roh_BELLY.jpg,0.9584850668907166
A08_18_14_M_roh_BELLY.jpg,13,A08_18_23_W_roh_BELLY.jpg,0.9571682214736938
A08_18_14_M_roh_BELLY.jpg,14,A08_18_12_W_roh_BELLY.jpg,0.9558404088020325
A08_18_14_M_roh_BELLY.jpg,15,A04_15_06_M_roh_BELLY.jpg,0.95540851354599
A08_18_14_M_roh_BELLY.jpg,16,A06_15_03_W_roh_BELLY.jpg,0.9546960592269897
A08_18_14_M_roh_BELLY.jpg,17,A04_06_01_M_roh_BELLY.jpg,0.9538180828094482
A08_18_14_M_roh_BELLY.jpg,18,A01_12_01_M_roh_BELLY.jpg,0.9530338048934937
A08_18_14_M_roh_BELLY.jpg,19,A03_12_02_W_roh_BELLY.jpg,0.9509687423706055
A08_18_14_M_roh_BELLY.jpg,20,A05_18_07_W_roh_BELLY.jpg,0.9507203102111816
A08_18_17_W_roh_BELLY.jpg,1,A08_15_14_W_roh_BELLY.jpg,0.9625847339630127
A08_18_17_W_roh_BELLY.jpg,2,A07_18_01_W_roh_BELLY.jpg,0.9542797803878784
A08_18_17_W_roh_BELLY.jpg,3,A08_12_05_W_roh_BELLY.jpg,0.9530929923057556
A08_18_17_W_roh_BELLY.jpg,4,A08_15_04_M_roh_BELLY.jpg,0.9530759453773499
A08_18_17_W_roh_BELLY.jpg,5,A08_18_19_W_roh_BELLY.jpg,0.9524338245391846
A08_18_17_W_roh_BELLY.jpg,6,A08_18_13_W_roh_BELLY.jpg,0.9517641067504883
A08_18_17_W_roh_BELLY.jpg,7,A01_18_14_W_roh_BELLY.jpg,0.9502178430557251
A08_18_17_W_roh_BELLY.jpg,8,A01_18_12_M_roh_BELLY.jpg,0.9493428468704224
A08_18_17_W_roh_BELLY.jpg,9,A06_15_03_W_roh_BELLY.jpg,0.9491573572158813
A08_18_17_W_roh_BELLY.jpg,10,A06_18_04_W_roh_BELLY.jpg,0.948951780796051
A08_18_17_W_roh_BELLY.jpg,11,A05_18_04_W_roh_BELLY.jpg,0.9487938284873962
A08_18_17_W_roh_BELLY.jpg,12,A03_18_06_W_roh_BELLY.jpg,0.9483337998390198
A08_18_17_W_roh_BELLY.jpg,13,A06_12_04_W_roh_BELLY.jpg,0.9467817544937134
A08_18_17_W_roh_BELLY.jpg,14,A08_18_18_W_roh_BELLY.jpg,0.9467802047729492
A08_18_17_W_roh_BELLY.jpg,15,A01_15_06_W_roh_BELLY.jpg,0.9463160037994385
A08_18_17_W_roh_BELLY.jpg,16,A04_15_06_M_roh_BELLY.jpg,0.945096492767334
A08_18_17_W_roh_BELLY.jpg,17,IMG-20250910-WA0022_BELLY.jpg,0.9450538158416748
A08_18_17_W_roh_BELLY.jpg,18,A08_15_19_M_roh_BELLY.jpg,0.9449940919876099
A08_18_17_W_roh_BELLY.jpg,19,A08_18_22_W_roh_BELLY.jpg,0.9441801905632019
A08_18_17_W_roh_BELLY.jpg,20,A08_18_02_W_roh_BELLY.jpg,0.943564772605896
A08_18_18_W_roh_BELLY.jpg,1,A08_18_22_W_roh_BELLY.jpg,0.9572702646255493
A08_18_18_W_roh_BELLY.jpg,2,A08_18_02_W_roh_BELLY.jpg,0.956790030002594
A08_18_18_W_roh_BELLY.jpg,3,A04_15_06_M_roh_BELLY.jpg,0.9547310471534729
A08_18_18_W_roh_BELLY.jpg,4,IMG-20250910-WA0063_BELLY.jpg,0.9503971338272095
A08_18_18_W_roh_BELLY.jpg,5,IMG-20250910-WA0017_BELLY.jpg,0.9502670764923096
A08_18_18_W_roh_BELLY.jpg,6,IMG-20250910-WA0022_BELLY.jpg,0.9499483108520508
A08_18_18_W_roh_BELLY.jpg,7,A06_15_03_W_roh_BELLY.jpg,0.9497801065444946
A08_18_18_W_roh_BELLY.jpg,8,A08_18_05_W_roh_BELLY.jpg,0.9476099610328674
A08_18_18_W_roh_BELLY.jpg,9,A01_18_12_M_roh_BELLY.jpg,0.9473699331283569
A08_18_18_W_roh_BELLY.jpg,10,A08_18_17_W_roh_BELLY.jpg,0.9467802047729492
A08_18_18_W_roh_BELLY.jpg,11,A08_18_09_M_roh_BELLY.jpg,0.945885181427002
A08_18_18_W_roh_BELLY.jpg,12,A08_15_21_M_roh_BELLY.jpg,0.9457865953445435
A08_18_18_W_roh_BELLY.jpg,13,A06_18_04_W_roh_BELLY.jpg,0.9448407888412476
A08_18_18_W_roh_BELLY.jpg,14,IMG-20250910-WA0018_BELLY.jpg,0.9446524381637573
A08_18_18_W_roh_BELLY.jpg,15,A01_15_06_W_roh_BELLY.jpg,0.9443049430847168
A08_18_18_W_roh_BELLY.jpg,16,A03_18_06_W_roh_BELLY.jpg,0.9435811042785645
A08_18_18_W_roh_BELLY.jpg,17,A08_15_04_M_roh_BELLY.jpg,0.9423238635063171
A08_18_18_W_roh_BELLY.jpg,18,A08_18_20_W_roh_BELLY.jpg,0.9416321516036987
A08_18_18_W_roh_BELLY.jpg,19,IMG-20250910-WA0027_BELLY.jpg,0.9407932758331299
A08_18_18_W_roh_BELLY.jpg,20,A01_18_03_W_roh_BELLY.jpg,0.9396520853042603
A08_18_19_W_roh_BELLY.jpg,1,A07_18_01_W_roh_BELLY.jpg,0.9626121520996094
A08_18_19_W_roh_BELLY.jpg,2,A08_18_13_W_roh_BELLY.jpg,0.961305558681488
A08_18_19_W_roh_BELLY.jpg,3,A01_18_12_M_roh_BELLY.jpg,0.9606984853744507
A08_18_19_W_roh_BELLY.jpg,4,A08_18_22_W_roh_BELLY.jpg,0.9599307775497437
A08_18_19_W_roh_BELLY.jpg,5,AT01_03_02_W_roh_BELLY.jpg,0.9593664407730103
A08_18_19_W_roh_BELLY.jpg,6,A04_03_01_W_roh_BELLY.jpg,0.9590057134628296
A08_18_19_W_roh_BELLY.jpg,7,A08_15_04_M_roh_BELLY.jpg,0.9576149582862854
A08_18_19_W_roh_BELLY.jpg,8,A08_18_05_W_roh_BELLY.jpg,0.9572910070419312
A08_18_19_W_roh_BELLY.jpg,9,A01_15_06_W_roh_BELLY.jpg,0.9567526578903198
A08_18_19_W_roh_BELLY.jpg,10,A08_15_19_M_roh_BELLY.jpg,0.9562021493911743
A08_18_19_W_roh_BELLY.jpg,11,A01_18_03_W_roh_BELLY.jpg,0.955989420413971
A08_18_19_W_roh_BELLY.jpg,12,A06_15_03_W_roh_BELLY.jpg,0.9559288620948792
A08_18_19_W_roh_BELLY.jpg,13,A01_06_01_SA_roh_BELLY.jpg,0.9547834396362305
A08_18_19_W_roh_BELLY.jpg,14,A01_18_14_W_roh_BELLY.jpg,0.9544744491577148
A08_18_19_W_roh_BELLY.jpg,15,A04_15_06_M_roh_BELLY.jpg,0.9537038207054138
A08_18_19_W_roh_BELLY.jpg,16,A04_06_02_M_roh_BELLY.jpg,0.9528030157089233
A08_18_19_W_roh_BELLY.jpg,17,IMG-20250910-WA0016_BELLY.jpg,0.9526612758636475
A08_18_19_W_roh_BELLY.jpg,18,A08_18_17_W_roh_BELLY.jpg,0.9524338245391846
A08_18_19_W_roh_BELLY.jpg,19,A08_06_10_M_roh_BELLY.jpg,0.9522104263305664
A08_18_19_W_roh_BELLY.jpg,20,IMG-20250910-WA0018_BELLY.jpg,0.9518595933914185
A08_18_20_W_roh_BELLY.jpg,1,A08_18_14_M_roh_BELLY.jpg,0.9723045825958252
A08_18_20_W_roh_BELLY.jpg,2,A01_18_12_M_roh_BELLY.jpg,0.9681090116500854
A08_18_20_W_roh_BELLY.jpg,3,A04_15_06_M_roh_BELLY.jpg,0.9666159749031067
A08_18_20_W_roh_BELLY.jpg,4,A08_18_12_W_roh_BELLY.jpg,0.9630895256996155
A08_18_20_W_roh_BELLY.jpg,5,A01_15_06_W_roh_BELLY.jpg,0.9605788588523865
A08_18_20_W_roh_BELLY.jpg,6,A08_18_06_W_roh_BELLY.jpg,0.9603272080421448
A08_18_20_W_roh_BELLY.jpg,7,A05_18_04_W_roh_BELLY.jpg,0.9602413177490234
A08_18_20_W_roh_BELLY.jpg,8,A07_18_01_W_roh_BELLY.jpg,0.9601345062255859
A08_18_20_W_roh_BELLY.jpg,9,A08_15_04_M_roh_BELLY.jpg,0.958547830581665
A08_18_20_W_roh_BELLY.jpg,10,A06_15_03_W_roh_BELLY.jpg,0.9580795168876648
A08_18_20_W_roh_BELLY.jpg,11,A05_18_07_W_roh_BELLY.jpg,0.957314133644104
A08_18_20_W_roh_BELLY.jpg,12,A08_18_05_W_roh_BELLY.jpg,0.9570633172988892
A08_18_20_W_roh_BELLY.jpg,13,A05_18_08_W_roh_BELLY.jpg,0.9561711549758911
A08_18_20_W_roh_BELLY.jpg,14,A08_18_23_W_roh_BELLY.jpg,0.955952525138855
A08_18_20_W_roh_BELLY.jpg,15,A08_15_17_M_roh_BELLY.jpg,0.9525622129440308
A08_18_20_W_roh_BELLY.jpg,16,A06_18_04_W_roh_BELLY.jpg,0.9524705410003662
A08_18_20_W_roh_BELLY.jpg,17,A08_15_07_W_roh_BELLY.jpg,0.9520391225814819
A08_18_20_W_roh_BELLY.jpg,18,A01_15_03_W_roh_BELLY.jpg,0.9501891136169434
A08_18_20_W_roh_BELLY.jpg,19,A01_18_04_M_roh_BELLY.jpg,0.9500157237052917
A08_18_20_W_roh_BELLY.jpg,20,A03_12_01_M_roh_BELLY.jpg,0.9499994516372681
A08_18_21_M_roh_BELLY.jpg,1,A08_18_12_W_roh_BELLY.jpg,0.9722010493278503
A08_18_21_M_roh_BELLY.jpg,2,A04_15_06_M_roh_BELLY.jpg,0.9620623588562012
A08_18_21_M_roh_BELLY.jpg,3,A08_18_06_W_roh_BELLY.jpg,0.9590969085693359
A08_18_21_M_roh_BELLY.jpg,4,A08_18_03_W_roh_BELLY.jpg,0.9576285481452942
A08_18_21_M_roh_BELLY.jpg,5,A03_18_07_M_roh_BELLY.jpg,0.9574686288833618
A08_18_21_M_roh_BELLY.jpg,6,A08_15_07_W_roh_BELLY.jpg,0.9551253318786621
A08_18_21_M_roh_BELLY.jpg,7,A08_15_04_M_roh_BELLY.jpg,0.9529383182525635
A08_18_21_M_roh_BELLY.jpg,8,A08_18_01_M_roh_BELLY.jpg,0.9522707462310791
A08_18_21_M_roh_BELLY.jpg,9,A05_18_05_W_roh_BELLY.jpg,0.9508278369903564
A08_18_21_M_roh_BELLY.jpg,10,A08_15_17_M_roh_BELLY.jpg,0.9504951238632202
A08_18_21_M_roh_BELLY.jpg,11,A05_18_04_W_roh_BELLY.jpg,0.9503376483917236
A08_18_21_M_roh_BELLY.jpg,12,A02_03_01_W_roh_BELLY.jpg,0.9493927955627441
A08_18_21_M_roh_BELLY.jpg,13,A08_18_20_W_roh_BELLY.jpg,0.9488751888275146
A08_18_21_M_roh_BELLY.jpg,14,IMG-20250910-WA0061_BELLY.jpg,0.948768138885498
A08_18_21_M_roh_BELLY.jpg,15,IMG_20250717_111635_BELLY.jpg,0.9483926296234131
A08_18_21_M_roh_BELLY.jpg,16,A08_18_09_M_roh_BELLY.jpg,0.948349118232727
A08_18_21_M_roh_BELLY.jpg,17,IMG_20250717_113844_BELLY.jpg,0.9483016729354858
A08_18_21_M_roh_BELLY.jpg,18,A01_18_04_M_roh_BELLY.jpg,0.9476217031478882
A08_18_21_M_roh_BELLY.jpg,19,A03_18_06_W_roh_BELLY.jpg,0.9466567039489746
A08_18_21_M_roh_BELLY.jpg,20,A08_18_23_W_roh_BELLY.jpg,0.9456060528755188
A08_18_22_W_roh_BELLY.jpg,1,A08_18_05_W_roh_BELLY.jpg,0.966339111328125
A08_18_22_W_roh_BELLY.jpg,2,A06_15_03_W_roh_BELLY.jpg,0.9637693762779236
A08_18_22_W_roh_BELLY.jpg,3,A08_15_04_M_roh_BELLY.jpg,0.9630590677261353
A08_18_22_W_roh_BELLY.jpg,4,A06_18_04_W_roh_BELLY.jpg,0.9619585275650024
A08_18_22_W_roh_BELLY.jpg,5,IMG-20250910-WA0063_BELLY.jpg,0.960232138633728
A08_18_22_W_roh_BELLY.jpg,6,A08_18_19_W_roh_BELLY.jpg,0.9599307775497437
A08_18_22_W_roh_BELLY.jpg,7,A01_18_12_M_roh_BELLY.jpg,0.9596446752548218
A08_18_22_W_roh_BELLY.jpg,8,A04_15_06_M_roh_BELLY.jpg,0.9594080448150635
A08_18_22_W_roh_BELLY.jpg,9,IMG-20250910-WA0017_BELLY.jpg,0.9593324661254883
A08_18_22_W_roh_BELLY.jpg,10,A05_18_07_W_roh_BELLY.jpg,0.9584269523620605
A08_18_22_W_roh_BELLY.jpg,11,A05_18_06_W_roh_BELLY.jpg,0.9579099416732788
A08_18_22_W_roh_BELLY.jpg,12,IMG-20250910-WA0016_BELLY.jpg,0.9575712084770203
A08_18_22_W_roh_BELLY.jpg,13,A08_18_18_W_roh_BELLY.jpg,0.9572702646255493
A08_18_22_W_roh_BELLY.jpg,14,A01_15_06_W_roh_BELLY.jpg,0.9554325938224792
A08_18_22_W_roh_BELLY.jpg,15,IMG-20250910-WA0018_BELLY.jpg,0.9535857439041138
A08_18_22_W_roh_BELLY.jpg,16,A03_18_06_W_roh_BELLY.jpg,0.9534621238708496
A08_18_22_W_roh_BELLY.jpg,17,A07_18_01_W_roh_BELLY.jpg,0.9533356428146362
A08_18_22_W_roh_BELLY.jpg,18,A05_18_04_W_roh_BELLY.jpg,0.9526587724685669
A08_18_22_W_roh_BELLY.jpg,19,A08_18_02_W_roh_BELLY.jpg,0.952491283416748
A08_18_22_W_roh_BELLY.jpg,20,A08_18_13_W_roh_BELLY.jpg,0.9506169557571411
A08_18_23_W_roh_BELLY.jpg,1,A01_12_01_M_roh_BELLY.jpg,0.9616419076919556
A08_18_23_W_roh_BELLY.jpg,2,A05_18_04_W_roh_BELLY.jpg,0.9588717818260193
A08_18_23_W_roh_BELLY.jpg,3,A08_18_14_M_roh_BELLY.jpg,0.9571682214736938
A08_18_23_W_roh_BELLY.jpg,4,A08_18_20_W_roh_BELLY.jpg,0.955952525138855
A08_18_23_W_roh_BELLY.jpg,5,A08_18_06_W_roh_BELLY.jpg,0.9556229114532471
A08_18_23_W_roh_BELLY.jpg,6,A08_15_04_M_roh_BELLY.jpg,0.9528724551200867
A08_18_23_W_roh_BELLY.jpg,7,A03_12_03_M_roh_BELLY.jpg,0.9526088237762451
A08_18_23_W_roh_BELLY.jpg,8,A01_15_03_W_roh_BELLY.jpg,0.9525521993637085
A08_18_23_W_roh_BELLY.jpg,9,A01_18_01_W_roh_BELLY.jpg,0.951693594455719
A08_18_23_W_roh_BELLY.jpg,10,A01_15_01_W_roh_BELLY.jpg,0.9512015581130981
A08_18_23_W_roh_BELLY.jpg,11,A04_15_06_M_roh_BELLY.jpg,0.9509249925613403
A08_18_23_W_roh_BELLY.jpg,12,IMG-20250919-WA0016_BELLY.jpg,0.9505345225334167
A08_18_23_W_roh_BELLY.jpg,13,A05_15_03_W_roh_BELLY.jpg,0.9494231343269348
A08_18_23_W_roh_BELLY.jpg,14,IMG-20250910-WA0061_BELLY.jpg,0.9491298198699951
A08_18_23_W_roh_BELLY.jpg,15,A05_18_06_W_roh_BELLY.jpg,0.948901891708374
A08_18_23_W_roh_BELLY.jpg,16,A01_15_06_W_roh_BELLY.jpg,0.9486051797866821
A08_18_23_W_roh_BELLY.jpg,17,A08_15_07_W_roh_BELLY.jpg,0.9483100175857544
A08_18_23_W_roh_BELLY.jpg,18,A04_06_01_M_roh_BELLY.jpg,0.9474667906761169
A08_18_23_W_roh_BELLY.jpg,19,A08_18_22_W_roh_BELLY.jpg,0.9471778869628906
A08_18_23_W_roh_BELLY.jpg,20,A03_18_07_M_roh_BELLY.jpg,0.9468844532966614
AT01_03_01_W_roh_BELLY.jpg,1,A08_18_03_W_roh_BELLY.jpg,0.9502881765365601
AT01_03_01_W_roh_BELLY.jpg,2,A06_03_02_W_roh_BELLY.jpg,0.9473779201507568
AT01_03_01_W_roh_BELLY.jpg,3,A03_15_06_W_roh_BELLY.jpg,0.9412523508071899
AT01_03_01_W_roh_BELLY.jpg,4,A01_18_02_M_roh_BELLY.jpg,0.9393987059593201
AT01_03_01_W_roh_BELLY.jpg,5,A08_18_01_M_roh_BELLY.jpg,0.9391704797744751
AT01_03_01_W_roh_BELLY.jpg,6,A07_18_03_W_roh_BELLY.jpg,0.93451988697052
AT01_03_01_W_roh_BELLY.jpg,7,IMG-20250919-WA0020_BELLY.jpg,0.9341294169425964
AT01_03_01_W_roh_BELLY.jpg,8,A05_18_05_W_roh_BELLY.jpg,0.9332363605499268
AT01_03_01_W_roh_BELLY.jpg,9,A01_18_07_W_roh_BELLY.jpg,0.9305564165115356
AT01_03_01_W_roh_BELLY.jpg,10,IMG-20250919-WA0019_BELLY.jpg,0.9300970435142517
AT01_03_01_W_roh_BELLY.jpg,11,A01_15_07_W_roh_BELLY.jpg,0.9297612905502319
AT01_03_01_W_roh_BELLY.jpg,12,A03_15_04_W_roh_BELLY.jpg,0.9295005202293396
AT01_03_01_W_roh_BELLY.jpg,13,A01_18_04_M_roh_BELLY.jpg,0.9287047982215881
AT01_03_01_W_roh_BELLY.jpg,14,A01_18_05_W_roh_BELLY.jpg,0.9207246899604797
AT01_03_01_W_roh_BELLY.jpg,15,A06_15_02_W_roh_BELLY.jpg,0.9206238985061646
AT01_03_01_W_roh_BELLY.jpg,16,A08_15_04_M_roh_BELLY.jpg,0.9205818176269531
AT01_03_01_W_roh_BELLY.jpg,17,A02_03_01_W_roh_BELLY.jpg,0.9204965829849243
AT01_03_01_W_roh_BELLY.jpg,18,A08_17_17_W_roh_BELLY.jpg,0.9189331531524658
AT01_03_01_W_roh_BELLY.jpg,19,A08_18_21_M_roh_BELLY.jpg,0.917998731136322
AT01_03_01_W_roh_BELLY.jpg,20,A03_18_07_M_roh_BELLY.jpg,0.9149534106254578
AT01_03_02_W_roh_BELLY.jpg,1,A04_03_01_W_roh_BELLY.jpg,0.9707168340682983
AT01_03_02_W_roh_BELLY.jpg,2,A01_15_06_W_roh_BELLY.jpg,0.9637322425842285
AT01_03_02_W_roh_BELLY.jpg,3,A08_18_13_W_roh_BELLY.jpg,0.9634893536567688
AT01_03_02_W_roh_BELLY.jpg,4,A08_18_14_M_roh_BELLY.jpg,0.9625307321548462
AT01_03_02_W_roh_BELLY.jpg,5,A08_18_05_W_roh_BELLY.jpg,0.9624084234237671
AT01_03_02_W_roh_BELLY.jpg,6,A07_18_01_W_roh_BELLY.jpg,0.9602838158607483
AT01_03_02_W_roh_BELLY.jpg,7,A08_18_19_W_roh_BELLY.jpg,0.9593664407730103
AT01_03_02_W_roh_BELLY.jpg,8,A05_18_08_W_roh_BELLY.jpg,0.9575793147087097
AT01_03_02_W_roh_BELLY.jpg,9,A01_18_12_M_roh_BELLY.jpg,0.957565188407898
AT01_03_02_W_roh_BELLY.jpg,10,IMG-20250910-WA0016_BELLY.jpg,0.9571493268013
AT01_03_02_W_roh_BELLY.jpg,11,A05_18_06_W_roh_BELLY.jpg,0.9560060501098633
AT01_03_02_W_roh_BELLY.jpg,12,A08_15_05_M_roh_BELLY.jpg,0.9558761119842529
AT01_03_02_W_roh_BELLY.jpg,13,A08_06_08_W_roh_BELLY.jpg,0.955140233039856
AT01_03_02_W_roh_BELLY.jpg,14,A08_06_05_SA_roh_BELLY.jpg,0.9539365768432617
AT01_03_02_W_roh_BELLY.jpg,15,A08_15_19_M_roh_BELLY.jpg,0.9538847804069519
AT01_03_02_W_roh_BELLY.jpg,16,A02_06_04_M_roh_BELLY.jpg,0.95176100730896
AT01_03_02_W_roh_BELLY.jpg,17,A08_15_04_M_roh_BELLY.jpg,0.9514434337615967
AT01_03_02_W_roh_BELLY.jpg,18,A04_06_01_M_roh_BELLY.jpg,0.9498772621154785
AT01_03_02_W_roh_BELLY.jpg,19,A04_06_02_M_roh_BELLY.jpg,0.9486743211746216
AT01_03_02_W_roh_BELLY.jpg,20,A01_18_03_W_roh_BELLY.jpg,0.9477044343948364
AT01_06_03_W_roh_BELLY.jpg,1,A02_06_06_M_roh_BELLY.jpg,0.9780269861221313
AT01_06_03_W_roh_BELLY.jpg,2,A04_06_02_M_roh_BELLY.jpg,0.9750124216079712
AT01_06_03_W_roh_BELLY.jpg,3,A02_06_03_M_roh_BELLY.jpg,0.9669866561889648
AT01_06_03_W_roh_BELLY.jpg,4,A08_06_08_W_roh_BELLY.jpg,0.9620925188064575
AT01_06_03_W_roh_BELLY.jpg,5,A01_06_01_SA_roh_BELLY.jpg,0.9605017900466919
AT01_06_03_W_roh_BELLY.jpg,6,A08_06_10_M_roh_BELLY.jpg,0.9601089954376221
AT01_06_03_W_roh_BELLY.jpg,7,A02_06_07_M_roh_BELLY.jpg,0.9590164422988892
AT01_06_03_W_roh_BELLY.jpg,8,A08_06_05_SA_roh_BELLY.jpg,0.9578123092651367
AT01_06_03_W_roh_BELLY.jpg,9,A02_06_04_M_roh_BELLY.jpg,0.9574081897735596
AT01_06_03_W_roh_BELLY.jpg,10,A04_06_01_M_roh_BELLY.jpg,0.9522074460983276
AT01_06_03_W_roh_BELLY.jpg,11,A04_03_01_W_roh_BELLY.jpg,0.9494681358337402
AT01_06_03_W_roh_BELLY.jpg,12,A08_18_13_W_roh_BELLY.jpg,0.9488482475280762
AT01_06_03_W_roh_BELLY.jpg,13,AT01_03_02_W_roh_BELLY.jpg,0.9441394805908203
AT01_06_03_W_roh_BELLY.jpg,14,A04_12_04_W_roh_BELLY.jpg,0.9441277980804443
AT01_06_03_W_roh_BELLY.jpg,15,A01_18_14_W_roh_BELLY.jpg,0.9439657926559448
AT01_06_03_W_roh_BELLY.jpg,16,A08_15_19_M_roh_BELLY.jpg,0.9432092905044556
AT01_06_03_W_roh_BELLY.jpg,17,A08_18_19_W_roh_BELLY.jpg,0.9416552186012268
AT01_06_03_W_roh_BELLY.jpg,18,A05_18_08_W_roh_BELLY.jpg,0.9390108585357666
AT01_06_03_W_roh_BELLY.jpg,19,A08_15_04_M_roh_BELLY.jpg,0.9388541579246521
AT01_06_03_W_roh_BELLY.jpg,20,A05_21_01_W_roh_BELLY.jpg,0.9369454979896545
IMG-20250607-WA0003_BELLY.jpg,1,IMG_20250717_111215_BELLY.jpg,0.9620331525802612
IMG-20250607-WA0003_BELLY.jpg,2,IMG-20250626-WA0009_BELLY.jpg,0.9567238688468933
IMG-20250607-WA0003_BELLY.jpg,3,IMG-20250626-WA0014_BELLY.jpg,0.954045295715332
IMG-20250607-WA0003_BELLY.jpg,4,IMG_20250717_123430_BELLY.jpg,0.952824592590332
IMG-20250607-WA0003_BELLY.jpg,5,IMG_20250717_104317_BELLY.jpg,0.9519330263137817
IMG-20250607-WA0003_BELLY.jpg,6,IMG-20250919-WA0021_BELLY.jpg,0.9506063461303711
IMG-20250607-WA0003_BELLY.jpg,7,IMG-20250607-WA0006_BELLY.jpg,0.9478285312652588
IMG-20250607-WA0003_BELLY.jpg,8,IMG_20250717_113844_BELLY.jpg,0.9467875361442566
IMG-20250607-WA0003_BELLY.jpg,9,IMG_20250501_132115_BELLY.jpg,0.9464914798736572
IMG-20250607-WA0003_BELLY.jpg,10,IMG-20250626-WA0004_BELLY.jpg,0.9459109306335449
IMG-20250607-WA0003_BELLY.jpg,11,IMG_20250717_111635_BELLY.jpg,0.9455687999725342
IMG-20250607-WA0003_BELLY.jpg,12,IMG-20250626-WA0002_BELLY.jpg,0.9450711011886597
IMG-20250607-WA0003_BELLY.jpg,13,IMG-20250626-WA0015_BELLY.jpg,0.9450031518936157
IMG-20250607-WA0003_BELLY.jpg,14,IMG-20250919-WA0012_BELLY.jpg,0.9439053535461426
IMG-20250607-WA0003_BELLY.jpg,15,IMG-20250626-WA0024_BELLY.jpg,0.9418617486953735
IMG-20250607-WA0003_BELLY.jpg,16,IMG_20250717_123656_BELLY.jpg,0.9414669871330261
IMG-20250607-WA0003_BELLY.jpg,17,IMG-20250626-WA0003_BELLY.jpg,0.940422534942627
IMG-20250607-WA0003_BELLY.jpg,18,IMG-20250919-WA0016_BELLY.jpg,0.9401475787162781
IMG-20250607-WA0003_BELLY.jpg,19,IMG-20250626-WA0011_BELLY.jpg,0.9394001960754395
IMG-20250607-WA0003_BELLY.jpg,20,IMG_20250501_132350_BELLY.jpg,0.9387245774269104
IMG-20250607-WA0006_BELLY.jpg,1,IMG_20250717_104652_BELLY.jpg,0.9595252275466919
IMG-20250607-WA0006_BELLY.jpg,2,IMG-20250626-WA0011_BELLY.jpg,0.9595135450363159
IMG-20250607-WA0006_BELLY.jpg,3,IMG-20250626-WA0024_BELLY.jpg,0.9559410810470581
IMG-20250607-WA0006_BELLY.jpg,4,IMG_20250501_133055_BELLY.jpg,0.9543106555938721
IMG-20250607-WA0006_BELLY.jpg,5,IMG-20250607-WA0003_BELLY.jpg,0.9478285312652588
IMG-20250607-WA0006_BELLY.jpg,6,IMG-20250626-WA0002_BELLY.jpg,0.946887731552124
IMG-20250607-WA0006_BELLY.jpg,7,IMG-20250626-WA0004_BELLY.jpg,0.9455645680427551
IMG-20250607-WA0006_BELLY.jpg,8,IMG-20250626-WA0009_BELLY.jpg,0.9432708024978638
IMG-20250607-WA0006_BELLY.jpg,9,IMG_20250515_114220_BELLY.jpg,0.9431796073913574
IMG-20250607-WA0006_BELLY.jpg,10,IMG-20250919-WA0016_BELLY.jpg,0.9400511980056763
IMG-20250607-WA0006_BELLY.jpg,11,IMG_20250717_104317_BELLY.jpg,0.9397520422935486
IMG-20250607-WA0006_BELLY.jpg,12,IMG_20250717_110833_BELLY.jpg,0.9359650015830994
IMG-20250607-WA0006_BELLY.jpg,13,A07_08_03_W_roh_BELLY.jpg,0.9354757070541382
IMG-20250607-WA0006_BELLY.jpg,14,IMG-20250626-WA0003_BELLY.jpg,0.9340771436691284
IMG-20250607-WA0006_BELLY.jpg,15,IMG_20250807_104159_BELLY.jpg,0.9328169822692871
IMG-20250607-WA0006_BELLY.jpg,16,IMG-20250626-WA0020_BELLY.jpg,0.9322655200958252
IMG-20250607-WA0006_BELLY.jpg,17,IMG-20250910-WA0025_BELLY.jpg,0.9319169521331787
IMG-20250607-WA0006_BELLY.jpg,18,IMG-20250626-WA0013_BELLY.jpg,0.9311012029647827
IMG-20250607-WA0006_BELLY.jpg,19,IMG_20250807_103916_BELLY.jpg,0.9300321340560913
IMG-20250607-WA0006_BELLY.jpg,20,IMG-20250626-WA0007_BELLY.jpg,0.9294999837875366
IMG-20250607-WA0007_BELLY.jpg,1,IMG-20250626-WA0003_BELLY.jpg,0.9453191757202148
IMG-20250607-WA0007_BELLY.jpg,2,IMG_20250717_110833_BELLY.jpg,0.9384310245513916
IMG-20250607-WA0007_BELLY.jpg,3,IMG_20250515_121011_BELLY.jpg,0.9366673231124878
IMG-20250607-WA0007_BELLY.jpg,4,IMG_20250717_105046_BELLY.jpg,0.9358931183815002
IMG-20250607-WA0007_BELLY.jpg,5,IMG-20250626-WA0024_BELLY.jpg,0.9343386888504028
IMG-20250607-WA0007_BELLY.jpg,6,IMG_20250717_113633_BELLY.jpg,0.9320557117462158
IMG-20250607-WA0007_BELLY.jpg,7,IMG_20250717_104317_BELLY.jpg,0.9314321279525757
IMG-20250607-WA0007_BELLY.jpg,8,IMG-20250919-WA0021_BELLY.jpg,0.9303103089332581
IMG-20250607-WA0007_BELLY.jpg,9,IMG-20250626-WA0016_BELLY.jpg,0.9293835163116455
IMG-20250607-WA0007_BELLY.jpg,10,IMG-20250626-WA0020_BELLY.jpg,0.9284791350364685
IMG-20250607-WA0007_BELLY.jpg,11,IMG-20250626-WA0025_BELLY.jpg,0.9266242980957031
IMG-20250607-WA0007_BELLY.jpg,12,IMG-20250626-WA0014_BELLY.jpg,0.9231977462768555
IMG-20250607-WA0007_BELLY.jpg,13,IMG_20250807_103916_BELLY.jpg,0.9227496385574341
IMG-20250607-WA0007_BELLY.jpg,14,IMG-20250626-WA0013_BELLY.jpg,0.9226848483085632
IMG-20250607-WA0007_BELLY.jpg,15,IMG_20250717_111215_BELLY.jpg,0.922267496585846
IMG-20250607-WA0007_BELLY.jpg,16,IMG_20250501_132115_BELLY.jpg,0.9212640523910522
IMG-20250607-WA0007_BELLY.jpg,17,IMG_20250717_113844_BELLY.jpg,0.9206472635269165
IMG-20250607-WA0007_BELLY.jpg,18,IMG_20250501_133055_BELLY.jpg,0.9198393225669861
IMG-20250607-WA0007_BELLY.jpg,19,IMG_20250807_104343_BELLY.jpg,0.9186522364616394
IMG-20250607-WA0007_BELLY.jpg,20,IMG-20250626-WA0007_BELLY.jpg,0.9186269044876099
IMG-20250626-WA0002_BELLY.jpg,1,IMG-20250626-WA0004_BELLY.jpg,0.9742721319198608
IMG-20250626-WA0002_BELLY.jpg,2,IMG-20250626-WA0009_BELLY.jpg,0.9608848094940186
IMG-20250626-WA0002_BELLY.jpg,3,IMG_20250717_104317_BELLY.jpg,0.9568780064582825
IMG-20250626-WA0002_BELLY.jpg,4,IMG_20250807_104159_BELLY.jpg,0.9558055400848389
IMG-20250626-WA0002_BELLY.jpg,5,IMG-20250626-WA0011_BELLY.jpg,0.9527662396430969
IMG-20250626-WA0002_BELLY.jpg,6,IMG-20250626-WA0014_BELLY.jpg,0.9522989988327026
IMG-20250626-WA0002_BELLY.jpg,7,IMG-20250626-WA0003_BELLY.jpg,0.9509519338607788
IMG-20250626-WA0002_BELLY.jpg,8,A01_18_01_W_roh_BELLY.jpg,0.9469583034515381
IMG-20250626-WA0002_BELLY.jpg,9,IMG-20250607-WA0006_BELLY.jpg,0.946887731552124
IMG-20250626-WA0002_BELLY.jpg,10,IMG_20250807_104343_BELLY.jpg,0.9468188285827637
IMG-20250626-WA0002_BELLY.jpg,11,IMG_20250501_133055_BELLY.jpg,0.946750283241272
IMG-20250626-WA0002_BELLY.jpg,12,IMG_20250717_104652_BELLY.jpg,0.9467079043388367
IMG-20250626-WA0002_BELLY.jpg,13,IMG_20250501_132115_BELLY.jpg,0.9452502727508545
IMG-20250626-WA0002_BELLY.jpg,14,IMG-20250607-WA0003_BELLY.jpg,0.9450711011886597
IMG-20250626-WA0002_BELLY.jpg,15,IMG-20250919-WA0016_BELLY.jpg,0.9442815780639648
IMG-20250626-WA0002_BELLY.jpg,16,IMG_20250717_111215_BELLY.jpg,0.9436310529708862
IMG-20250626-WA0002_BELLY.jpg,17,IMG-20250626-WA0007_BELLY.jpg,0.9428366422653198
IMG-20250626-WA0002_BELLY.jpg,18,IMG-20250919-WA0021_BELLY.jpg,0.940314531326294
IMG-20250626-WA0002_BELLY.jpg,19,IMG-20250626-WA0013_BELLY.jpg,0.939664363861084
IMG-20250626-WA0002_BELLY.jpg,20,A08_15_07_W_roh_BELLY.jpg,0.939492404460907
IMG-20250626-WA0003_BELLY.jpg,1,IMG_20250717_104317_BELLY.jpg,0.9679368734359741
IMG-20250626-WA0003_BELLY.jpg,2,IMG_20250717_113633_BELLY.jpg,0.9625415802001953
IMG-20250626-WA0003_BELLY.jpg,3,IMG-20250626-WA0009_BELLY.jpg,0.9550366401672363
IMG-20250626-WA0003_BELLY.jpg,4,IMG-20250626-WA0021_BELLY.jpg,0.9547523260116577
IMG-20250626-WA0003_BELLY.jpg,5,IMG_20250717_112327_BELLY.jpg,0.9546230435371399
IMG-20250626-WA0003_BELLY.jpg,6,IMG_20250717_111215_BELLY.jpg,0.9545373916625977
IMG-20250626-WA0003_BELLY.jpg,7,IMG_20250717_113844_BELLY.jpg,0.9523119926452637
IMG-20250626-WA0003_BELLY.jpg,8,IMG-20250626-WA0024_BELLY.jpg,0.9520469903945923
IMG-20250626-WA0003_BELLY.jpg,9,IMG-20250626-WA0002_BELLY.jpg,0.9509519338607788
IMG-20250626-WA0003_BELLY.jpg,10,IMG_20250717_105046_BELLY.jpg,0.9501051902770996
IMG-20250626-WA0003_BELLY.jpg,11,IMG_20250515_121011_BELLY.jpg,0.9498418569564819
IMG-20250626-WA0003_BELLY.jpg,12,IMG_20250717_123656_BELLY.jpg,0.94921875
IMG-20250626-WA0003_BELLY.jpg,13,IMG_20250501_132350_BELLY.jpg,0.9486050605773926
IMG-20250626-WA0003_BELLY.jpg,14,IMG-20250626-WA0011_BELLY.jpg,0.9470745325088501
IMG-20250626-WA0003_BELLY.jpg,15,IMG_20250501_132115_BELLY.jpg,0.946033239364624
IMG-20250626-WA0003_BELLY.jpg,16,IMG-20250919-WA0021_BELLY.jpg,0.9458131790161133
IMG-20250626-WA0003_BELLY.jpg,17,IMG-20250607-WA0007_BELLY.jpg,0.9453191757202148
IMG-20250626-WA0003_BELLY.jpg,18,IMG-20250626-WA0004_BELLY.jpg,0.9451520442962646
IMG-20250626-WA0003_BELLY.jpg,19,IMG-20250626-WA0014_BELLY.jpg,0.9442276954650879
IMG-20250626-WA0003_BELLY.jpg,20,IMG-20250626-WA0022_BELLY.jpg,0.9437825679779053
IMG-20250626-WA0004_BELLY.jpg,1,IMG-20250626-WA0002_BELLY.jpg,0.9742721319198608
IMG-20250626-WA0004_BELLY.jpg,2,IMG_20250501_133055_BELLY.jpg,0.9624183177947998
IMG-20250626-WA0004_BELLY.jpg,3,IMG-20250626-WA0009_BELLY.jpg,0.9607741236686707
IMG-20250626-WA0004_BELLY.jpg,4,IMG-20250626-WA0011_BELLY.jpg,0.9589240550994873
IMG-20250626-WA0004_BELLY.jpg,5,IMG-20250626-WA0014_BELLY.jpg,0.9534046649932861
IMG-20250626-WA0004_BELLY.jpg,6,IMG_20250717_104317_BELLY.jpg,0.9519602060317993
IMG-20250626-WA0004_BELLY.jpg,7,IMG_20250717_104652_BELLY.jpg,0.9517596364021301
IMG-20250626-WA0004_BELLY.jpg,8,IMG-20250919-WA0021_BELLY.jpg,0.9509788751602173
IMG-20250626-WA0004_BELLY.jpg,9,IMG_20250807_104159_BELLY.jpg,0.950882077217102
IMG-20250626-WA0004_BELLY.jpg,10,IMG-20250919-WA0016_BELLY.jpg,0.9500271081924438
IMG-20250626-WA0004_BELLY.jpg,11,A08_18_08_M_roh_BELLY.jpg,0.9485667943954468
IMG-20250626-WA0004_BELLY.jpg,12,IMG-20250626-WA0024_BELLY.jpg,0.9476317763328552
IMG-20250626-WA0004_BELLY.jpg,13,IMG-20250607-WA0003_BELLY.jpg,0.9459109306335449
IMG-20250626-WA0004_BELLY.jpg,14,A08_15_07_W_roh_BELLY.jpg,0.9457404613494873
IMG-20250626-WA0004_BELLY.jpg,15,IMG-20250607-WA0006_BELLY.jpg,0.9455645680427551
IMG-20250626-WA0004_BELLY.jpg,16,IMG_20250501_132115_BELLY.jpg,0.9455239772796631
IMG-20250626-WA0004_BELLY.jpg,17,IMG-20250626-WA0003_BELLY.jpg,0.9451520442962646
IMG-20250626-WA0004_BELLY.jpg,18,IMG_20250717_111215_BELLY.jpg,0.9420483112335205
IMG-20250626-WA0004_BELLY.jpg,19,A07_08_03_W_roh_BELLY.jpg,0.9419355392456055
IMG-20250626-WA0004_BELLY.jpg,20,IMG-20250626-WA0007_BELLY.jpg,0.9410160183906555
IMG-20250626-WA0006_BELLY.jpg,1,IMG-20250919-WA0021_BELLY.jpg,0.9577564001083374
IMG-20250626-WA0006_BELLY.jpg,2,IMG-20250626-WA0009_BELLY.jpg,0.9397851228713989
IMG-20250626-WA0006_BELLY.jpg,3,IMG_20250807_103916_BELLY.jpg,0.9385448694229126
IMG-20250626-WA0006_BELLY.jpg,4,IMG_20250501_132115_BELLY.jpg,0.9379173517227173
IMG-20250626-WA0006_BELLY.jpg,5,IMG-20250626-WA0014_BELLY.jpg,0.937630295753479
IMG-20250626-WA0006_BELLY.jpg,6,IMG_20250717_111215_BELLY.jpg,0.9358804821968079
IMG-20250626-WA0006_BELLY.jpg,7,IMG-20250829-WA0020_BELLY.jpg,0.9350669384002686
IMG-20250626-WA0006_BELLY.jpg,8,IMG-20250626-WA0003_BELLY.jpg,0.9313616752624512
IMG-20250626-WA0006_BELLY.jpg,9,IMG-20250607-WA0003_BELLY.jpg,0.9285987615585327
IMG-20250626-WA0006_BELLY.jpg,10,A08_15_03_W_roh_BELLY.jpg,0.9285246729850769
IMG-20250626-WA0006_BELLY.jpg,11,IMG-20250626-WA0004_BELLY.jpg,0.9273043870925903
IMG-20250626-WA0006_BELLY.jpg,12,A08_18_09_M_roh_BELLY.jpg,0.9272728562355042
IMG-20250626-WA0006_BELLY.jpg,13,IMG_20250717_104317_BELLY.jpg,0.9261060357093811
IMG-20250626-WA0006_BELLY.jpg,14,A04_17_01_W_roh_BELLY.jpg,0.9260245561599731
IMG-20250626-WA0006_BELLY.jpg,15,IMG-20250910-WA0064_BELLY.jpg,0.9257795214653015
IMG-20250626-WA0006_BELLY.jpg,16,IMG-20250626-WA0002_BELLY.jpg,0.9251636266708374
IMG-20250626-WA0006_BELLY.jpg,17,IMG-20250919-WA0016_BELLY.jpg,0.9248632192611694
IMG-20250626-WA0006_BELLY.jpg,18,IMG-20250626-WA0011_BELLY.jpg,0.924860954284668
IMG-20250626-WA0006_BELLY.jpg,19,IMG_20250807_104343_BELLY.jpg,0.9222768545150757
IMG-20250626-WA0006_BELLY.jpg,20,IMG_20250807_110659_BELLY.jpg,0.9210225343704224
IMG-20250626-WA0007_BELLY.jpg,1,IMG-20250626-WA0011_BELLY.jpg,0.9458438158035278
IMG-20250626-WA0007_BELLY.jpg,2,IMG-20250626-WA0009_BELLY.jpg,0.9443758726119995
IMG-20250626-WA0007_BELLY.jpg,3,IMG-20250626-WA0002_BELLY.jpg,0.9428366422653198
IMG-20250626-WA0007_BELLY.jpg,4,IMG-20250626-WA0004_BELLY.jpg,0.9410160183906555
IMG-20250626-WA0007_BELLY.jpg,5,IMG_20250717_104317_BELLY.jpg,0.938302755355835
IMG-20250626-WA0007_BELLY.jpg,6,IMG-20250626-WA0003_BELLY.jpg,0.93718421459198
IMG-20250626-WA0007_BELLY.jpg,7,IMG_20250717_104652_BELLY.jpg,0.937120258808136
IMG-20250626-WA0007_BELLY.jpg,8,IMG-20250626-WA0024_BELLY.jpg,0.9314855337142944
IMG-20250626-WA0007_BELLY.jpg,9,IMG-20250607-WA0006_BELLY.jpg,0.9294999837875366
IMG-20250626-WA0007_BELLY.jpg,10,IMG_20250501_133055_BELLY.jpg,0.9288250803947449
IMG-20250626-WA0007_BELLY.jpg,11,IMG_20250717_123656_BELLY.jpg,0.9271271228790283
IMG-20250626-WA0007_BELLY.jpg,12,IMG-20250626-WA0016_BELLY.jpg,0.9254134893417358
IMG-20250626-WA0007_BELLY.jpg,13,IMG_20250717_110833_BELLY.jpg,0.9237178564071655
IMG-20250626-WA0007_BELLY.jpg,14,IMG-20250607-WA0003_BELLY.jpg,0.9237053990364075
IMG-20250626-WA0007_BELLY.jpg,15,IMG-20250626-WA0020_BELLY.jpg,0.9235336780548096
IMG-20250626-WA0007_BELLY.jpg,16,IMG-20250919-WA0009_BELLY.jpg,0.9231265783309937
IMG-20250626-WA0007_BELLY.jpg,17,IMG_20250717_113633_BELLY.jpg,0.9226988554000854
IMG-20250626-WA0007_BELLY.jpg,18,IMG_20250501_132115_BELLY.jpg,0.9225320816040039
IMG-20250626-WA0007_BELLY.jpg,19,IMG-20250626-WA0013_BELLY.jpg,0.9223799109458923
IMG-20250626-WA0007_BELLY.jpg,20,IMG-20250919-WA0021_BELLY.jpg,0.9208457469940186
IMG-20250626-WA0009_BELLY.jpg,1,IMG-20250626-WA0011_BELLY.jpg,0.9707080721855164
IMG-20250626-WA0009_BELLY.jpg,2,IMG_20250717_104317_BELLY.jpg,0.9616999626159668
IMG-20250626-WA0009_BELLY.jpg,3,IMG-20250626-WA0002_BELLY.jpg,0.9608848094940186
IMG-20250626-WA0009_BELLY.jpg,4,IMG-20250626-WA0004_BELLY.jpg,0.9607741236686707
IMG-20250626-WA0009_BELLY.jpg,5,IMG-20250626-WA0014_BELLY.jpg,0.9585879445075989
IMG-20250626-WA0009_BELLY.jpg,6,IMG_20250501_132115_BELLY.jpg,0.9584264755249023
IMG-20250626-WA0009_BELLY.jpg,7,IMG-20250607-WA0003_BELLY.jpg,0.9567238688468933
IMG-20250626-WA0009_BELLY.jpg,8,IMG-20250626-WA0003_BELLY.jpg,0.9550366401672363
IMG-20250626-WA0009_BELLY.jpg,9,IMG_20250717_104652_BELLY.jpg,0.9500565528869629
IMG-20250626-WA0009_BELLY.jpg,10,IMG_20250717_111215_BELLY.jpg,0.9487372040748596
IMG-20250626-WA0009_BELLY.jpg,11,IMG_20250501_133055_BELLY.jpg,0.9474124908447266
IMG-20250626-WA0009_BELLY.jpg,12,IMG_20250807_104159_BELLY.jpg,0.9453610181808472
IMG-20250626-WA0009_BELLY.jpg,13,IMG-20250919-WA0021_BELLY.jpg,0.9449094533920288
IMG-20250626-WA0009_BELLY.jpg,14,IMG-20250626-WA0007_BELLY.jpg,0.9443758726119995
IMG-20250626-WA0009_BELLY.jpg,15,IMG-20250607-WA0006_BELLY.jpg,0.9432708024978638
IMG-20250626-WA0009_BELLY.jpg,16,IMG-20250626-WA0024_BELLY.jpg,0.9428356289863586
IMG-20250626-WA0009_BELLY.jpg,17,IMG-20250626-WA0006_BELLY.jpg,0.9397851228713989
IMG-20250626-WA0009_BELLY.jpg,18,IMG_20250807_103916_BELLY.jpg,0.9390827417373657
IMG-20250626-WA0009_BELLY.jpg,19,IMG-20250919-WA0016_BELLY.jpg,0.9387221336364746
IMG-20250626-WA0009_BELLY.jpg,20,A08_09_39_W_roh_BELLY.jpg,0.9363367557525635
IMG-20250626-WA0011_BELLY.jpg,1,IMG-20250626-WA0009_BELLY.jpg,0.9707080721855164
IMG-20250626-WA0011_BELLY.jpg,2,IMG-20250607-WA0006_BELLY.jpg,0.9595135450363159
IMG-20250626-WA0011_BELLY.jpg,3,IMG-20250626-WA0004_BELLY.jpg,0.9589240550994873
IMG-20250626-WA0011_BELLY.jpg,4,IMG_20250717_104652_BELLY.jpg,0.9564621448516846
IMG-20250626-WA0011_BELLY.jpg,5,IMG_20250501_133055_BELLY.jpg,0.9541068077087402
IMG-20250626-WA0011_BELLY.jpg,6,IMG-20250626-WA0002_BELLY.jpg,0.9527662396430969
IMG-20250626-WA0011_BELLY.jpg,7,IMG-20250626-WA0024_BELLY.jpg,0.9516997337341309
IMG-20250626-WA0011_BELLY.jpg,8,IMG_20250717_104317_BELLY.jpg,0.9512213468551636
IMG-20250626-WA0011_BELLY.jpg,9,IMG-20250626-WA0003_BELLY.jpg,0.9470745325088501
IMG-20250626-WA0011_BELLY.jpg,10,IMG-20250626-WA0007_BELLY.jpg,0.9458438158035278
IMG-20250626-WA0011_BELLY.jpg,11,IMG-20250919-WA0016_BELLY.jpg,0.942575216293335
IMG-20250626-WA0011_BELLY.jpg,12,IMG_20250807_103916_BELLY.jpg,0.9416632056236267
IMG-20250626-WA0011_BELLY.jpg,13,IMG-20250919-WA0021_BELLY.jpg,0.9410756826400757
IMG-20250626-WA0011_BELLY.jpg,14,IMG-20250626-WA0014_BELLY.jpg,0.9408923983573914
IMG-20250626-WA0011_BELLY.jpg,15,IMG_20250807_104159_BELLY.jpg,0.9400279521942139
IMG-20250626-WA0011_BELLY.jpg,16,IMG_20250501_132115_BELLY.jpg,0.9395178556442261
IMG-20250626-WA0011_BELLY.jpg,17,IMG-20250607-WA0003_BELLY.jpg,0.9394001960754395
IMG-20250626-WA0011_BELLY.jpg,18,A01_17_01_W_roh_BELLY.jpg,0.9343469738960266
IMG-20250626-WA0011_BELLY.jpg,19,IMG_20250717_105046_BELLY.jpg,0.9340629577636719
IMG-20250626-WA0011_BELLY.jpg,20,IMG_20250515_114220_BELLY.jpg,0.9336631298065186
IMG-20250626-WA0013_BELLY.jpg,1,IMG_20250717_104317_BELLY.jpg,0.9413279891014099
IMG-20250626-WA0013_BELLY.jpg,2,IMG-20250626-WA0003_BELLY.jpg,0.941299319267273
IMG-20250626-WA0013_BELLY.jpg,3,IMG-20250626-WA0024_BELLY.jpg,0.9402307271957397
IMG-20250626-WA0013_BELLY.jpg,4,IMG-20250626-WA0002_BELLY.jpg,0.939664363861084
IMG-20250626-WA0013_BELLY.jpg,5,IMG-20250626-WA0004_BELLY.jpg,0.9395931959152222
IMG-20250626-WA0013_BELLY.jpg,6,IMG-20250919-WA0016_BELLY.jpg,0.9384939074516296
IMG-20250626-WA0013_BELLY.jpg,7,IMG-20250626-WA0021_BELLY.jpg,0.937814474105835
IMG-20250626-WA0013_BELLY.jpg,8,IMG_20250717_111215_BELLY.jpg,0.9377228021621704
IMG-20250626-WA0013_BELLY.jpg,9,IMG-20250607-WA0006_BELLY.jpg,0.9311012029647827
IMG-20250626-WA0013_BELLY.jpg,10,IMG-20250626-WA0014_BELLY.jpg,0.9306356906890869
IMG-20250626-WA0013_BELLY.jpg,11,IMG_20250717_113633_BELLY.jpg,0.9302823543548584
IMG-20250626-WA0013_BELLY.jpg,12,IMG-20250626-WA0011_BELLY.jpg,0.9295628070831299
IMG-20250626-WA0013_BELLY.jpg,13,IMG-20250626-WA0009_BELLY.jpg,0.928847074508667
IMG-20250626-WA0013_BELLY.jpg,14,IMG-20250607-WA0003_BELLY.jpg,0.9288161396980286
IMG-20250626-WA0013_BELLY.jpg,15,IMG_20250717_111635_BELLY.jpg,0.9285075068473816
IMG-20250626-WA0013_BELLY.jpg,16,A08_18_12_W_roh_BELLY.jpg,0.9277926683425903
IMG-20250626-WA0013_BELLY.jpg,17,A08_15_07_W_roh_BELLY.jpg,0.9277526140213013
IMG-20250626-WA0013_BELLY.jpg,18,IMG-20250910-WA0025_BELLY.jpg,0.9277328252792358
IMG-20250626-WA0013_BELLY.jpg,19,IMG-20250919-WA0021_BELLY.jpg,0.9268876910209656
IMG-20250626-WA0013_BELLY.jpg,20,IMG_20250717_110833_BELLY.jpg,0.9261959791183472
IMG-20250626-WA0014_BELLY.jpg,1,IMG_20250501_132115_BELLY.jpg,0.9677698612213135
IMG-20250626-WA0014_BELLY.jpg,2,IMG_20250717_104317_BELLY.jpg,0.9586366415023804
IMG-20250626-WA0014_BELLY.jpg,3,IMG-20250626-WA0009_BELLY.jpg,0.9585879445075989
IMG-20250626-WA0014_BELLY.jpg,4,IMG-20250919-WA0021_BELLY.jpg,0.9567263126373291
IMG-20250626-WA0014_BELLY.jpg,5,IMG-20250607-WA0003_BELLY.jpg,0.954045295715332
IMG-20250626-WA0014_BELLY.jpg,6,IMG-20250626-WA0004_BELLY.jpg,0.9534046649932861
IMG-20250626-WA0014_BELLY.jpg,7,IMG-20250626-WA0002_BELLY.jpg,0.9522989988327026
IMG-20250626-WA0014_BELLY.jpg,8,IMG-20250626-WA0015_BELLY.jpg,0.9472581148147583
IMG-20250626-WA0014_BELLY.jpg,9,IMG_20250717_111215_BELLY.jpg,0.9471930265426636
IMG-20250626-WA0014_BELLY.jpg,10,IMG-20250919-WA0016_BELLY.jpg,0.9457567930221558
IMG-20250626-WA0014_BELLY.jpg,11,IMG_20250717_123430_BELLY.jpg,0.9456058740615845
IMG-20250626-WA0014_BELLY.jpg,12,IMG-20250626-WA0003_BELLY.jpg,0.9442276954650879
IMG-20250626-WA0014_BELLY.jpg,13,IMG_20250717_113844_BELLY.jpg,0.9428069591522217
IMG-20250626-WA0014_BELLY.jpg,14,IMG-20250626-WA0011_BELLY.jpg,0.9408923983573914
IMG-20250626-WA0014_BELLY.jpg,15,A08_18_20_W_roh_BELLY.jpg,0.9388555288314819
IMG-20250626-WA0014_BELLY.jpg,16,A08_15_07_W_roh_BELLY.jpg,0.9383078813552856
IMG-20250626-WA0014_BELLY.jpg,17,IMG-20250910-WA0064_BELLY.jpg,0.9382752180099487
IMG-20250626-WA0014_BELLY.jpg,18,IMG_20250807_104159_BELLY.jpg,0.9381848573684692
IMG-20250626-WA0014_BELLY.jpg,19,IMG-20250626-WA0006_BELLY.jpg,0.937630295753479
IMG-20250626-WA0014_BELLY.jpg,20,A08_15_17_M_roh_BELLY.jpg,0.9375909566879272
IMG-20250626-WA0015_BELLY.jpg,1,IMG_20250717_104317_BELLY.jpg,0.9562007188796997
IMG-20250626-WA0015_BELLY.jpg,2,IMG_20250717_113844_BELLY.jpg,0.9477435946464539
IMG-20250626-WA0015_BELLY.jpg,3,IMG_20250717_112327_BELLY.jpg,0.9477159380912781
IMG-20250626-WA0015_BELLY.jpg,4,IMG-20250626-WA0014_BELLY.jpg,0.9472581148147583
IMG-20250626-WA0015_BELLY.jpg,5,IMG-20250607-WA0003_BELLY.jpg,0.9450031518936157
IMG-20250626-WA0015_BELLY.jpg,6,IMG_20250807_104343_BELLY.jpg,0.9442235231399536
IMG-20250626-WA0015_BELLY.jpg,7,IMG-20250626-WA0003_BELLY.jpg,0.943261981010437
IMG-20250626-WA0015_BELLY.jpg,8,IMG_20250717_111215_BELLY.jpg,0.9417527914047241
IMG-20250626-WA0015_BELLY.jpg,9,IMG_20250717_105046_BELLY.jpg,0.9411379098892212
IMG-20250626-WA0015_BELLY.jpg,10,IMG_20250501_132115_BELLY.jpg,0.9386795163154602
IMG-20250626-WA0015_BELLY.jpg,11,IMG-20250626-WA0025_BELLY.jpg,0.9381561279296875
IMG-20250626-WA0015_BELLY.jpg,12,IMG-20250626-WA0022_BELLY.jpg,0.9380722045898438
IMG-20250626-WA0015_BELLY.jpg,13,IMG-20250626-WA0002_BELLY.jpg,0.9372875690460205
IMG-20250626-WA0015_BELLY.jpg,14,IMG_20250717_113633_BELLY.jpg,0.9366248846054077
IMG-20250626-WA0015_BELLY.jpg,15,IMG_20250717_104525_BELLY.jpg,0.9355231523513794
IMG-20250626-WA0015_BELLY.jpg,16,IMG_20250717_123656_BELLY.jpg,0.935367226600647
IMG-20250626-WA0015_BELLY.jpg,17,IMG-20250626-WA0021_BELLY.jpg,0.9330039024353027
IMG-20250626-WA0015_BELLY.jpg,18,IMG_20250717_113156_BELLY.jpg,0.9323853254318237
IMG-20250626-WA0015_BELLY.jpg,19,A01_09_21_W_roh_BELLY.jpg,0.9315012693405151
IMG-20250626-WA0015_BELLY.jpg,20,IMG-20250626-WA0009_BELLY.jpg,0.9314775466918945
IMG-20250626-WA0016_BELLY.jpg,1,IMG-20250626-WA0020_BELLY.jpg,0.9841972589492798
IMG-20250626-WA0016_BELLY.jpg,2,IMG-20250626-WA0024_BELLY.jpg,0.9424000978469849
IMG-20250626-WA0016_BELLY.jpg,3,IMG-20250626-WA0003_BELLY.jpg,0.9363446235656738
IMG-20250626-WA0016_BELLY.jpg,4,IMG_20250717_104317_BELLY.jpg,0.9361751079559326
IMG-20250626-WA0016_BELLY.jpg,5,IMG_20250717_110833_BELLY.jpg,0.9319061040878296
IMG-20250626-WA0016_BELLY.jpg,6,IMG_20250717_105046_BELLY.jpg,0.9295439720153809
IMG-20250626-WA0016_BELLY.jpg,7,IMG-20250607-WA0007_BELLY.jpg,0.9293835163116455
IMG-20250626-WA0016_BELLY.jpg,8,IMG_20250717_112327_BELLY.jpg,0.9271060228347778
IMG-20250626-WA0016_BELLY.jpg,9,IMG_20250717_113633_BELLY.jpg,0.9265134334564209
IMG-20250626-WA0016_BELLY.jpg,10,IMG_20250717_123656_BELLY.jpg,0.9258242845535278
IMG-20250626-WA0016_BELLY.jpg,11,IMG-20250626-WA0007_BELLY.jpg,0.9254134893417358
IMG-20250626-WA0016_BELLY.jpg,12,IMG-20250607-WA0006_BELLY.jpg,0.922290563583374
IMG-20250626-WA0016_BELLY.jpg,13,IMG_20250515_121011_BELLY.jpg,0.9219900369644165
IMG-20250626-WA0016_BELLY.jpg,14,IMG_20250717_104652_BELLY.jpg,0.9186267852783203
IMG-20250626-WA0016_BELLY.jpg,15,A05_15_03_W_roh_BELLY.jpg,0.9173789620399475
IMG-20250626-WA0016_BELLY.jpg,16,IMG-20250626-WA0021_BELLY.jpg,0.9169113636016846
IMG-20250626-WA0016_BELLY.jpg,17,IMG-20250626-WA0013_BELLY.jpg,0.9161372780799866
IMG-20250626-WA0016_BELLY.jpg,18,A01_15_03_W_roh_BELLY.jpg,0.9139372110366821
IMG-20250626-WA0016_BELLY.jpg,19,IMG-20250910-WA0025_BELLY.jpg,0.913867712020874
IMG-20250626-WA0016_BELLY.jpg,20,IMG-20250626-WA0011_BELLY.jpg,0.9136406779289246
IMG-20250626-WA0020_BELLY.jpg,1,IMG-20250626-WA0016_BELLY.jpg,0.9841972589492798
IMG-20250626-WA0020_BELLY.jpg,2,IMG-20250626-WA0024_BELLY.jpg,0.954243540763855
IMG-20250626-WA0020_BELLY.jpg,3,IMG_20250717_104317_BELLY.jpg,0.9490081071853638
IMG-20250626-WA0020_BELLY.jpg,4,IMG_20250717_110833_BELLY.jpg,0.9432978630065918
IMG-20250626-WA0020_BELLY.jpg,5,IMG-20250626-WA0003_BELLY.jpg,0.9432353973388672
IMG-20250626-WA0020_BELLY.jpg,6,IMG_20250717_112327_BELLY.jpg,0.9431076645851135
IMG-20250626-WA0020_BELLY.jpg,7,IMG_20250717_105046_BELLY.jpg,0.9405504465103149
IMG-20250626-WA0020_BELLY.jpg,8,IMG_20250717_113633_BELLY.jpg,0.9361789226531982
IMG-20250626-WA0020_BELLY.jpg,9,IMG_20250717_123656_BELLY.jpg,0.9338499903678894
IMG-20250626-WA0020_BELLY.jpg,10,IMG-20250607-WA0006_BELLY.jpg,0.9322655200958252
IMG-20250626-WA0020_BELLY.jpg,11,IMG-20250607-WA0007_BELLY.jpg,0.9284791350364685
IMG-20250626-WA0020_BELLY.jpg,12,IMG_20250717_104652_BELLY.jpg,0.9264270067214966
IMG-20250626-WA0020_BELLY.jpg,13,IMG-20250626-WA0013_BELLY.jpg,0.9261175990104675
IMG-20250626-WA0020_BELLY.jpg,14,IMG_20250515_121011_BELLY.jpg,0.9259233474731445
IMG-20250626-WA0020_BELLY.jpg,15,IMG-20250626-WA0022_BELLY.jpg,0.9245386123657227
IMG-20250626-WA0020_BELLY.jpg,16,IMG-20250626-WA0025_BELLY.jpg,0.9239081740379333
IMG-20250626-WA0020_BELLY.jpg,17,IMG-20250626-WA0007_BELLY.jpg,0.9235336780548096
IMG-20250626-WA0020_BELLY.jpg,18,IMG-20250626-WA0021_BELLY.jpg,0.9209126830101013
IMG-20250626-WA0020_BELLY.jpg,19,IMG-20250626-WA0011_BELLY.jpg,0.9203309416770935
IMG-20250626-WA0020_BELLY.jpg,20,IMG-20250626-WA0015_BELLY.jpg,0.9200291633605957
IMG-20250626-WA0021_BELLY.jpg,1,IMG-20250626-WA0003_BELLY.jpg,0.9547523260116577
IMG-20250626-WA0021_BELLY.jpg,2,IMG_20250717_111635_BELLY.jpg,0.9457454681396484
IMG-20250626-WA0021_BELLY.jpg,3,IMG_20250717_113633_BELLY.jpg,0.9430768489837646
IMG-20250626-WA0021_BELLY.jpg,4,IMG_20250717_113156_BELLY.jpg,0.9423497915267944
IMG-20250626-WA0021_BELLY.jpg,5,IMG_20250717_104317_BELLY.jpg,0.9422159790992737
IMG-20250626-WA0021_BELLY.jpg,6,IMG_20250717_111215_BELLY.jpg,0.9405772686004639
IMG-20250626-WA0021_BELLY.jpg,7,IMG_20250501_132115_BELLY.jpg,0.938707709312439
IMG-20250626-WA0021_BELLY.jpg,8,IMG-20250626-WA0002_BELLY.jpg,0.9386113882064819
IMG-20250626-WA0021_BELLY.jpg,9,IMG_20250717_112327_BELLY.jpg,0.9379177093505859
IMG-20250626-WA0021_BELLY.jpg,10,A08_18_23_W_roh_BELLY.jpg,0.9379012584686279
IMG-20250626-WA0021_BELLY.jpg,11,IMG-20250626-WA0013_BELLY.jpg,0.937814474105835
IMG-20250626-WA0021_BELLY.jpg,12,IMG-20250626-WA0014_BELLY.jpg,0.9355709552764893
IMG-20250626-WA0021_BELLY.jpg,13,IMG-20250919-WA0016_BELLY.jpg,0.9352298974990845
IMG-20250626-WA0021_BELLY.jpg,14,A08_18_14_M_roh_BELLY.jpg,0.9351458549499512
IMG-20250626-WA0021_BELLY.jpg,15,IMG-20250626-WA0022_BELLY.jpg,0.9334591627120972
IMG-20250626-WA0021_BELLY.jpg,16,IMG_20250717_113844_BELLY.jpg,0.9333370327949524
IMG-20250626-WA0021_BELLY.jpg,17,IMG-20250626-WA0024_BELLY.jpg,0.9333053827285767
IMG-20250626-WA0021_BELLY.jpg,18,IMG-20250626-WA0015_BELLY.jpg,0.9330039024353027
IMG-20250626-WA0021_BELLY.jpg,19,IMG_20250501_132350_BELLY.jpg,0.9327279329299927
IMG-20250626-WA0021_BELLY.jpg,20,IMG-20250607-WA0003_BELLY.jpg,0.9325650930404663
IMG-20250626-WA0022_BELLY.jpg,1,IMG_20250717_112327_BELLY.jpg,0.9607227444648743
IMG-20250626-WA0022_BELLY.jpg,2,IMG_20250717_113156_BELLY.jpg,0.9582005143165588
IMG-20250626-WA0022_BELLY.jpg,3,IMG-20250626-WA0025_BELLY.jpg,0.9566406011581421
IMG-20250626-WA0022_BELLY.jpg,4,IMG_20250717_104525_BELLY.jpg,0.9485347867012024
IMG-20250626-WA0022_BELLY.jpg,5,IMG_20250717_113844_BELLY.jpg,0.9467374086380005
IMG-20250626-WA0022_BELLY.jpg,6,IMG_20250717_111516_BELLY.jpg,0.9456483721733093
IMG-20250626-WA0022_BELLY.jpg,7,IMG-20250626-WA0003_BELLY.jpg,0.9437825679779053
IMG-20250626-WA0022_BELLY.jpg,8,IMG_20250717_113633_BELLY.jpg,0.9429813623428345
IMG-20250626-WA0022_BELLY.jpg,9,IMG_20250717_104317_BELLY.jpg,0.9383854866027832
IMG-20250626-WA0022_BELLY.jpg,10,IMG-20250626-WA0015_BELLY.jpg,0.9380722045898438
IMG-20250626-WA0022_BELLY.jpg,11,IMG_20250717_111215_BELLY.jpg,0.937711238861084
IMG-20250626-WA0022_BELLY.jpg,12,A01_15_01_W_roh_BELLY.jpg,0.9371174573898315
IMG-20250626-WA0022_BELLY.jpg,13,IMG-20250626-WA0021_BELLY.jpg,0.9334591627120972
IMG-20250626-WA0022_BELLY.jpg,14,A08_18_06_W_roh_BELLY.jpg,0.9327064752578735
IMG-20250626-WA0022_BELLY.jpg,15,IMG_20250717_123656_BELLY.jpg,0.9320763349533081
IMG-20250626-WA0022_BELLY.jpg,16,IMG_20250717_111635_BELLY.jpg,0.9304787516593933
IMG-20250626-WA0022_BELLY.jpg,17,IMG-20250626-WA0024_BELLY.jpg,0.9277399778366089
IMG-20250626-WA0022_BELLY.jpg,18,A06_17_01_M_roh_-_Kopie_BELLY.jpg,0.9276007413864136
IMG-20250626-WA0022_BELLY.jpg,19,A05_18_04_W_roh_BELLY.jpg,0.9267792701721191
IMG-20250626-WA0022_BELLY.jpg,20,IMG_20250717_105046_BELLY.jpg,0.9251872897148132
IMG-20250626-WA0024_BELLY.jpg,1,IMG_20250717_104317_BELLY.jpg,0.9605829119682312
IMG-20250626-WA0024_BELLY.jpg,2,IMG_20250717_110833_BELLY.jpg,0.957842230796814
IMG-20250626-WA0024_BELLY.jpg,3,IMG-20250607-WA0006_BELLY.jpg,0.9559410810470581
IMG-20250626-WA0024_BELLY.jpg,4,IMG_20250501_133055_BELLY.jpg,0.9553859233856201
IMG-20250626-WA0024_BELLY.jpg,5,IMG-20250626-WA0020_BELLY.jpg,0.954243540763855
IMG-20250626-WA0024_BELLY.jpg,6,IMG-20250626-WA0003_BELLY.jpg,0.9520469903945923
IMG-20250626-WA0024_BELLY.jpg,7,IMG-20250626-WA0011_BELLY.jpg,0.9516997337341309
IMG-20250626-WA0024_BELLY.jpg,8,IMG_20250717_104652_BELLY.jpg,0.9515140056610107
IMG-20250626-WA0024_BELLY.jpg,9,IMG_20250717_112327_BELLY.jpg,0.9495161175727844
IMG-20250626-WA0024_BELLY.jpg,10,IMG_20250717_113633_BELLY.jpg,0.9490556716918945
IMG-20250626-WA0024_BELLY.jpg,11,IMG-20250626-WA0004_BELLY.jpg,0.9476317763328552
IMG-20250626-WA0024_BELLY.jpg,12,IMG_20250717_105046_BELLY.jpg,0.946996808052063
IMG-20250626-WA0024_BELLY.jpg,13,IMG-20250626-WA0025_BELLY.jpg,0.9449484944343567
IMG-20250626-WA0024_BELLY.jpg,14,IMG-20250626-WA0009_BELLY.jpg,0.9428356289863586
IMG-20250626-WA0024_BELLY.jpg,15,IMG-20250626-WA0016_BELLY.jpg,0.9424000978469849
IMG-20250626-WA0024_BELLY.jpg,16,IMG-20250607-WA0003_BELLY.jpg,0.9418617486953735
IMG-20250626-WA0024_BELLY.jpg,17,IMG_20250717_111215_BELLY.jpg,0.9413926601409912
IMG-20250626-WA0024_BELLY.jpg,18,IMG-20250626-WA0013_BELLY.jpg,0.9402307271957397
IMG-20250626-WA0024_BELLY.jpg,19,IMG-20250919-WA0016_BELLY.jpg,0.9385661482810974
IMG-20250626-WA0024_BELLY.jpg,20,A07_08_03_W_roh_BELLY.jpg,0.937431812286377
IMG-20250626-WA0025_BELLY.jpg,1,IMG-20250626-WA0022_BELLY.jpg,0.9566406011581421
IMG-20250626-WA0025_BELLY.jpg,2,IMG_20250717_113844_BELLY.jpg,0.9548593759536743
IMG-20250626-WA0025_BELLY.jpg,3,IMG_20250717_112327_BELLY.jpg,0.9532808065414429
IMG-20250626-WA0025_BELLY.jpg,4,IMG_20250717_113156_BELLY.jpg,0.9514425992965698
IMG-20250626-WA0025_BELLY.jpg,5,IMG_20250717_111215_BELLY.jpg,0.9471027851104736
IMG-20250626-WA0025_BELLY.jpg,6,IMG-20250626-WA0024_BELLY.jpg,0.9449484944343567
IMG-20250626-WA0025_BELLY.jpg,7,IMG_20250717_104525_BELLY.jpg,0.9414764642715454
IMG-20250626-WA0025_BELLY.jpg,8,IMG_20250717_104317_BELLY.jpg,0.9389876127243042
IMG-20250626-WA0025_BELLY.jpg,9,IMG-20250626-WA0015_BELLY.jpg,0.9381561279296875
IMG-20250626-WA0025_BELLY.jpg,10,IMG-20250607-WA0003_BELLY.jpg,0.9379662275314331
IMG-20250626-WA0025_BELLY.jpg,11,IMG-20250626-WA0003_BELLY.jpg,0.9364787340164185
IMG-20250626-WA0025_BELLY.jpg,12,IMG_20250717_123656_BELLY.jpg,0.9358711242675781
IMG-20250626-WA0025_BELLY.jpg,13,A01_05_03_W_roh_BELLY.jpg,0.9327989816665649
IMG-20250626-WA0025_BELLY.jpg,14,A07_08_03_W_roh_BELLY.jpg,0.9326716065406799
IMG-20250626-WA0025_BELLY.jpg,15,IMG_20250717_113633_BELLY.jpg,0.9313933253288269
IMG-20250626-WA0025_BELLY.jpg,16,A01_15_01_W_roh_BELLY.jpg,0.9306026697158813
IMG-20250626-WA0025_BELLY.jpg,17,IMG_20250717_111516_BELLY.jpg,0.9299997091293335
IMG-20250626-WA0025_BELLY.jpg,18,A06_17_01_M_roh_-_Kopie_BELLY.jpg,0.9289493560791016
IMG-20250626-WA0025_BELLY.jpg,19,IMG_20250807_105223_BELLY.jpg,0.9274047613143921
IMG-20250626-WA0025_BELLY.jpg,20,IMG-20250626-WA0021_BELLY.jpg,0.9273322820663452
IMG-20250717-WA0009_BELLY.jpg,1,IMG-20250717-WA0011_BELLY.jpg,0.9433138370513916
IMG-20250717-WA0009_BELLY.jpg,2,IMG-20250717-WA0017_BELLY.jpg,0.9267377257347107
IMG-20250717-WA0009_BELLY.jpg,3,IMG_20250717_111516_BELLY.jpg,0.9170725345611572
IMG-20250717-WA0009_BELLY.jpg,4,A03_15_06_W_roh_BELLY.jpg,0.9152839779853821
IMG-20250717-WA0009_BELLY.jpg,5,IMG_20250717_104525_BELLY.jpg,0.9134103059768677
IMG-20250717-WA0009_BELLY.jpg,6,A08_17_17_W_roh_BELLY.jpg,0.9122481346130371
IMG-20250717-WA0009_BELLY.jpg,7,IMG-20250717-WA0013_BELLY.jpg,0.9112950563430786
IMG-20250717-WA0009_BELLY.jpg,8,IMG_20250717_113156_BELLY.jpg,0.9111475944519043
IMG-20250717-WA0009_BELLY.jpg,9,A06_12_01_W_roh_BELLY.jpg,0.9095553755760193
IMG-20250717-WA0009_BELLY.jpg,10,A03_18_07_M_roh_BELLY.jpg,0.9079442620277405
IMG-20250717-WA0009_BELLY.jpg,11,A06_17_02_W__roh_BELLY.jpg,0.907844066619873
IMG-20250717-WA0009_BELLY.jpg,12,A08_09_39_W_roh_BELLY.jpg,0.9064750671386719
IMG-20250717-WA0009_BELLY.jpg,13,A03_15_04_W_roh_BELLY.jpg,0.9060885906219482
IMG-20250717-WA0009_BELLY.jpg,14,IMG-20250717-WA0012_BELLY.jpg,0.9059748649597168
IMG-20250717-WA0009_BELLY.jpg,15,IMG-20250919-WA0012_BELLY.jpg,0.90593421459198
IMG-20250717-WA0009_BELLY.jpg,16,A07_08_04_M_roh_BELLY.jpg,0.9053550958633423
IMG-20250717-WA0009_BELLY.jpg,17,IMG-20250829-WA0024_BELLY.jpg,0.902654767036438
IMG-20250717-WA0009_BELLY.jpg,18,A06_17_01_M_roh_-_Kopie_BELLY.jpg,0.902277410030365
IMG-20250717-WA0009_BELLY.jpg,19,A06_15_02_W_roh_BELLY.jpg,0.9013732671737671
IMG-20250717-WA0009_BELLY.jpg,20,A08_15_04_M_roh_BELLY.jpg,0.9009335041046143
IMG-20250717-WA0011_BELLY.jpg,1,A03_15_06_W_roh_BELLY.jpg,0.9550498723983765
IMG-20250717-WA0011_BELLY.jpg,2,A08_17_17_W_roh_BELLY.jpg,0.950177013874054
IMG-20250717-WA0011_BELLY.jpg,3,A06_17_02_W__roh_BELLY.jpg,0.9451558589935303
IMG-20250717-WA0011_BELLY.jpg,4,IMG-20250717-WA0013_BELLY.jpg,0.9449345469474792
IMG-20250717-WA0011_BELLY.jpg,5,IMG-20250717-WA0009_BELLY.jpg,0.9433138370513916
IMG-20250717-WA0011_BELLY.jpg,6,IMG-20250919-WA0012_BELLY.jpg,0.9419583082199097
IMG-20250717-WA0011_BELLY.jpg,7,A03_15_04_W_roh_BELLY.jpg,0.9406885504722595
IMG-20250717-WA0011_BELLY.jpg,8,A07_08_04_M_roh_BELLY.jpg,0.9400866031646729
IMG-20250717-WA0011_BELLY.jpg,9,IMG_20250717_104525_BELLY.jpg,0.9400113821029663
IMG-20250717-WA0011_BELLY.jpg,10,IMG-20250919-WA0011_BELLY.jpg,0.939073920249939
IMG-20250717-WA0011_BELLY.jpg,11,A08_15_04_M_roh_BELLY.jpg,0.9380913972854614
IMG-20250717-WA0011_BELLY.jpg,12,A03_18_07_M_roh_BELLY.jpg,0.9380485415458679
IMG-20250717-WA0011_BELLY.jpg,13,A06_15_02_W_roh_BELLY.jpg,0.935302734375
IMG-20250717-WA0011_BELLY.jpg,14,IMG-20250919-WA0019_BELLY.jpg,0.9347374439239502
IMG-20250717-WA0011_BELLY.jpg,15,A06_12_01_W_roh_BELLY.jpg,0.9343978762626648
IMG-20250717-WA0011_BELLY.jpg,16,IMG-20250919-WA0020_BELLY.jpg,0.9340260028839111
IMG-20250717-WA0011_BELLY.jpg,17,A05_18_05_W_roh_BELLY.jpg,0.9327293634414673
IMG-20250717-WA0011_BELLY.jpg,18,IMG_20250717_113156_BELLY.jpg,0.9323548078536987
IMG-20250717-WA0011_BELLY.jpg,19,A01_18_07_W_roh_BELLY.jpg,0.9320189952850342
IMG-20250717-WA0011_BELLY.jpg,20,IMG-20250910-WA0022_BELLY.jpg,0.9318921566009521
IMG-20250717-WA0012_BELLY.jpg,1,IMG-20250717-WA0009_BELLY.jpg,0.9059748649597168
IMG-20250717-WA0012_BELLY.jpg,2,IMG-20250717-WA0013_BELLY.jpg,0.8984603881835938
IMG-20250717-WA0012_BELLY.jpg,3,IMG-20250717-WA0017_BELLY.jpg,0.8977798223495483
IMG-20250717-WA0012_BELLY.jpg,4,IMG-20250717-WA0011_BELLY.jpg,0.8946045637130737
IMG-20250717-WA0012_BELLY.jpg,5,A08_17_17_W_roh_BELLY.jpg,0.878950297832489
IMG-20250717-WA0012_BELLY.jpg,6,A08_18_03_W_roh_BELLY.jpg,0.8782181739807129
IMG-20250717-WA0012_BELLY.jpg,7,IMG-20250919-WA0019_BELLY.jpg,0.8781359195709229
IMG-20250717-WA0012_BELLY.jpg,8,IMG_20250717_111516_BELLY.jpg,0.8779563903808594
IMG-20250717-WA0012_BELLY.jpg,9,IMG-20250919-WA0020_BELLY.jpg,0.8773459196090698
IMG-20250717-WA0012_BELLY.jpg,10,A07_18_03_W_roh_BELLY.jpg,0.8754453659057617
IMG-20250717-WA0012_BELLY.jpg,11,AT01_03_01_W_roh_BELLY.jpg,0.8723104000091553
IMG-20250717-WA0012_BELLY.jpg,12,A03_15_04_W_roh_BELLY.jpg,0.8688448667526245
IMG-20250717-WA0012_BELLY.jpg,13,A01_18_02_M_roh_BELLY.jpg,0.8659461736679077
IMG-20250717-WA0012_BELLY.jpg,14,A03_15_06_W_roh_BELLY.jpg,0.8623932600021362
IMG-20250717-WA0012_BELLY.jpg,15,A01_18_05_W_roh_BELLY.jpg,0.8610891103744507
IMG-20250717-WA0012_BELLY.jpg,16,IMG_20250717_113156_BELLY.jpg,0.8606287240982056
IMG-20250717-WA0012_BELLY.jpg,17,A01_18_07_W_roh_BELLY.jpg,0.859368622303009
IMG-20250717-WA0012_BELLY.jpg,18,IMG_20250515_113414_BELLY.jpg,0.8581891059875488
IMG-20250717-WA0012_BELLY.jpg,19,A04_17_02_W_roh_BELLY.jpg,0.8559743762016296
IMG-20250717-WA0012_BELLY.jpg,20,IMG-20250910-WA0062_BELLY.jpg,0.8539866209030151
IMG-20250717-WA0013_BELLY.jpg,1,A08_17_17_W_roh_BELLY.jpg,0.9467320442199707
IMG-20250717-WA0013_BELLY.jpg,2,IMG-20250717-WA0011_BELLY.jpg,0.9449345469474792
IMG-20250717-WA0013_BELLY.jpg,3,IMG-20250919-WA0019_BELLY.jpg,0.9347424507141113
IMG-20250717-WA0013_BELLY.jpg,4,IMG-20250717-WA0017_BELLY.jpg,0.9290918707847595
IMG-20250717-WA0013_BELLY.jpg,5,A04_17_02_W_roh_BELLY.jpg,0.92583167552948
IMG-20250717-WA0013_BELLY.jpg,6,IMG-20250910-WA0030_BELLY.jpg,0.9240142107009888
IMG-20250717-WA0013_BELLY.jpg,7,IMG-20250910-WA0015_BELLY.jpg,0.9238890409469604
IMG-20250717-WA0013_BELLY.jpg,8,IMG-20250910-WA0022_BELLY.jpg,0.9209929704666138
IMG-20250717-WA0013_BELLY.jpg,9,IMG-20250919-WA0020_BELLY.jpg,0.9189643859863281
IMG-20250717-WA0013_BELLY.jpg,10,A06_17_02_W__roh_BELLY.jpg,0.9177507162094116
IMG-20250717-WA0013_BELLY.jpg,11,A03_15_06_W_roh_BELLY.jpg,0.9167665243148804
IMG-20250717-WA0013_BELLY.jpg,12,A08_15_04_M_roh_BELLY.jpg,0.9144784212112427
IMG-20250717-WA0013_BELLY.jpg,13,IMG-20250910-WA0018_BELLY.jpg,0.9134681224822998
IMG-20250717-WA0013_BELLY.jpg,14,A01_18_04_M_roh_BELLY.jpg,0.913257360458374
IMG-20250717-WA0013_BELLY.jpg,15,IMG-20250717-WA0009_BELLY.jpg,0.9112950563430786
IMG-20250717-WA0013_BELLY.jpg,16,IMG-20250919-WA0012_BELLY.jpg,0.9105060696601868
IMG-20250717-WA0013_BELLY.jpg,17,A06_03_02_W_roh_BELLY.jpg,0.9100304841995239
IMG-20250717-WA0013_BELLY.jpg,18,A01_18_05_W_roh_BELLY.jpg,0.9084697961807251
IMG-20250717-WA0013_BELLY.jpg,19,A01_18_12_M_roh_BELLY.jpg,0.9083482027053833
IMG-20250717-WA0013_BELLY.jpg,20,A01_18_02_M_roh_BELLY.jpg,0.9057987332344055
IMG-20250717-WA0017_BELLY.jpg,1,IMG-20250717-WA0013_BELLY.jpg,0.9290918707847595
IMG-20250717-WA0017_BELLY.jpg,2,IMG-20250717-WA0009_BELLY.jpg,0.9267377257347107
IMG-20250717-WA0017_BELLY.jpg,3,IMG-20250717-WA0011_BELLY.jpg,0.9231465458869934
IMG-20250717-WA0017_BELLY.jpg,4,IMG-20250919-WA0012_BELLY.jpg,0.9041340947151184
IMG-20250717-WA0017_BELLY.jpg,5,A08_17_17_W_roh_BELLY.jpg,0.8986167311668396
IMG-20250717-WA0017_BELLY.jpg,6,IMG-20250717-WA0012_BELLY.jpg,0.8977798223495483
IMG-20250717-WA0017_BELLY.jpg,7,IMG_20250717_113156_BELLY.jpg,0.8976263999938965
IMG-20250717-WA0017_BELLY.jpg,8,A06_17_02_W__roh_BELLY.jpg,0.8939365148544312
IMG-20250717-WA0017_BELLY.jpg,9,IMG_20250717_111516_BELLY.jpg,0.8900705575942993
IMG-20250717-WA0017_BELLY.jpg,10,IMG_20250717_104525_BELLY.jpg,0.8890326619148254
IMG-20250717-WA0017_BELLY.jpg,11,A02_06_07_M_roh_BELLY.jpg,0.8884382247924805
IMG-20250717-WA0017_BELLY.jpg,12,A07_08_04_M_roh_BELLY.jpg,0.8881783485412598
IMG-20250717-WA0017_BELLY.jpg,13,IMG-20250919-WA0019_BELLY.jpg,0.886044979095459
IMG-20250717-WA0017_BELLY.jpg,14,A08_15_04_M_roh_BELLY.jpg,0.8848270773887634
IMG-20250717-WA0017_BELLY.jpg,15,A06_17_01_M_roh_-_Kopie_BELLY.jpg,0.8847944736480713
IMG-20250717-WA0017_BELLY.jpg,16,A03_15_06_W_roh_BELLY.jpg,0.8842121958732605
IMG-20250717-WA0017_BELLY.jpg,17,A01_18_04_M_roh_BELLY.jpg,0.8840705156326294
IMG-20250717-WA0017_BELLY.jpg,18,A03_12_01_M_roh_BELLY.jpg,0.8836261034011841
IMG-20250717-WA0017_BELLY.jpg,19,IMG-20250919-WA0011_BELLY.jpg,0.8830145597457886
IMG-20250717-WA0017_BELLY.jpg,20,A04_17_02_W_roh_BELLY.jpg,0.8826008439064026
IMG-20250829-WA0013_BELLY.jpg,1,IMG_20250807_105223_BELLY.jpg,0.9233337044715881
IMG-20250829-WA0013_BELLY.jpg,2,IMG-20250829-WA0018_BELLY.jpg,0.9214708805084229
IMG-20250829-WA0013_BELLY.jpg,3,IMG_20250501_132350_BELLY.jpg,0.9206830263137817
IMG-20250829-WA0013_BELLY.jpg,4,IMG_20250717_113844_BELLY.jpg,0.9169619083404541
IMG-20250829-WA0013_BELLY.jpg,5,IMG_20250717_123430_BELLY.jpg,0.9166960716247559
IMG-20250829-WA0013_BELLY.jpg,6,A01_05_03_W_roh_BELLY.jpg,0.9131799936294556
IMG-20250829-WA0013_BELLY.jpg,7,A07_08_04_M_roh_BELLY.jpg,0.9097654819488525
IMG-20250829-WA0013_BELLY.jpg,8,IMG-20250829-WA0024_BELLY.jpg,0.9068443775177002
IMG-20250829-WA0013_BELLY.jpg,9,A08_09_39_W_roh_BELLY.jpg,0.9061092138290405
IMG-20250829-WA0013_BELLY.jpg,10,A08_18_09_M_roh_BELLY.jpg,0.9055873155593872
IMG-20250829-WA0013_BELLY.jpg,11,A04_15_03_M_roh_BELLY.jpg,0.9046624898910522
IMG-20250829-WA0013_BELLY.jpg,12,IMG_20250717_111215_BELLY.jpg,0.9036715030670166
IMG-20250829-WA0013_BELLY.jpg,13,A07_08_03_W_roh_BELLY.jpg,0.9035882949829102
IMG-20250829-WA0013_BELLY.jpg,14,IMG-20250626-WA0003_BELLY.jpg,0.9032340049743652
IMG-20250829-WA0013_BELLY.jpg,15,IMG_20250717_123656_BELLY.jpg,0.9031496047973633
IMG-20250829-WA0013_BELLY.jpg,16,IMG_20250717_111635_BELLY.jpg,0.9024479389190674
IMG-20250829-WA0013_BELLY.jpg,17,A07_09_02_W_roh_BELLY.jpg,0.9019487500190735
IMG-20250829-WA0013_BELLY.jpg,18,IMG-20250626-WA0004_BELLY.jpg,0.9018371105194092
IMG-20250829-WA0013_BELLY.jpg,19,IMG-20250717-WA0011_BELLY.jpg,0.9015365839004517
IMG-20250829-WA0013_BELLY.jpg,20,IMG-20250626-WA0002_BELLY.jpg,0.9013941287994385
IMG-20250829-WA0015_BELLY.jpg,1,IMG-20250829-WA0020_BELLY.jpg,0.9416700601577759
IMG-20250829-WA0015_BELLY.jpg,2,IMG-20250626-WA0014_BELLY.jpg,0.9345666170120239
IMG-20250829-WA0015_BELLY.jpg,3,IMG_20250501_132115_BELLY.jpg,0.9296077489852905
IMG-20250829-WA0015_BELLY.jpg,4,A01_09_21_W_roh_BELLY.jpg,0.928081214427948
IMG-20250829-WA0015_BELLY.jpg,5,IMG-20250829-WA0018_BELLY.jpg,0.9262322187423706
IMG-20250829-WA0015_BELLY.jpg,6,IMG_20250717_111215_BELLY.jpg,0.9257519245147705
IMG-20250829-WA0015_BELLY.jpg,7,A06_14_02_W_roh_BELLY.jpg,0.9248327016830444
IMG-20250829-WA0015_BELLY.jpg,8,IMG-20250919-WA0021_BELLY.jpg,0.923495888710022
IMG-20250829-WA0015_BELLY.jpg,9,IMG_20250501_132350_BELLY.jpg,0.9201841950416565
IMG-20250829-WA0015_BELLY.jpg,10,IMG_20250717_123430_BELLY.jpg,0.919819712638855
IMG-20250829-WA0015_BELLY.jpg,11,IMG-20250910-WA0029_BELLY.jpg,0.9171068072319031
IMG-20250829-WA0015_BELLY.jpg,12,IMG-20250910-WA0062_BELLY.jpg,0.9170753955841064
IMG-20250829-WA0015_BELLY.jpg,13,IMG_20250807_103916_BELLY.jpg,0.9160814881324768
IMG-20250829-WA0015_BELLY.jpg,14,IMG-20250607-WA0003_BELLY.jpg,0.9153554439544678
IMG-20250829-WA0015_BELLY.jpg,15,A08_09_39_W_roh_BELLY.jpg,0.9145817756652832
IMG-20250829-WA0015_BELLY.jpg,16,IMG-20250829-WA0024_BELLY.jpg,0.9141432046890259
IMG-20250829-WA0015_BELLY.jpg,17,IMG_20250807_104343_BELLY.jpg,0.9139966368675232
IMG-20250829-WA0015_BELLY.jpg,18,IMG_20250717_111635_BELLY.jpg,0.9137469530105591
IMG-20250829-WA0015_BELLY.jpg,19,IMG_20250515_113414_BELLY.jpg,0.9133074283599854
IMG-20250829-WA0015_BELLY.jpg,20,A07_09_03_W_roh_BELLY.jpg,0.9129884243011475
IMG-20250829-WA0018_BELLY.jpg,1,IMG-20250829-WA0024_BELLY.jpg,0.9454904794692993
IMG-20250829-WA0018_BELLY.jpg,2,IMG_20250717_123430_BELLY.jpg,0.9321239590644836
IMG-20250829-WA0018_BELLY.jpg,3,IMG-20250829-WA0022_BELLY.jpg,0.9318704009056091
IMG-20250829-WA0018_BELLY.jpg,4,IMG_20250717_111215_BELLY.jpg,0.930202841758728
IMG-20250829-WA0018_BELLY.jpg,5,A08_09_39_W_roh_BELLY.jpg,0.9298327565193176
IMG-20250829-WA0018_BELLY.jpg,6,IMG_20250717_111635_BELLY.jpg,0.9266002178192139
IMG-20250829-WA0018_BELLY.jpg,7,IMG_20250717_113844_BELLY.jpg,0.9263656139373779
IMG-20250829-WA0018_BELLY.jpg,8,IMG-20250829-WA0015_BELLY.jpg,0.9262322187423706
IMG-20250829-WA0018_BELLY.jpg,9,IMG-20250910-WA0062_BELLY.jpg,0.9255304932594299
IMG-20250829-WA0018_BELLY.jpg,10,IMG_20250501_132115_BELLY.jpg,0.9252938032150269
IMG-20250829-WA0018_BELLY.jpg,11,IMG-20250910-WA0029_BELLY.jpg,0.9232725501060486
IMG-20250829-WA0018_BELLY.jpg,12,IMG-20250607-WA0003_BELLY.jpg,0.9227461814880371
IMG-20250829-WA0018_BELLY.jpg,13,IMG-20250829-WA0013_BELLY.jpg,0.9214708805084229
IMG-20250829-WA0018_BELLY.jpg,14,A06_14_02_W_roh_BELLY.jpg,0.9210604429244995
IMG-20250829-WA0018_BELLY.jpg,15,A08_15_17_M_roh_BELLY.jpg,0.9209906458854675
IMG-20250829-WA0018_BELLY.jpg,16,IMG-20250626-WA0014_BELLY.jpg,0.9205187559127808
IMG-20250829-WA0018_BELLY.jpg,17,IMG_20250515_113414_BELLY.jpg,0.9183656573295593
IMG-20250829-WA0018_BELLY.jpg,18,IMG_20250501_132350_BELLY.jpg,0.9177197813987732
IMG-20250829-WA0018_BELLY.jpg,19,IMG-20250919-WA0012_BELLY.jpg,0.9172829389572144
IMG-20250829-WA0018_BELLY.jpg,20,IMG-20250626-WA0021_BELLY.jpg,0.9150095582008362
IMG-20250829-WA0020_BELLY.jpg,1,A01_09_21_W_roh_BELLY.jpg,0.9470280408859253
IMG-20250829-WA0020_BELLY.jpg,2,IMG_20250807_103916_BELLY.jpg,0.9453127384185791
IMG-20250829-WA0020_BELLY.jpg,3,IMG_20250717_111215_BELLY.jpg,0.942997932434082
IMG-20250829-WA0020_BELLY.jpg,4,IMG_20250807_104343_BELLY.jpg,0.9422810673713684
IMG-20250829-WA0020_BELLY.jpg,5,IMG-20250919-WA0021_BELLY.jpg,0.9419032335281372
IMG-20250829-WA0020_BELLY.jpg,6,IMG-20250829-WA0015_BELLY.jpg,0.9416700601577759
IMG-20250829-WA0020_BELLY.jpg,7,IMG_20250501_132115_BELLY.jpg,0.9396035671234131
IMG-20250829-WA0020_BELLY.jpg,8,IMG_20250501_132350_BELLY.jpg,0.9357390999794006
IMG-20250829-WA0020_BELLY.jpg,9,IMG-20250626-WA0006_BELLY.jpg,0.9350669384002686
IMG-20250829-WA0020_BELLY.jpg,10,IMG-20250626-WA0014_BELLY.jpg,0.9343403577804565
IMG-20250829-WA0020_BELLY.jpg,11,IMG-20250626-WA0003_BELLY.jpg,0.9324444532394409
IMG-20250829-WA0020_BELLY.jpg,12,IMG_20250807_110659_BELLY.jpg,0.9281004667282104
IMG-20250829-WA0020_BELLY.jpg,13,IMG_20250717_104317_BELLY.jpg,0.9269459843635559
IMG-20250829-WA0020_BELLY.jpg,14,IMG-20250919-WA0016_BELLY.jpg,0.9261291027069092
IMG-20250829-WA0020_BELLY.jpg,15,IMG_20250807_104159_BELLY.jpg,0.9257807731628418
IMG-20250829-WA0020_BELLY.jpg,16,A06_14_02_W_roh_BELLY.jpg,0.9236507415771484
IMG-20250829-WA0020_BELLY.jpg,17,IMG_20250717_113844_BELLY.jpg,0.9225785136222839
IMG-20250829-WA0020_BELLY.jpg,18,IMG_20250717_113633_BELLY.jpg,0.9189751148223877
IMG-20250829-WA0020_BELLY.jpg,19,IMG_20250717_123430_BELLY.jpg,0.9187048673629761
IMG-20250829-WA0020_BELLY.jpg,20,IMG_20250717_111635_BELLY.jpg,0.9186313152313232
IMG-20250829-WA0022_BELLY.jpg,1,A08_09_35_W_roh_BELLY.jpg,0.9505712389945984
IMG-20250829-WA0022_BELLY.jpg,2,A06_17_02_W__roh_BELLY.jpg,0.9421030879020691
IMG-20250829-WA0022_BELLY.jpg,3,A01_17_01_W_roh_BELLY.jpg,0.9396970272064209
IMG-20250829-WA0022_BELLY.jpg,4,A08_18_14_M_roh_BELLY.jpg,0.9383285045623779
IMG-20250829-WA0022_BELLY.jpg,5,A08_18_20_W_roh_BELLY.jpg,0.9354333877563477
IMG-20250829-WA0022_BELLY.jpg,6,A01_08_01_W_roh_BELLY.jpg,0.9328999519348145
IMG-20250829-WA0022_BELLY.jpg,7,IMG-20250829-WA0018_BELLY.jpg,0.9318704009056091
IMG-20250829-WA0022_BELLY.jpg,8,IMG-20250910-WA0022_BELLY.jpg,0.9272462129592896
IMG-20250829-WA0022_BELLY.jpg,9,A01_18_12_M_roh_BELLY.jpg,0.9268072843551636
IMG-20250829-WA0022_BELLY.jpg,10,IMG-20250829-WA0024_BELLY.jpg,0.9265989661216736
IMG-20250829-WA0022_BELLY.jpg,11,A06_17_01_M_roh_-_Kopie_BELLY.jpg,0.9252732992172241
IMG-20250829-WA0022_BELLY.jpg,12,IMG-20250910-WA0017_BELLY.jpg,0.9244910478591919
IMG-20250829-WA0022_BELLY.jpg,13,A05_12_03_W_roh_BELLY.jpg,0.9238190650939941
IMG-20250829-WA0022_BELLY.jpg,14,IMG_20250501_132115_BELLY.jpg,0.9233177900314331
IMG-20250829-WA0022_BELLY.jpg,15,A03_12_01_M_roh_BELLY.jpg,0.9223525524139404
IMG-20250829-WA0022_BELLY.jpg,16,IMG-20250919-WA0014_BELLY.jpg,0.9219628572463989
IMG-20250829-WA0022_BELLY.jpg,17,A08_18_23_W_roh_BELLY.jpg,0.9216967225074768
IMG-20250829-WA0022_BELLY.jpg,18,A07_17_06_W_roh_BELLY.jpg,0.9216939806938171
IMG-20250829-WA0022_BELLY.jpg,19,A01_15_06_W_roh_BELLY.jpg,0.9216159582138062
IMG-20250829-WA0022_BELLY.jpg,20,A06_17_04_W_roh_BELLY.jpg,0.9213616847991943
IMG-20250829-WA0024_BELLY.jpg,1,IMG-20250829-WA0018_BELLY.jpg,0.9454904794692993
IMG-20250829-WA0024_BELLY.jpg,2,IMG_20250501_132115_BELLY.jpg,0.935053825378418
IMG-20250829-WA0024_BELLY.jpg,3,IMG-20250919-WA0012_BELLY.jpg,0.9320111274719238
IMG-20250829-WA0024_BELLY.jpg,4,IMG-20250717-WA0011_BELLY.jpg,0.9311553239822388
IMG-20250829-WA0024_BELLY.jpg,5,A06_17_02_W__roh_BELLY.jpg,0.9307731986045837
IMG-20250829-WA0024_BELLY.jpg,6,IMG-20250607-WA0003_BELLY.jpg,0.9297772645950317
IMG-20250829-WA0024_BELLY.jpg,7,IMG_20250717_113844_BELLY.jpg,0.9291107654571533
IMG-20250829-WA0024_BELLY.jpg,8,A08_15_17_M_roh_BELLY.jpg,0.9287419319152832
IMG-20250829-WA0024_BELLY.jpg,9,A08_09_39_W_roh_BELLY.jpg,0.9280139207839966
IMG-20250829-WA0024_BELLY.jpg,10,IMG-20250910-WA0029_BELLY.jpg,0.9275816679000854
IMG-20250829-WA0024_BELLY.jpg,11,IMG-20250829-WA0022_BELLY.jpg,0.9265989661216736
IMG-20250829-WA0024_BELLY.jpg,12,A01_08_01_W_roh_BELLY.jpg,0.9243146181106567
IMG-20250829-WA0024_BELLY.jpg,13,A08_18_20_W_roh_BELLY.jpg,0.9242535829544067
IMG-20250829-WA0024_BELLY.jpg,14,IMG-20250910-WA0062_BELLY.jpg,0.9241377115249634
IMG-20250829-WA0024_BELLY.jpg,15,A08_18_21_M_roh_BELLY.jpg,0.9230958819389343
IMG-20250829-WA0024_BELLY.jpg,16,A08_15_04_M_roh_BELLY.jpg,0.9230676889419556
IMG-20250829-WA0024_BELLY.jpg,17,IMG_20250717_111635_BELLY.jpg,0.922919750213623
IMG-20250829-WA0024_BELLY.jpg,18,A01_05_03_W_roh_BELLY.jpg,0.9221212863922119
IMG-20250829-WA0024_BELLY.jpg,19,IMG-20250910-WA0017_BELLY.jpg,0.9220011234283447
IMG-20250829-WA0024_BELLY.jpg,20,A04_17_02_W_roh_BELLY.jpg,0.9214147329330444
IMG-20250910-WA0014_BELLY.jpg,1,A05_15_03_W_roh_BELLY.jpg,0.9542604684829712
IMG-20250910-WA0014_BELLY.jpg,2,IMG-20250910-WA0023_BELLY.jpg,0.9522104263305664
IMG-20250910-WA0014_BELLY.jpg,3,IMG-20250910-WA0025_BELLY.jpg,0.9501874446868896
IMG-20250910-WA0014_BELLY.jpg,4,A08_18_22_W_roh_BELLY.jpg,0.93880295753479
IMG-20250910-WA0014_BELLY.jpg,5,AT01_03_02_W_roh_BELLY.jpg,0.9387226104736328
IMG-20250910-WA0014_BELLY.jpg,6,IMG-20250910-WA0016_BELLY.jpg,0.937671422958374
IMG-20250910-WA0014_BELLY.jpg,7,A01_15_03_W_roh_BELLY.jpg,0.9368940591812134
IMG-20250910-WA0014_BELLY.jpg,8,A04_06_01_M_roh_BELLY.jpg,0.9351075887680054
IMG-20250910-WA0014_BELLY.jpg,9,A03_12_02_W_roh_BELLY.jpg,0.9334218502044678
IMG-20250910-WA0014_BELLY.jpg,10,IMG-20250910-WA0017_BELLY.jpg,0.932593822479248
IMG-20250910-WA0014_BELLY.jpg,11,IMG-20250910-WA0018_BELLY.jpg,0.9316247701644897
IMG-20250910-WA0014_BELLY.jpg,12,A01_15_06_W_roh_BELLY.jpg,0.9305709600448608
IMG-20250910-WA0014_BELLY.jpg,13,A08_18_14_M_roh_BELLY.jpg,0.9302186369895935
IMG-20250910-WA0014_BELLY.jpg,14,A05_12_03_W_roh_BELLY.jpg,0.9298379421234131
IMG-20250910-WA0014_BELLY.jpg,15,IMG-20250910-WA0063_BELLY.jpg,0.9289534091949463
IMG-20250910-WA0014_BELLY.jpg,16,A08_18_23_W_roh_BELLY.jpg,0.9286602735519409
IMG-20250910-WA0014_BELLY.jpg,17,A05_18_07_W_roh_BELLY.jpg,0.9285125136375427
IMG-20250910-WA0014_BELLY.jpg,18,A04_15_05_W_roh_BELLY.jpg,0.9281430244445801
IMG-20250910-WA0014_BELLY.jpg,19,A03_12_03_M_roh_BELLY.jpg,0.9276589751243591
IMG-20250910-WA0014_BELLY.jpg,20,A08_18_20_W_roh_BELLY.jpg,0.9276074171066284
IMG-20250910-WA0015_BELLY.jpg,1,IMG-20250910-WA0030_BELLY.jpg,0.9545249938964844
IMG-20250910-WA0015_BELLY.jpg,2,IMG-20250910-WA0061_BELLY.jpg,0.949589729309082
IMG-20250910-WA0015_BELLY.jpg,3,A01_18_04_M_roh_BELLY.jpg,0.9460434317588806
IMG-20250910-WA0015_BELLY.jpg,4,A08_18_05_W_roh_BELLY.jpg,0.9436359405517578
IMG-20250910-WA0015_BELLY.jpg,5,A07_18_01_W_roh_BELLY.jpg,0.9424664378166199
IMG-20250910-WA0015_BELLY.jpg,6,A01_18_05_W_roh_BELLY.jpg,0.9402161836624146
IMG-20250910-WA0015_BELLY.jpg,7,A08_15_04_M_roh_BELLY.jpg,0.939589262008667
IMG-20250910-WA0015_BELLY.jpg,8,IMG-20250910-WA0022_BELLY.jpg,0.93855220079422
IMG-20250910-WA0015_BELLY.jpg,9,A01_18_12_M_roh_BELLY.jpg,0.9338808059692383
IMG-20250910-WA0015_BELLY.jpg,10,A03_18_06_W_roh_BELLY.jpg,0.9335631132125854
IMG-20250910-WA0015_BELLY.jpg,11,A08_18_02_W_roh_BELLY.jpg,0.9330363869667053
IMG-20250910-WA0015_BELLY.jpg,12,A03_18_07_M_roh_BELLY.jpg,0.9321436882019043
IMG-20250910-WA0015_BELLY.jpg,13,A04_15_06_M_roh_BELLY.jpg,0.932089626789093
IMG-20250910-WA0015_BELLY.jpg,14,A05_18_06_W_roh_BELLY.jpg,0.9320778846740723
IMG-20250910-WA0015_BELLY.jpg,15,A08_15_05_M_roh_BELLY.jpg,0.9318644404411316
IMG-20250910-WA0015_BELLY.jpg,16,A08_18_01_M_roh_BELLY.jpg,0.9312226176261902
IMG-20250910-WA0015_BELLY.jpg,17,A05_18_05_W_roh_BELLY.jpg,0.9312025308609009
IMG-20250910-WA0015_BELLY.jpg,18,A01_15_06_W_roh_BELLY.jpg,0.9307273626327515
IMG-20250910-WA0015_BELLY.jpg,19,IMG-20250910-WA0018_BELLY.jpg,0.9304810762405396
IMG-20250910-WA0015_BELLY.jpg,20,IMG-20250919-WA0019_BELLY.jpg,0.9293015003204346
IMG-20250910-WA0016_BELLY.jpg,1,IMG-20250910-WA0022_BELLY.jpg,0.9636200070381165
IMG-20250910-WA0016_BELLY.jpg,2,IMG-20250910-WA0023_BELLY.jpg,0.9628008604049683
IMG-20250910-WA0016_BELLY.jpg,3,IMG-20250910-WA0017_BELLY.jpg,0.961463451385498
IMG-20250910-WA0016_BELLY.jpg,4,IMG-20250910-WA0018_BELLY.jpg,0.9610394239425659
IMG-20250910-WA0016_BELLY.jpg,5,A08_18_05_W_roh_BELLY.jpg,0.9592642188072205
IMG-20250910-WA0016_BELLY.jpg,6,A08_18_22_W_roh_BELLY.jpg,0.9575712084770203
IMG-20250910-WA0016_BELLY.jpg,7,AT01_03_02_W_roh_BELLY.jpg,0.9571493268013
IMG-20250910-WA0016_BELLY.jpg,8,IMG-20250910-WA0027_BELLY.jpg,0.9564583897590637
IMG-20250910-WA0016_BELLY.jpg,9,A01_15_06_W_roh_BELLY.jpg,0.9541025161743164
IMG-20250910-WA0016_BELLY.jpg,10,IMG-20250910-WA0063_BELLY.jpg,0.9538399577140808
IMG-20250910-WA0016_BELLY.jpg,11,A08_18_19_W_roh_BELLY.jpg,0.9526612758636475
IMG-20250910-WA0016_BELLY.jpg,12,A07_18_01_W_roh_BELLY.jpg,0.952558159828186
IMG-20250910-WA0016_BELLY.jpg,13,A06_15_03_W_roh_BELLY.jpg,0.9519185423851013
IMG-20250910-WA0016_BELLY.jpg,14,A04_03_01_W_roh_BELLY.jpg,0.950568437576294
IMG-20250910-WA0016_BELLY.jpg,15,A01_18_12_M_roh_BELLY.jpg,0.9493076801300049
IMG-20250910-WA0016_BELLY.jpg,16,A04_15_06_M_roh_BELLY.jpg,0.947331428527832
IMG-20250910-WA0016_BELLY.jpg,17,IMG-20250910-WA0030_BELLY.jpg,0.9435973167419434
IMG-20250910-WA0016_BELLY.jpg,18,A08_18_13_W_roh_BELLY.jpg,0.9424616694450378
IMG-20250910-WA0016_BELLY.jpg,19,A01_12_01_M_roh_BELLY.jpg,0.941241979598999
IMG-20250910-WA0016_BELLY.jpg,20,IMG-20250910-WA0061_BELLY.jpg,0.9410402774810791
IMG-20250910-WA0017_BELLY.jpg,1,IMG-20250910-WA0063_BELLY.jpg,0.9655597805976868
IMG-20250910-WA0017_BELLY.jpg,2,A06_15_03_W_roh_BELLY.jpg,0.9624485969543457
IMG-20250910-WA0017_BELLY.jpg,3,IMG-20250910-WA0016_BELLY.jpg,0.961463451385498
IMG-20250910-WA0017_BELLY.jpg,4,A08_18_22_W_roh_BELLY.jpg,0.9593324661254883
IMG-20250910-WA0017_BELLY.jpg,5,IMG-20250910-WA0023_BELLY.jpg,0.9539699554443359
IMG-20250910-WA0017_BELLY.jpg,6,IMG-20250910-WA0022_BELLY.jpg,0.9527319073677063
IMG-20250910-WA0017_BELLY.jpg,7,A04_15_06_M_roh_BELLY.jpg,0.951704740524292
IMG-20250910-WA0017_BELLY.jpg,8,A04_17_01_W_roh_BELLY.jpg,0.9512796998023987
IMG-20250910-WA0017_BELLY.jpg,9,A08_18_18_W_roh_BELLY.jpg,0.9502670764923096
IMG-20250910-WA0017_BELLY.jpg,10,A08_18_20_W_roh_BELLY.jpg,0.9495395421981812
IMG-20250910-WA0017_BELLY.jpg,11,A06_18_04_W_roh_BELLY.jpg,0.9471467733383179
IMG-20250910-WA0017_BELLY.jpg,12,IMG-20250910-WA0018_BELLY.jpg,0.9469612240791321
IMG-20250910-WA0017_BELLY.jpg,13,A01_12_01_M_roh_BELLY.jpg,0.9468485116958618
IMG-20250910-WA0017_BELLY.jpg,14,A01_15_06_W_roh_BELLY.jpg,0.9466855525970459
IMG-20250910-WA0017_BELLY.jpg,15,A08_15_21_M_roh_BELLY.jpg,0.9463683366775513
IMG-20250910-WA0017_BELLY.jpg,16,A03_12_02_W_roh_BELLY.jpg,0.945493221282959
IMG-20250910-WA0017_BELLY.jpg,17,IMG-20250910-WA0061_BELLY.jpg,0.9443042278289795
IMG-20250910-WA0017_BELLY.jpg,18,IMG-20250919-WA0014_BELLY.jpg,0.9436975717544556
IMG-20250910-WA0017_BELLY.jpg,19,A08_18_09_M_roh_BELLY.jpg,0.9422820210456848
IMG-20250910-WA0017_BELLY.jpg,20,A08_18_14_M_roh_BELLY.jpg,0.9412020444869995
IMG-20250910-WA0018_BELLY.jpg,1,A01_18_12_M_roh_BELLY.jpg,0.9641231298446655
IMG-20250910-WA0018_BELLY.jpg,2,A08_18_05_W_roh_BELLY.jpg,0.9639877080917358
IMG-20250910-WA0018_BELLY.jpg,3,IMG-20250910-WA0022_BELLY.jpg,0.9616273641586304
IMG-20250910-WA0018_BELLY.jpg,4,IMG-20250910-WA0016_BELLY.jpg,0.9610394239425659
IMG-20250910-WA0018_BELLY.jpg,5,A08_18_02_W_roh_BELLY.jpg,0.957904577255249
IMG-20250910-WA0018_BELLY.jpg,6,A08_15_19_M_roh_BELLY.jpg,0.9552614092826843
IMG-20250910-WA0018_BELLY.jpg,7,A08_18_22_W_roh_BELLY.jpg,0.9535857439041138
IMG-20250910-WA0018_BELLY.jpg,8,A07_18_01_W_roh_BELLY.jpg,0.9530686140060425
IMG-20250910-WA0018_BELLY.jpg,9,IMG-20250910-WA0030_BELLY.jpg,0.9529407024383545
IMG-20250910-WA0018_BELLY.jpg,10,IMG-20250910-WA0027_BELLY.jpg,0.9525790214538574
IMG-20250910-WA0018_BELLY.jpg,11,A01_15_06_W_roh_BELLY.jpg,0.9525293707847595
IMG-20250910-WA0018_BELLY.jpg,12,A08_18_19_W_roh_BELLY.jpg,0.9518595933914185
IMG-20250910-WA0018_BELLY.jpg,13,A04_03_01_W_roh_BELLY.jpg,0.9515976905822754
IMG-20250910-WA0018_BELLY.jpg,14,A04_15_06_M_roh_BELLY.jpg,0.9503135085105896
IMG-20250910-WA0018_BELLY.jpg,15,A01_18_03_W_roh_BELLY.jpg,0.9491331577301025
IMG-20250910-WA0018_BELLY.jpg,16,A05_18_08_W_roh_BELLY.jpg,0.9491249322891235
IMG-20250910-WA0018_BELLY.jpg,17,A08_15_04_M_roh_BELLY.jpg,0.9474306106567383
IMG-20250910-WA0018_BELLY.jpg,18,IMG-20250910-WA0017_BELLY.jpg,0.9469612240791321
IMG-20250910-WA0018_BELLY.jpg,19,A05_18_06_W_roh_BELLY.jpg,0.9463428258895874
IMG-20250910-WA0018_BELLY.jpg,20,A08_18_20_W_roh_BELLY.jpg,0.9455538988113403
IMG-20250910-WA0022_BELLY.jpg,1,IMG-20250910-WA0016_BELLY.jpg,0.9636200070381165
IMG-20250910-WA0022_BELLY.jpg,2,IMG-20250910-WA0018_BELLY.jpg,0.9616273641586304
IMG-20250910-WA0022_BELLY.jpg,3,A08_18_05_W_roh_BELLY.jpg,0.9561681747436523
IMG-20250910-WA0022_BELLY.jpg,4,A01_18_12_M_roh_BELLY.jpg,0.9551485180854797
IMG-20250910-WA0022_BELLY.jpg,5,A07_18_01_W_roh_BELLY.jpg,0.9541270732879639
IMG-20250910-WA0022_BELLY.jpg,6,IMG-20250910-WA0030_BELLY.jpg,0.953498363494873
IMG-20250910-WA0022_BELLY.jpg,7,IMG-20250910-WA0017_BELLY.jpg,0.9527319073677063
IMG-20250910-WA0022_BELLY.jpg,8,IMG-20250910-WA0027_BELLY.jpg,0.9506498575210571
IMG-20250910-WA0022_BELLY.jpg,9,A08_18_02_W_roh_BELLY.jpg,0.9500775933265686
IMG-20250910-WA0022_BELLY.jpg,10,A08_18_18_W_roh_BELLY.jpg,0.9499483108520508
IMG-20250910-WA0022_BELLY.jpg,11,A08_15_19_M_roh_BELLY.jpg,0.9498470425605774
IMG-20250910-WA0022_BELLY.jpg,12,A06_15_03_W_roh_BELLY.jpg,0.948177695274353
IMG-20250910-WA0022_BELLY.jpg,13,A01_15_06_W_roh_BELLY.jpg,0.9480866193771362
IMG-20250910-WA0022_BELLY.jpg,14,A08_15_04_M_roh_BELLY.jpg,0.9480609893798828
IMG-20250910-WA0022_BELLY.jpg,15,A04_15_06_M_roh_BELLY.jpg,0.9459389448165894
IMG-20250910-WA0022_BELLY.jpg,16,IMG-20250910-WA0063_BELLY.jpg,0.9453531503677368
IMG-20250910-WA0022_BELLY.jpg,17,A08_18_17_W_roh_BELLY.jpg,0.9450538158416748
IMG-20250910-WA0022_BELLY.jpg,18,A03_18_06_W_roh_BELLY.jpg,0.9447009563446045
IMG-20250910-WA0022_BELLY.jpg,19,A08_18_19_W_roh_BELLY.jpg,0.9440419673919678
IMG-20250910-WA0022_BELLY.jpg,20,A08_18_20_W_roh_BELLY.jpg,0.9439783096313477
IMG-20250910-WA0023_BELLY.jpg,1,IMG-20250910-WA0016_BELLY.jpg,0.9628008604049683
IMG-20250910-WA0023_BELLY.jpg,2,IMG-20250910-WA0017_BELLY.jpg,0.9539699554443359
IMG-20250910-WA0023_BELLY.jpg,3,IMG-20250910-WA0014_BELLY.jpg,0.9522104263305664
IMG-20250910-WA0023_BELLY.jpg,4,IMG-20250910-WA0061_BELLY.jpg,0.9478157758712769
IMG-20250910-WA0023_BELLY.jpg,5,IMG-20250910-WA0027_BELLY.jpg,0.947300374507904
IMG-20250910-WA0023_BELLY.jpg,6,AT01_03_02_W_roh_BELLY.jpg,0.9465796947479248
IMG-20250910-WA0023_BELLY.jpg,7,A01_15_06_W_roh_BELLY.jpg,0.9443137645721436
IMG-20250910-WA0023_BELLY.jpg,8,IMG-20250910-WA0018_BELLY.jpg,0.9441688060760498
IMG-20250910-WA0023_BELLY.jpg,9,A08_18_22_W_roh_BELLY.jpg,0.9434102773666382
IMG-20250910-WA0023_BELLY.jpg,10,IMG-20250910-WA0063_BELLY.jpg,0.943229079246521
IMG-20250910-WA0023_BELLY.jpg,11,A08_18_05_W_roh_BELLY.jpg,0.9412981271743774
IMG-20250910-WA0023_BELLY.jpg,12,IMG-20250910-WA0022_BELLY.jpg,0.9376506805419922
IMG-20250910-WA0023_BELLY.jpg,13,A05_18_06_W_roh_BELLY.jpg,0.9365606307983398
IMG-20250910-WA0023_BELLY.jpg,14,A04_03_01_W_roh_BELLY.jpg,0.9360964894294739
IMG-20250910-WA0023_BELLY.jpg,15,A06_15_03_W_roh_BELLY.jpg,0.934867799282074
IMG-20250910-WA0023_BELLY.jpg,16,A01_17_01_W_roh_BELLY.jpg,0.9344748258590698
IMG-20250910-WA0023_BELLY.jpg,17,A05_18_07_W_roh_BELLY.jpg,0.9342223405838013
IMG-20250910-WA0023_BELLY.jpg,18,A01_12_01_M_roh_BELLY.jpg,0.9334105849266052
IMG-20250910-WA0023_BELLY.jpg,19,A04_15_06_M_roh_BELLY.jpg,0.9332863688468933
IMG-20250910-WA0023_BELLY.jpg,20,A04_15_05_W_roh_BELLY.jpg,0.9328885078430176
IMG-20250910-WA0025_BELLY.jpg,1,A05_15_03_W_roh_BELLY.jpg,0.9523860216140747
IMG-20250910-WA0025_BELLY.jpg,2,IMG-20250910-WA0014_BELLY.jpg,0.9501874446868896
IMG-20250910-WA0025_BELLY.jpg,3,A08_18_23_W_roh_BELLY.jpg,0.9457732439041138
IMG-20250910-WA0025_BELLY.jpg,4,A08_15_07_W_roh_BELLY.jpg,0.9446980953216553
IMG-20250910-WA0025_BELLY.jpg,5,A01_15_03_W_roh_BELLY.jpg,0.9443008899688721
IMG-20250910-WA0025_BELLY.jpg,6,IMG_20250501_133055_BELLY.jpg,0.9428527355194092
IMG-20250910-WA0025_BELLY.jpg,7,A08_18_14_M_roh_BELLY.jpg,0.9423219561576843
IMG-20250910-WA0025_BELLY.jpg,8,A08_18_20_W_roh_BELLY.jpg,0.941737174987793
IMG-20250910-WA0025_BELLY.jpg,9,IMG-20250626-WA0004_BELLY.jpg,0.9392877817153931
IMG-20250910-WA0025_BELLY.jpg,10,A08_15_03_W_roh_BELLY.jpg,0.9384778738021851
IMG-20250910-WA0025_BELLY.jpg,11,A03_12_03_M_roh_BELLY.jpg,0.9375529885292053
IMG-20250910-WA0025_BELLY.jpg,12,A08_18_08_M_roh_BELLY.jpg,0.9361874461174011
IMG-20250910-WA0025_BELLY.jpg,13,A01_18_01_W_roh_BELLY.jpg,0.9349974393844604
IMG-20250910-WA0025_BELLY.jpg,14,IMG-20250626-WA0024_BELLY.jpg,0.9333239793777466
IMG-20250910-WA0025_BELLY.jpg,15,IMG_20250717_104652_BELLY.jpg,0.9329261779785156
IMG-20250910-WA0025_BELLY.jpg,16,A01_12_01_M_roh_BELLY.jpg,0.9322452545166016
IMG-20250910-WA0025_BELLY.jpg,17,IMG-20250626-WA0011_BELLY.jpg,0.9319542646408081
IMG-20250910-WA0025_BELLY.jpg,18,IMG-20250607-WA0006_BELLY.jpg,0.9319169521331787
IMG-20250910-WA0025_BELLY.jpg,19,IMG-20250910-WA0064_BELLY.jpg,0.9316225051879883
IMG-20250910-WA0025_BELLY.jpg,20,IMG-20250910-WA0017_BELLY.jpg,0.9309448003768921
IMG-20250910-WA0027_BELLY.jpg,1,IMG-20250910-WA0030_BELLY.jpg,0.9613481163978577
IMG-20250910-WA0027_BELLY.jpg,2,IMG-20250910-WA0016_BELLY.jpg,0.9564583897590637
IMG-20250910-WA0027_BELLY.jpg,3,IMG-20250910-WA0018_BELLY.jpg,0.9525790214538574
IMG-20250910-WA0027_BELLY.jpg,4,IMG-20250910-WA0022_BELLY.jpg,0.9506498575210571
IMG-20250910-WA0027_BELLY.jpg,5,A08_18_05_W_roh_BELLY.jpg,0.9506118297576904
IMG-20250910-WA0027_BELLY.jpg,6,A02_03_02_M_roh_BELLY.jpg,0.9479685425758362
IMG-20250910-WA0027_BELLY.jpg,7,IMG-20250910-WA0023_BELLY.jpg,0.947300374507904
IMG-20250910-WA0027_BELLY.jpg,8,A03_18_06_W_roh_BELLY.jpg,0.9468097686767578
IMG-20250910-WA0027_BELLY.jpg,9,A08_18_22_W_roh_BELLY.jpg,0.9442582130432129
IMG-20250910-WA0027_BELLY.jpg,10,A08_15_19_M_roh_BELLY.jpg,0.9416526556015015
IMG-20250910-WA0027_BELLY.jpg,11,A05_18_06_W_roh_BELLY.jpg,0.9411861896514893
IMG-20250910-WA0027_BELLY.jpg,12,A08_18_18_W_roh_BELLY.jpg,0.9407932758331299
IMG-20250910-WA0027_BELLY.jpg,13,A04_15_05_W_roh_BELLY.jpg,0.9390060901641846
IMG-20250910-WA0027_BELLY.jpg,14,A08_18_19_W_roh_BELLY.jpg,0.9388388395309448
IMG-20250910-WA0027_BELLY.jpg,15,A04_03_01_W_roh_BELLY.jpg,0.9382437467575073
IMG-20250910-WA0027_BELLY.jpg,16,IMG-20250910-WA0061_BELLY.jpg,0.9378415942192078
IMG-20250910-WA0027_BELLY.jpg,17,A01_18_03_W_roh_BELLY.jpg,0.9351905584335327
IMG-20250910-WA0027_BELLY.jpg,18,IMG-20250910-WA0017_BELLY.jpg,0.9348329305648804
IMG-20250910-WA0027_BELLY.jpg,19,A08_15_04_M_roh_BELLY.jpg,0.9336301684379578
IMG-20250910-WA0027_BELLY.jpg,20,A08_18_02_W_roh_BELLY.jpg,0.9332625865936279
IMG-20250910-WA0029_BELLY.jpg,1,IMG-20250910-WA0062_BELLY.jpg,0.9508543014526367
IMG-20250910-WA0029_BELLY.jpg,2,IMG_20250515_113414_BELLY.jpg,0.9479926824569702
IMG-20250910-WA0029_BELLY.jpg,3,A01_18_04_M_roh_BELLY.jpg,0.946000337600708
IMG-20250910-WA0029_BELLY.jpg,4,A08_18_12_W_roh_BELLY.jpg,0.9441932439804077
IMG-20250910-WA0029_BELLY.jpg,5,A04_17_02_W_roh_BELLY.jpg,0.9439712166786194
IMG-20250910-WA0029_BELLY.jpg,6,IMG-20250910-WA0022_BELLY.jpg,0.94294673204422
IMG-20250910-WA0029_BELLY.jpg,7,IMG_20250717_111635_BELLY.jpg,0.9423307776451111
IMG-20250910-WA0029_BELLY.jpg,8,A08_18_20_W_roh_BELLY.jpg,0.94101482629776
IMG-20250910-WA0029_BELLY.jpg,9,A08_18_21_M_roh_BELLY.jpg,0.9398434162139893
IMG-20250910-WA0029_BELLY.jpg,10,A08_15_04_M_roh_BELLY.jpg,0.9379068613052368
IMG-20250910-WA0029_BELLY.jpg,11,A08_18_01_M_roh_BELLY.jpg,0.9365980625152588
IMG-20250910-WA0029_BELLY.jpg,12,A08_18_09_M_roh_BELLY.jpg,0.9362145662307739
IMG-20250910-WA0029_BELLY.jpg,13,A07_08_04_M_roh_BELLY.jpg,0.9358534812927246
IMG-20250910-WA0029_BELLY.jpg,14,A01_08_01_W_roh_BELLY.jpg,0.9347324371337891
IMG-20250910-WA0029_BELLY.jpg,15,IMG-20250910-WA0030_BELLY.jpg,0.9346861839294434
IMG-20250910-WA0029_BELLY.jpg,16,A08_09_39_W_roh_BELLY.jpg,0.9346007704734802
IMG-20250910-WA0029_BELLY.jpg,17,IMG_20250501_132350_BELLY.jpg,0.9326412677764893
IMG-20250910-WA0029_BELLY.jpg,18,IMG_20250717_111215_BELLY.jpg,0.9324852228164673
IMG-20250910-WA0029_BELLY.jpg,19,A04_15_06_M_roh_BELLY.jpg,0.931294322013855
IMG-20250910-WA0029_BELLY.jpg,20,IMG-20250919-WA0012_BELLY.jpg,0.9292765855789185
IMG-20250910-WA0030_BELLY.jpg,1,IMG-20250910-WA0027_BELLY.jpg,0.9613481163978577
IMG-20250910-WA0030_BELLY.jpg,2,IMG-20250910-WA0015_BELLY.jpg,0.9545249938964844
IMG-20250910-WA0030_BELLY.jpg,3,IMG-20250910-WA0061_BELLY.jpg,0.9543473720550537
IMG-20250910-WA0030_BELLY.jpg,4,IMG-20250910-WA0022_BELLY.jpg,0.953498363494873
IMG-20250910-WA0030_BELLY.jpg,5,IMG-20250910-WA0018_BELLY.jpg,0.9529407024383545
IMG-20250910-WA0030_BELLY.jpg,6,A03_18_06_W_roh_BELLY.jpg,0.9524240493774414
IMG-20250910-WA0030_BELLY.jpg,7,A08_18_05_W_roh_BELLY.jpg,0.9515237212181091
IMG-20250910-WA0030_BELLY.jpg,8,A01_18_04_M_roh_BELLY.jpg,0.9484080672264099
IMG-20250910-WA0030_BELLY.jpg,9,A04_15_06_M_roh_BELLY.jpg,0.9482082724571228
IMG-20250910-WA0030_BELLY.jpg,10,A08_15_04_M_roh_BELLY.jpg,0.9481440186500549
IMG-20250910-WA0030_BELLY.jpg,11,A08_18_02_W_roh_BELLY.jpg,0.9461666345596313
IMG-20250910-WA0030_BELLY.jpg,12,A05_18_06_W_roh_BELLY.jpg,0.9455639719963074
IMG-20250910-WA0030_BELLY.jpg,13,A02_03_02_M_roh_BELLY.jpg,0.9443179368972778
IMG-20250910-WA0030_BELLY.jpg,14,IMG-20250910-WA0016_BELLY.jpg,0.9435973167419434
IMG-20250910-WA0030_BELLY.jpg,15,A05_18_05_W_roh_BELLY.jpg,0.9431177973747253
IMG-20250910-WA0030_BELLY.jpg,16,A07_18_01_W_roh_BELLY.jpg,0.9416772723197937
IMG-20250910-WA0030_BELLY.jpg,17,A08_18_22_W_roh_BELLY.jpg,0.9414281845092773
IMG-20250910-WA0030_BELLY.jpg,18,A03_18_07_M_roh_BELLY.jpg,0.9402232766151428
IMG-20250910-WA0030_BELLY.jpg,19,A08_18_12_W_roh_BELLY.jpg,0.9392754435539246
IMG-20250910-WA0030_BELLY.jpg,20,A08_18_10_W_roh_BELLY.jpg,0.9392615556716919
IMG-20250910-WA0061_BELLY.jpg,1,A05_18_06_W_roh_BELLY.jpg,0.9567612409591675
IMG-20250910-WA0061_BELLY.jpg,2,A05_18_07_W_roh_BELLY.jpg,0.9544917941093445
IMG-20250910-WA0061_BELLY.jpg,3,IMG-20250910-WA0030_BELLY.jpg,0.9543473720550537
IMG-20250910-WA0061_BELLY.jpg,4,A08_18_05_W_roh_BELLY.jpg,0.9510290026664734
IMG-20250910-WA0061_BELLY.jpg,5,IMG-20250919-WA0011_BELLY.jpg,0.9504814147949219
IMG-20250910-WA0061_BELLY.jpg,6,IMG-20250910-WA0015_BELLY.jpg,0.949589729309082
IMG-20250910-WA0061_BELLY.jpg,7,A01_12_01_M_roh_BELLY.jpg,0.9493615627288818
IMG-20250910-WA0061_BELLY.jpg,8,A08_18_23_W_roh_BELLY.jpg,0.9491298198699951
IMG-20250910-WA0061_BELLY.jpg,9,A08_18_21_M_roh_BELLY.jpg,0.948768138885498
IMG-20250910-WA0061_BELLY.jpg,10,IMG-20250910-WA0023_BELLY.jpg,0.9478157758712769
IMG-20250910-WA0061_BELLY.jpg,11,A01_18_04_M_roh_BELLY.jpg,0.9476432800292969
IMG-20250910-WA0061_BELLY.jpg,12,A08_15_04_M_roh_BELLY.jpg,0.9474349021911621
IMG-20250910-WA0061_BELLY.jpg,13,A08_18_22_W_roh_BELLY.jpg,0.9473540782928467
IMG-20250910-WA0061_BELLY.jpg,14,A01_08_01_W_roh_BELLY.jpg,0.9471124410629272
IMG-20250910-WA0061_BELLY.jpg,15,A04_15_06_M_roh_BELLY.jpg,0.9465417861938477
IMG-20250910-WA0061_BELLY.jpg,16,A08_18_12_W_roh_BELLY.jpg,0.9460644125938416
IMG-20250910-WA0061_BELLY.jpg,17,A08_18_20_W_roh_BELLY.jpg,0.945304274559021
IMG-20250910-WA0061_BELLY.jpg,18,A07_18_01_W_roh_BELLY.jpg,0.9449727535247803
IMG-20250910-WA0061_BELLY.jpg,19,A08_18_10_W_roh_BELLY.jpg,0.9443237781524658
IMG-20250910-WA0061_BELLY.jpg,20,IMG-20250910-WA0017_BELLY.jpg,0.9443042278289795
IMG-20250910-WA0062_BELLY.jpg,1,IMG-20250910-WA0029_BELLY.jpg,0.9508543014526367
IMG-20250910-WA0062_BELLY.jpg,2,A01_18_04_M_roh_BELLY.jpg,0.945636510848999
IMG-20250910-WA0062_BELLY.jpg,3,IMG_20250515_113414_BELLY.jpg,0.9440242052078247
IMG-20250910-WA0062_BELLY.jpg,4,IMG_20250717_111635_BELLY.jpg,0.9417574405670166
IMG-20250910-WA0062_BELLY.jpg,5,A08_18_12_W_roh_BELLY.jpg,0.9398779273033142
IMG-20250910-WA0062_BELLY.jpg,6,A08_18_01_M_roh_BELLY.jpg,0.9371525049209595
IMG-20250910-WA0062_BELLY.jpg,7,A01_18_02_M_roh_BELLY.jpg,0.9354170560836792
IMG-20250910-WA0062_BELLY.jpg,8,A08_18_21_M_roh_BELLY.jpg,0.9351879358291626
IMG-20250910-WA0062_BELLY.jpg,9,A01_18_05_W_roh_BELLY.jpg,0.9296596050262451
IMG-20250910-WA0062_BELLY.jpg,10,IMG-20250919-WA0019_BELLY.jpg,0.9293286800384521
IMG-20250910-WA0062_BELLY.jpg,11,IMG_20250717_111215_BELLY.jpg,0.9278923273086548
IMG-20250910-WA0062_BELLY.jpg,12,IMG_20250501_132350_BELLY.jpg,0.9278416633605957
IMG-20250910-WA0062_BELLY.jpg,13,A08_18_03_W_roh_BELLY.jpg,0.9275829792022705
IMG-20250910-WA0062_BELLY.jpg,14,A08_18_09_M_roh_BELLY.jpg,0.9270365238189697
IMG-20250910-WA0062_BELLY.jpg,15,A08_18_20_W_roh_BELLY.jpg,0.9269874095916748
IMG-20250910-WA0062_BELLY.jpg,16,IMG-20250910-WA0030_BELLY.jpg,0.9256729483604431
IMG-20250910-WA0062_BELLY.jpg,17,IMG-20250829-WA0018_BELLY.jpg,0.9255304932594299
IMG-20250910-WA0062_BELLY.jpg,18,A04_15_06_M_roh_BELLY.jpg,0.9247474074363708
IMG-20250910-WA0062_BELLY.jpg,19,A04_17_02_W_roh_BELLY.jpg,0.924639880657196
IMG-20250910-WA0062_BELLY.jpg,20,IMG-20250919-WA0020_BELLY.jpg,0.924278974533081
IMG-20250910-WA0063_BELLY.jpg,1,IMG-20250910-WA0017_BELLY.jpg,0.9655597805976868
IMG-20250910-WA0063_BELLY.jpg,2,A06_15_03_W_roh_BELLY.jpg,0.9625462293624878
IMG-20250910-WA0063_BELLY.jpg,3,A08_18_22_W_roh_BELLY.jpg,0.960232138633728
IMG-20250910-WA0063_BELLY.jpg,4,IMG-20250910-WA0016_BELLY.jpg,0.9538399577140808
IMG-20250910-WA0063_BELLY.jpg,5,A08_18_18_W_roh_BELLY.jpg,0.9503971338272095
IMG-20250910-WA0063_BELLY.jpg,6,A04_15_06_M_roh_BELLY.jpg,0.9486608505249023
IMG-20250910-WA0063_BELLY.jpg,7,A08_18_05_W_roh_BELLY.jpg,0.9485719203948975
IMG-20250910-WA0063_BELLY.jpg,8,A08_15_21_M_roh_BELLY.jpg,0.9473351240158081
IMG-20250910-WA0063_BELLY.jpg,9,IMG-20250919-WA0014_BELLY.jpg,0.9466729164123535
IMG-20250910-WA0063_BELLY.jpg,10,A08_18_20_W_roh_BELLY.jpg,0.9456945657730103
IMG-20250910-WA0063_BELLY.jpg,11,A08_18_09_M_roh_BELLY.jpg,0.9455094337463379
IMG-20250910-WA0063_BELLY.jpg,12,IMG-20250910-WA0022_BELLY.jpg,0.9453531503677368
IMG-20250910-WA0063_BELLY.jpg,13,A06_18_04_W_roh_BELLY.jpg,0.9444082975387573
IMG-20250910-WA0063_BELLY.jpg,14,IMG-20250910-WA0023_BELLY.jpg,0.943229079246521
IMG-20250910-WA0063_BELLY.jpg,15,IMG-20250910-WA0018_BELLY.jpg,0.9429627656936646
IMG-20250910-WA0063_BELLY.jpg,16,IMG-20250910-WA0061_BELLY.jpg,0.9416601657867432
IMG-20250910-WA0063_BELLY.jpg,17,A08_15_17_M_roh_BELLY.jpg,0.9413160681724548
IMG-20250910-WA0063_BELLY.jpg,18,A01_15_06_W_roh_BELLY.jpg,0.9402466416358948
IMG-20250910-WA0063_BELLY.jpg,19,A08_15_04_M_roh_BELLY.jpg,0.9390735030174255
IMG-20250910-WA0063_BELLY.jpg,20,IMG-20250919-WA0011_BELLY.jpg,0.9388178586959839
IMG-20250910-WA0064_BELLY.jpg,1,IMG-20250919-WA0021_BELLY.jpg,0.9639313220977783
IMG-20250910-WA0064_BELLY.jpg,2,A08_18_12_W_roh_BELLY.jpg,0.9498009085655212
IMG-20250910-WA0064_BELLY.jpg,3,A08_15_17_M_roh_BELLY.jpg,0.9401836395263672
IMG-20250910-WA0064_BELLY.jpg,4,IMG-20250919-WA0016_BELLY.jpg,0.9390964508056641
IMG-20250910-WA0064_BELLY.jpg,5,IMG-20250626-WA0014_BELLY.jpg,0.9382752180099487
IMG-20250910-WA0064_BELLY.jpg,6,IMG_20250501_132115_BELLY.jpg,0.9360674619674683
IMG-20250910-WA0064_BELLY.jpg,7,A08_18_21_M_roh_BELLY.jpg,0.9357073903083801
IMG-20250910-WA0064_BELLY.jpg,8,IMG-20250626-WA0004_BELLY.jpg,0.9333069920539856
IMG-20250910-WA0064_BELLY.jpg,9,A01_18_01_W_roh_BELLY.jpg,0.9320734143257141
IMG-20250910-WA0064_BELLY.jpg,10,IMG-20250910-WA0025_BELLY.jpg,0.9316225051879883
IMG-20250910-WA0064_BELLY.jpg,11,IMG-20250626-WA0003_BELLY.jpg,0.9308496713638306
IMG-20250910-WA0064_BELLY.jpg,12,A08_18_20_W_roh_BELLY.jpg,0.9306198358535767
IMG-20250910-WA0064_BELLY.jpg,13,A08_15_07_W_roh_BELLY.jpg,0.9305933117866516
IMG-20250910-WA0064_BELLY.jpg,14,A08_15_03_W_roh_BELLY.jpg,0.9301066398620605
IMG-20250910-WA0064_BELLY.jpg,15,IMG-20250910-WA0061_BELLY.jpg,0.929063081741333
IMG-20250910-WA0064_BELLY.jpg,16,IMG_20250717_104317_BELLY.jpg,0.9273251891136169
IMG-20250910-WA0064_BELLY.jpg,17,A08_18_09_M_roh_BELLY.jpg,0.927055835723877
IMG-20250910-WA0064_BELLY.jpg,18,IMG-20250626-WA0006_BELLY.jpg,0.9257795214653015
IMG-20250910-WA0064_BELLY.jpg,19,A08_18_23_W_roh_BELLY.jpg,0.9253567457199097
IMG-20250910-WA0064_BELLY.jpg,20,IMG_20250501_133055_BELLY.jpg,0.9251749515533447
IMG-20250919-WA0009_BELLY.jpg,1,IMG-20250626-WA0004_BELLY.jpg,0.9381047487258911
IMG-20250919-WA0009_BELLY.jpg,2,IMG_20250501_133055_BELLY.jpg,0.9330875873565674
IMG-20250919-WA0009_BELLY.jpg,3,IMG-20250626-WA0011_BELLY.jpg,0.9260704517364502
IMG-20250919-WA0009_BELLY.jpg,4,IMG-20250626-WA0007_BELLY.jpg,0.9231265783309937
IMG-20250919-WA0009_BELLY.jpg,5,IMG_20250515_114220_BELLY.jpg,0.9209752082824707
IMG-20250919-WA0009_BELLY.jpg,6,IMG_20250717_104652_BELLY.jpg,0.9209305047988892
IMG-20250919-WA0009_BELLY.jpg,7,IMG_20250807_104159_BELLY.jpg,0.9208842515945435
IMG-20250919-WA0009_BELLY.jpg,8,IMG-20250919-WA0021_BELLY.jpg,0.9204127192497253
IMG-20250919-WA0009_BELLY.jpg,9,IMG-20250919-WA0014_BELLY.jpg,0.9203511476516724
IMG-20250919-WA0009_BELLY.jpg,10,IMG-20250626-WA0002_BELLY.jpg,0.9200176000595093
IMG-20250919-WA0009_BELLY.jpg,11,IMG-20250626-WA0009_BELLY.jpg,0.9194897413253784
IMG-20250919-WA0009_BELLY.jpg,12,IMG-20250607-WA0003_BELLY.jpg,0.9185290336608887
IMG-20250919-WA0009_BELLY.jpg,13,IMG-20250607-WA0006_BELLY.jpg,0.9184902906417847
IMG-20250919-WA0009_BELLY.jpg,14,IMG-20250919-WA0016_BELLY.jpg,0.9167007207870483
IMG-20250919-WA0009_BELLY.jpg,15,IMG-20250626-WA0024_BELLY.jpg,0.9134706258773804
IMG-20250919-WA0009_BELLY.jpg,16,IMG-20250626-WA0014_BELLY.jpg,0.9121350049972534
IMG-20250919-WA0009_BELLY.jpg,17,IMG_20250717_104317_BELLY.jpg,0.9102544188499451
IMG-20250919-WA0009_BELLY.jpg,18,A07_08_03_W_roh_BELLY.jpg,0.9082756042480469
IMG-20250919-WA0009_BELLY.jpg,19,IMG_20250717_111215_BELLY.jpg,0.9042953848838806
IMG-20250919-WA0009_BELLY.jpg,20,IMG_20250807_103916_BELLY.jpg,0.9042134881019592
IMG-20250919-WA0011_BELLY.jpg,1,IMG-20250919-WA0014_BELLY.jpg,0.9706850051879883
IMG-20250919-WA0011_BELLY.jpg,2,IMG-20250919-WA0012_BELLY.jpg,0.9599043130874634
IMG-20250919-WA0011_BELLY.jpg,3,A01_12_01_M_roh_BELLY.jpg,0.9543100595474243
IMG-20250919-WA0011_BELLY.jpg,4,A01_08_01_W_roh_BELLY.jpg,0.9515011310577393
IMG-20250919-WA0011_BELLY.jpg,5,IMG-20250910-WA0061_BELLY.jpg,0.9504814147949219
IMG-20250919-WA0011_BELLY.jpg,6,A08_15_04_M_roh_BELLY.jpg,0.9496901035308838
IMG-20250919-WA0011_BELLY.jpg,7,A03_18_07_M_roh_BELLY.jpg,0.9486653804779053
IMG-20250919-WA0011_BELLY.jpg,8,A01_17_01_W_roh_BELLY.jpg,0.9482828378677368
IMG-20250919-WA0011_BELLY.jpg,9,A06_17_02_W__roh_BELLY.jpg,0.9482161998748779
IMG-20250919-WA0011_BELLY.jpg,10,A03_12_01_M_roh_BELLY.jpg,0.9481716156005859
IMG-20250919-WA0011_BELLY.jpg,11,A06_15_03_W_roh_BELLY.jpg,0.9469513893127441
IMG-20250919-WA0011_BELLY.jpg,12,A04_06_01_M_roh_BELLY.jpg,0.9462194442749023
IMG-20250919-WA0011_BELLY.jpg,13,IMG-20250919-WA0016_BELLY.jpg,0.9445076584815979
IMG-20250919-WA0011_BELLY.jpg,14,A07_17_03_W_roh_BELLY.jpg,0.9442083835601807
IMG-20250919-WA0011_BELLY.jpg,15,A08_18_23_W_roh_BELLY.jpg,0.9420511722564697
IMG-20250919-WA0011_BELLY.jpg,16,A05_18_04_W_roh_BELLY.jpg,0.9420149922370911
IMG-20250919-WA0011_BELLY.jpg,17,A01_15_06_W_roh_BELLY.jpg,0.9416936635971069
IMG-20250919-WA0011_BELLY.jpg,18,IMG-20250910-WA0017_BELLY.jpg,0.9409093856811523
IMG-20250919-WA0011_BELLY.jpg,19,A08_18_21_M_roh_BELLY.jpg,0.9408935904502869
IMG-20250919-WA0011_BELLY.jpg,20,A07_08_03_W_roh_BELLY.jpg,0.9393637180328369
IMG-20250919-WA0012_BELLY.jpg,1,IMG-20250919-WA0011_BELLY.jpg,0.9599043130874634
IMG-20250919-WA0012_BELLY.jpg,2,A07_08_04_M_roh_BELLY.jpg,0.9475883841514587
IMG-20250919-WA0012_BELLY.jpg,3,A06_17_02_W__roh_BELLY.jpg,0.9458218812942505
IMG-20250919-WA0012_BELLY.jpg,4,IMG-20250607-WA0003_BELLY.jpg,0.9439053535461426
IMG-20250919-WA0012_BELLY.jpg,5,IMG_20250717_111215_BELLY.jpg,0.9423450231552124
IMG-20250919-WA0012_BELLY.jpg,6,IMG-20250717-WA0011_BELLY.jpg,0.9419583082199097
IMG-20250919-WA0012_BELLY.jpg,7,A08_09_39_W_roh_BELLY.jpg,0.9414430260658264
IMG-20250919-WA0012_BELLY.jpg,8,IMG_20250717_113156_BELLY.jpg,0.9409860968589783
IMG-20250919-WA0012_BELLY.jpg,9,A01_08_01_W_roh_BELLY.jpg,0.9409581422805786
IMG-20250919-WA0012_BELLY.jpg,10,A04_17_02_W_roh_BELLY.jpg,0.9408273696899414
IMG-20250919-WA0012_BELLY.jpg,11,A01_12_01_M_roh_BELLY.jpg,0.9382511377334595
IMG-20250919-WA0012_BELLY.jpg,12,A01_05_03_W_roh_BELLY.jpg,0.9380196332931519
IMG-20250919-WA0012_BELLY.jpg,13,A04_06_01_M_roh_BELLY.jpg,0.9377220869064331
IMG-20250919-WA0012_BELLY.jpg,14,A08_15_04_M_roh_BELLY.jpg,0.9368346333503723
IMG-20250919-WA0012_BELLY.jpg,15,IMG-20250919-WA0014_BELLY.jpg,0.9366811513900757
IMG-20250919-WA0012_BELLY.jpg,16,A06_14_02_W_roh_BELLY.jpg,0.9364885091781616
IMG-20250919-WA0012_BELLY.jpg,17,A01_17_01_W_roh_BELLY.jpg,0.9357607364654541
IMG-20250919-WA0012_BELLY.jpg,18,A03_18_07_M_roh_BELLY.jpg,0.9354612827301025
IMG-20250919-WA0012_BELLY.jpg,19,IMG-20250919-WA0016_BELLY.jpg,0.934760332107544
IMG-20250919-WA0012_BELLY.jpg,20,A08_17_17_W_roh_BELLY.jpg,0.9346908330917358
IMG-20250919-WA0014_BELLY.jpg,1,IMG-20250919-WA0011_BELLY.jpg,0.9706850051879883
IMG-20250919-WA0014_BELLY.jpg,2,A01_17_01_W_roh_BELLY.jpg,0.9545515179634094
IMG-20250919-WA0014_BELLY.jpg,3,A01_12_01_M_roh_BELLY.jpg,0.9501338005065918
IMG-20250919-WA0014_BELLY.jpg,4,A06_15_03_W_roh_BELLY.jpg,0.9478905200958252
IMG-20250919-WA0014_BELLY.jpg,5,A01_08_01_W_roh_BELLY.jpg,0.9472319483757019
IMG-20250919-WA0014_BELLY.jpg,6,IMG-20250910-WA0063_BELLY.jpg,0.9466729164123535
IMG-20250919-WA0014_BELLY.jpg,7,A06_17_02_W__roh_BELLY.jpg,0.9438270330429077
IMG-20250919-WA0014_BELLY.jpg,8,A04_06_01_M_roh_BELLY.jpg,0.9437255263328552
IMG-20250919-WA0014_BELLY.jpg,9,IMG-20250910-WA0017_BELLY.jpg,0.9436975717544556
IMG-20250919-WA0014_BELLY.jpg,10,IMG-20250910-WA0061_BELLY.jpg,0.9416460394859314
IMG-20250919-WA0014_BELLY.jpg,11,A01_15_06_W_roh_BELLY.jpg,0.940673828125
IMG-20250919-WA0014_BELLY.jpg,12,IMG-20250910-WA0016_BELLY.jpg,0.9394410848617554
IMG-20250919-WA0014_BELLY.jpg,13,IMG-20250919-WA0012_BELLY.jpg,0.9366811513900757
IMG-20250919-WA0014_BELLY.jpg,14,A08_18_22_W_roh_BELLY.jpg,0.9361069798469543
IMG-20250919-WA0014_BELLY.jpg,15,A07_17_06_W_roh_BELLY.jpg,0.9360897541046143
IMG-20250919-WA0014_BELLY.jpg,16,A07_17_03_W_roh_BELLY.jpg,0.9359323978424072
IMG-20250919-WA0014_BELLY.jpg,17,A04_03_01_W_roh_BELLY.jpg,0.935931921005249
IMG-20250919-WA0014_BELLY.jpg,18,A08_09_35_W_roh_BELLY.jpg,0.9349595308303833
IMG-20250919-WA0014_BELLY.jpg,19,A08_15_21_M_roh_BELLY.jpg,0.9348775148391724
IMG-20250919-WA0014_BELLY.jpg,20,A07_08_03_W_roh_BELLY.jpg,0.934646725654602
IMG-20250919-WA0016_BELLY.jpg,1,IMG-20250919-WA0021_BELLY.jpg,0.955270528793335
IMG-20250919-WA0016_BELLY.jpg,2,IMG_20250717_113633_BELLY.jpg,0.9530495405197144
IMG-20250919-WA0016_BELLY.jpg,3,A01_12_01_M_roh_BELLY.jpg,0.9515564441680908
IMG-20250919-WA0016_BELLY.jpg,4,A08_18_23_W_roh_BELLY.jpg,0.9505345225334167
IMG-20250919-WA0016_BELLY.jpg,5,IMG-20250626-WA0004_BELLY.jpg,0.9500271081924438
IMG-20250919-WA0016_BELLY.jpg,6,IMG_20250717_111215_BELLY.jpg,0.9496310949325562
IMG-20250919-WA0016_BELLY.jpg,7,IMG_20250717_104317_BELLY.jpg,0.9494286775588989
IMG-20250919-WA0016_BELLY.jpg,8,A08_15_07_W_roh_BELLY.jpg,0.9490230083465576
IMG-20250919-WA0016_BELLY.jpg,9,A07_08_03_W_roh_BELLY.jpg,0.9473834037780762
IMG-20250919-WA0016_BELLY.jpg,10,IMG_20250501_133055_BELLY.jpg,0.9470235109329224
IMG-20250919-WA0016_BELLY.jpg,11,IMG_20250501_132115_BELLY.jpg,0.9469686150550842
IMG-20250919-WA0016_BELLY.jpg,12,IMG-20250626-WA0014_BELLY.jpg,0.9457567930221558
IMG-20250919-WA0016_BELLY.jpg,13,IMG-20250919-WA0011_BELLY.jpg,0.9445076584815979
IMG-20250919-WA0016_BELLY.jpg,14,IMG-20250626-WA0002_BELLY.jpg,0.9442815780639648
IMG-20250919-WA0016_BELLY.jpg,15,A01_18_01_W_roh_BELLY.jpg,0.9428350329399109
IMG-20250919-WA0016_BELLY.jpg,16,IMG-20250626-WA0011_BELLY.jpg,0.942575216293335
IMG-20250919-WA0016_BELLY.jpg,17,IMG-20250626-WA0003_BELLY.jpg,0.9411948323249817
IMG-20250919-WA0016_BELLY.jpg,18,A01_09_21_W_roh_BELLY.jpg,0.9403488039970398
IMG-20250919-WA0016_BELLY.jpg,19,IMG-20250607-WA0003_BELLY.jpg,0.9401475787162781
IMG-20250919-WA0016_BELLY.jpg,20,IMG-20250607-WA0006_BELLY.jpg,0.9400511980056763
IMG-20250919-WA0019_BELLY.jpg,1,IMG-20250919-WA0020_BELLY.jpg,0.9785671830177307
IMG-20250919-WA0019_BELLY.jpg,2,A08_17_17_W_roh_BELLY.jpg,0.946997880935669
IMG-20250919-WA0019_BELLY.jpg,3,A08_18_01_M_roh_BELLY.jpg,0.9442227482795715
IMG-20250919-WA0019_BELLY.jpg,4,A01_18_04_M_roh_BELLY.jpg,0.9429458379745483
IMG-20250919-WA0019_BELLY.jpg,5,IMG_20250717_111516_BELLY.jpg,0.9412425756454468
IMG-20250919-WA0019_BELLY.jpg,6,A01_18_02_M_roh_BELLY.jpg,0.9389278888702393
IMG-20250919-WA0019_BELLY.jpg,7,A01_18_07_W_roh_BELLY.jpg,0.9386948943138123
IMG-20250919-WA0019_BELLY.jpg,8,IMG-20250717-WA0013_BELLY.jpg,0.9347424507141113
IMG-20250919-WA0019_BELLY.jpg,9,IMG-20250717-WA0011_BELLY.jpg,0.9347374439239502
IMG-20250919-WA0019_BELLY.jpg,10,A03_15_06_W_roh_BELLY.jpg,0.9336140751838684
IMG-20250919-WA0019_BELLY.jpg,11,IMG_20250717_113156_BELLY.jpg,0.9325380921363831
IMG-20250919-WA0019_BELLY.jpg,12,A08_18_03_W_roh_BELLY.jpg,0.9321359395980835
IMG-20250919-WA0019_BELLY.jpg,13,A08_15_04_M_roh_BELLY.jpg,0.9319489002227783
IMG-20250919-WA0019_BELLY.jpg,14,A06_03_02_W_roh_BELLY.jpg,0.9318689107894897
IMG-20250919-WA0019_BELLY.jpg,15,A04_17_02_W_roh_BELLY.jpg,0.9310230612754822
IMG-20250919-WA0019_BELLY.jpg,16,IMG-20250910-WA0030_BELLY.jpg,0.9304924011230469
IMG-20250919-WA0019_BELLY.jpg,17,A01_18_05_W_roh_BELLY.jpg,0.9302418231964111
IMG-20250919-WA0019_BELLY.jpg,18,A03_15_04_W_roh_BELLY.jpg,0.9301523566246033
IMG-20250919-WA0019_BELLY.jpg,19,AT01_03_01_W_roh_BELLY.jpg,0.9300970435142517
IMG-20250919-WA0019_BELLY.jpg,20,IMG-20250910-WA0062_BELLY.jpg,0.9293286800384521
IMG-20250919-WA0020_BELLY.jpg,1,IMG-20250919-WA0019_BELLY.jpg,0.9785671830177307
IMG-20250919-WA0020_BELLY.jpg,2,A08_18_01_M_roh_BELLY.jpg,0.939906120300293
IMG-20250919-WA0020_BELLY.jpg,3,A03_15_06_W_roh_BELLY.jpg,0.9397963285446167
IMG-20250919-WA0020_BELLY.jpg,4,A01_18_02_M_roh_BELLY.jpg,0.93748939037323
IMG-20250919-WA0020_BELLY.jpg,5,IMG_20250717_111516_BELLY.jpg,0.9374001026153564
IMG-20250919-WA0020_BELLY.jpg,6,A01_18_07_W_roh_BELLY.jpg,0.9372037649154663
IMG-20250919-WA0020_BELLY.jpg,7,AT01_03_01_W_roh_BELLY.jpg,0.9341294169425964
IMG-20250919-WA0020_BELLY.jpg,8,IMG-20250717-WA0011_BELLY.jpg,0.9340260028839111
IMG-20250919-WA0020_BELLY.jpg,9,A01_18_04_M_roh_BELLY.jpg,0.9331476092338562
IMG-20250919-WA0020_BELLY.jpg,10,A08_18_03_W_roh_BELLY.jpg,0.9308673143386841
IMG-20250919-WA0020_BELLY.jpg,11,A03_15_04_W_roh_BELLY.jpg,0.9308568835258484
IMG-20250919-WA0020_BELLY.jpg,12,A01_18_05_W_roh_BELLY.jpg,0.9303728342056274
IMG-20250919-WA0020_BELLY.jpg,13,IMG_20250717_104525_BELLY.jpg,0.9294797778129578
IMG-20250919-WA0020_BELLY.jpg,14,A08_17_17_W_roh_BELLY.jpg,0.9274652004241943
IMG-20250919-WA0020_BELLY.jpg,15,A02_03_01_W_roh_BELLY.jpg,0.9268761873245239
IMG-20250919-WA0020_BELLY.jpg,16,IMG_20250515_113414_BELLY.jpg,0.926811695098877
IMG-20250919-WA0020_BELLY.jpg,17,IMG_20250717_113156_BELLY.jpg,0.9265462160110474
IMG-20250919-WA0020_BELLY.jpg,18,IMG_20250717_111635_BELLY.jpg,0.9258813858032227
IMG-20250919-WA0020_BELLY.jpg,19,A05_18_05_W_roh_BELLY.jpg,0.9250887632369995
IMG-20250919-WA0020_BELLY.jpg,20,A08_15_04_M_roh_BELLY.jpg,0.924730658531189
IMG-20250919-WA0021_BELLY.jpg,1,IMG-20250910-WA0064_BELLY.jpg,0.9639313220977783
IMG-20250919-WA0021_BELLY.jpg,2,IMG-20250626-WA0006_BELLY.jpg,0.9577564001083374
IMG-20250919-WA0021_BELLY.jpg,3,IMG-20250626-WA0014_BELLY.jpg,0.9567263126373291
IMG-20250919-WA0021_BELLY.jpg,4,IMG_20250717_111215_BELLY.jpg,0.9561642408370972
IMG-20250919-WA0021_BELLY.jpg,5,IMG_20250501_132115_BELLY.jpg,0.9555834531784058
IMG-20250919-WA0021_BELLY.jpg,6,IMG-20250919-WA0016_BELLY.jpg,0.955270528793335
IMG-20250919-WA0021_BELLY.jpg,7,IMG_20250807_103916_BELLY.jpg,0.9523798227310181
IMG-20250919-WA0021_BELLY.jpg,8,IMG-20250626-WA0004_BELLY.jpg,0.9509788751602173
IMG-20250919-WA0021_BELLY.jpg,9,IMG-20250607-WA0003_BELLY.jpg,0.9506063461303711
IMG-20250919-WA0021_BELLY.jpg,10,A08_18_12_W_roh_BELLY.jpg,0.9461568593978882
IMG-20250919-WA0021_BELLY.jpg,11,IMG-20250626-WA0003_BELLY.jpg,0.9458131790161133
IMG-20250919-WA0021_BELLY.jpg,12,IMG_20250717_104317_BELLY.jpg,0.9450423717498779
IMG-20250919-WA0021_BELLY.jpg,13,IMG-20250626-WA0009_BELLY.jpg,0.9449094533920288
IMG-20250919-WA0021_BELLY.jpg,14,IMG-20250829-WA0020_BELLY.jpg,0.9419032335281372
IMG-20250919-WA0021_BELLY.jpg,15,IMG_20250501_133055_BELLY.jpg,0.9413224458694458
IMG-20250919-WA0021_BELLY.jpg,16,IMG-20250626-WA0011_BELLY.jpg,0.9410756826400757
IMG-20250919-WA0021_BELLY.jpg,17,IMG-20250626-WA0002_BELLY.jpg,0.940314531326294
IMG-20250919-WA0021_BELLY.jpg,18,IMG_20250717_113844_BELLY.jpg,0.9381736516952515
IMG-20250919-WA0021_BELLY.jpg,19,IMG_20250807_110659_BELLY.jpg,0.938144326210022
IMG-20250919-WA0021_BELLY.jpg,20,A01_09_21_W_roh_BELLY.jpg,0.9375132918357849
IMG_20250501_132115_BELLY.jpg,1,IMG-20250626-WA0014_BELLY.jpg,0.9677698612213135
IMG_20250501_132115_BELLY.jpg,2,IMG-20250626-WA0009_BELLY.jpg,0.9584264755249023
IMG_20250501_132115_BELLY.jpg,3,IMG-20250919-WA0021_BELLY.jpg,0.9555834531784058
IMG_20250501_132115_BELLY.jpg,4,IMG_20250717_111215_BELLY.jpg,0.9526010751724243
IMG_20250501_132115_BELLY.jpg,5,IMG_20250717_104317_BELLY.jpg,0.9515550136566162
IMG_20250501_132115_BELLY.jpg,6,IMG-20250919-WA0016_BELLY.jpg,0.9469686150550842
IMG_20250501_132115_BELLY.jpg,7,IMG-20250607-WA0003_BELLY.jpg,0.9464914798736572
IMG_20250501_132115_BELLY.jpg,8,IMG-20250626-WA0003_BELLY.jpg,0.946033239364624
IMG_20250501_132115_BELLY.jpg,9,IMG-20250626-WA0004_BELLY.jpg,0.9455239772796631
IMG_20250501_132115_BELLY.jpg,10,IMG-20250626-WA0002_BELLY.jpg,0.9452502727508545
IMG_20250501_132115_BELLY.jpg,11,A08_15_07_W_roh_BELLY.jpg,0.9424859881401062
IMG_20250501_132115_BELLY.jpg,12,IMG_20250717_113844_BELLY.jpg,0.9424823522567749
IMG_20250501_132115_BELLY.jpg,13,IMG_20250717_123656_BELLY.jpg,0.9397449493408203
IMG_20250501_132115_BELLY.jpg,14,IMG-20250829-WA0020_BELLY.jpg,0.9396035671234131
IMG_20250501_132115_BELLY.jpg,15,IMG-20250626-WA0011_BELLY.jpg,0.9395178556442261
IMG_20250501_132115_BELLY.jpg,16,A08_18_20_W_roh_BELLY.jpg,0.9392050504684448
IMG_20250501_132115_BELLY.jpg,17,IMG-20250626-WA0021_BELLY.jpg,0.938707709312439
IMG_20250501_132115_BELLY.jpg,18,IMG-20250626-WA0015_BELLY.jpg,0.9386795163154602
IMG_20250501_132115_BELLY.jpg,19,IMG_20250501_133055_BELLY.jpg,0.9383398294448853
IMG_20250501_132115_BELLY.jpg,20,IMG_20250717_113633_BELLY.jpg,0.9381059408187866
IMG_20250501_132350_BELLY.jpg,1,IMG_20250717_111635_BELLY.jpg,0.9553085565567017
IMG_20250501_132350_BELLY.jpg,2,IMG_20250717_111215_BELLY.jpg,0.9548540115356445
IMG_20250501_132350_BELLY.jpg,3,IMG_20250515_113414_BELLY.jpg,0.9525213241577148
IMG_20250501_132350_BELLY.jpg,4,IMG_20250717_113844_BELLY.jpg,0.9509007334709167
IMG_20250501_132350_BELLY.jpg,5,IMG-20250626-WA0003_BELLY.jpg,0.9486050605773926
IMG_20250501_132350_BELLY.jpg,6,IMG_20250717_123430_BELLY.jpg,0.9438096880912781
IMG_20250501_132350_BELLY.jpg,7,A08_15_07_W_roh_BELLY.jpg,0.939470648765564
IMG_20250501_132350_BELLY.jpg,8,IMG-20250607-WA0003_BELLY.jpg,0.9387245774269104
IMG_20250501_132350_BELLY.jpg,9,A08_18_12_W_roh_BELLY.jpg,0.9381859302520752
IMG_20250501_132350_BELLY.jpg,10,A08_18_21_M_roh_BELLY.jpg,0.9365102648735046
IMG_20250501_132350_BELLY.jpg,11,IMG-20250829-WA0020_BELLY.jpg,0.9357390999794006
IMG_20250501_132350_BELLY.jpg,12,IMG_20250717_113156_BELLY.jpg,0.9355266094207764
IMG_20250501_132350_BELLY.jpg,13,IMG_20250501_132115_BELLY.jpg,0.935215950012207
IMG_20250501_132350_BELLY.jpg,14,A08_18_01_M_roh_BELLY.jpg,0.9342877864837646
IMG_20250501_132350_BELLY.jpg,15,IMG-20250626-WA0021_BELLY.jpg,0.9327279329299927
IMG_20250501_132350_BELLY.jpg,16,IMG-20250910-WA0029_BELLY.jpg,0.9326412677764893
IMG_20250501_132350_BELLY.jpg,17,A07_08_04_M_roh_BELLY.jpg,0.9325681924819946
IMG_20250501_132350_BELLY.jpg,18,A06_15_02_W_roh_BELLY.jpg,0.9311271905899048
IMG_20250501_132350_BELLY.jpg,19,IMG_20250717_104317_BELLY.jpg,0.9307341575622559
IMG_20250501_132350_BELLY.jpg,20,A01_05_03_W_roh_BELLY.jpg,0.9305484294891357
IMG_20250501_133055_BELLY.jpg,1,IMG-20250626-WA0004_BELLY.jpg,0.9624183177947998
IMG_20250501_133055_BELLY.jpg,2,IMG_20250717_104652_BELLY.jpg,0.9566033482551575
IMG_20250501_133055_BELLY.jpg,3,IMG-20250626-WA0024_BELLY.jpg,0.9553859233856201
IMG_20250501_133055_BELLY.jpg,4,IMG-20250607-WA0006_BELLY.jpg,0.9543106555938721
IMG_20250501_133055_BELLY.jpg,5,IMG-20250626-WA0011_BELLY.jpg,0.9541068077087402
IMG_20250501_133055_BELLY.jpg,6,IMG-20250626-WA0009_BELLY.jpg,0.9474124908447266
IMG_20250501_133055_BELLY.jpg,7,IMG-20250919-WA0016_BELLY.jpg,0.9470235109329224
IMG_20250501_133055_BELLY.jpg,8,IMG-20250626-WA0002_BELLY.jpg,0.946750283241272
IMG_20250501_133055_BELLY.jpg,9,IMG_20250515_114220_BELLY.jpg,0.9463087320327759
IMG_20250501_133055_BELLY.jpg,10,IMG-20250626-WA0003_BELLY.jpg,0.9432922601699829
IMG_20250501_133055_BELLY.jpg,11,IMG_20250717_104317_BELLY.jpg,0.9430140256881714
IMG_20250501_133055_BELLY.jpg,12,IMG_20250807_104159_BELLY.jpg,0.9429582953453064
IMG_20250501_133055_BELLY.jpg,13,IMG-20250910-WA0025_BELLY.jpg,0.9428527355194092
IMG_20250501_133055_BELLY.jpg,14,IMG-20250919-WA0021_BELLY.jpg,0.9413224458694458
IMG_20250501_133055_BELLY.jpg,15,A08_18_08_M_roh_BELLY.jpg,0.941116988658905
IMG_20250501_133055_BELLY.jpg,16,IMG_20250501_132115_BELLY.jpg,0.9383398294448853
IMG_20250501_133055_BELLY.jpg,17,A01_18_01_W_roh_BELLY.jpg,0.938159704208374
IMG_20250501_133055_BELLY.jpg,18,A07_08_03_W_roh_BELLY.jpg,0.9343520998954773
IMG_20250501_133055_BELLY.jpg,19,IMG-20250919-WA0009_BELLY.jpg,0.9330875873565674
IMG_20250501_133055_BELLY.jpg,20,IMG_20250717_110833_BELLY.jpg,0.9330607056617737
IMG_20250515_113414_BELLY.jpg,1,IMG_20250501_132350_BELLY.jpg,0.9525213241577148
IMG_20250515_113414_BELLY.jpg,2,IMG_20250717_111635_BELLY.jpg,0.9480627775192261
IMG_20250515_113414_BELLY.jpg,3,IMG-20250910-WA0029_BELLY.jpg,0.9479926824569702
IMG_20250515_113414_BELLY.jpg,4,IMG-20250910-WA0062_BELLY.jpg,0.9440242052078247
IMG_20250515_113414_BELLY.jpg,5,A01_18_04_M_roh_BELLY.jpg,0.9400699734687805
IMG_20250515_113414_BELLY.jpg,6,A08_18_12_W_roh_BELLY.jpg,0.9396134614944458
IMG_20250515_113414_BELLY.jpg,7,IMG_20250717_123430_BELLY.jpg,0.9389124512672424
IMG_20250515_113414_BELLY.jpg,8,IMG_20250717_111215_BELLY.jpg,0.9388552308082581
IMG_20250515_113414_BELLY.jpg,9,A08_18_01_M_roh_BELLY.jpg,0.9338576197624207
IMG_20250515_113414_BELLY.jpg,10,A08_18_03_W_roh_BELLY.jpg,0.9334673881530762
IMG_20250515_113414_BELLY.jpg,11,A08_18_20_W_roh_BELLY.jpg,0.9311408400535583
IMG_20250515_113414_BELLY.jpg,12,A08_18_21_M_roh_BELLY.jpg,0.9308430552482605
IMG_20250515_113414_BELLY.jpg,13,IMG_20250717_113844_BELLY.jpg,0.9303686618804932
IMG_20250515_113414_BELLY.jpg,14,A06_14_02_W_roh_BELLY.jpg,0.9298300743103027
IMG_20250515_113414_BELLY.jpg,15,A01_18_02_M_roh_BELLY.jpg,0.9288736581802368
IMG_20250515_113414_BELLY.jpg,16,IMG-20250919-WA0019_BELLY.jpg,0.9286938905715942
IMG_20250515_113414_BELLY.jpg,17,A08_09_39_W_roh_BELLY.jpg,0.9277113676071167
IMG_20250515_113414_BELLY.jpg,18,IMG-20250919-WA0020_BELLY.jpg,0.926811695098877
IMG_20250515_113414_BELLY.jpg,19,A01_18_07_W_roh_BELLY.jpg,0.9259473085403442
IMG_20250515_113414_BELLY.jpg,20,IMG_20250717_113156_BELLY.jpg,0.9258427023887634
IMG_20250515_114220_BELLY.jpg,1,IMG_20250717_104652_BELLY.jpg,0.9486188292503357
IMG_20250515_114220_BELLY.jpg,2,IMG_20250501_133055_BELLY.jpg,0.9463087320327759
IMG_20250515_114220_BELLY.jpg,3,IMG-20250607-WA0006_BELLY.jpg,0.9431796073913574
IMG_20250515_114220_BELLY.jpg,4,IMG-20250626-WA0024_BELLY.jpg,0.9348831176757812
IMG_20250515_114220_BELLY.jpg,5,IMG-20250626-WA0011_BELLY.jpg,0.9336631298065186
IMG_20250515_114220_BELLY.jpg,6,IMG-20250626-WA0009_BELLY.jpg,0.9322189092636108
IMG_20250515_114220_BELLY.jpg,7,IMG-20250626-WA0004_BELLY.jpg,0.9311493039131165
IMG_20250515_114220_BELLY.jpg,8,IMG_20250717_110833_BELLY.jpg,0.926813542842865
IMG_20250515_114220_BELLY.jpg,9,A08_18_08_M_roh_BELLY.jpg,0.925449788570404
IMG_20250515_114220_BELLY.jpg,10,IMG-20250910-WA0025_BELLY.jpg,0.9234213829040527
IMG_20250515_114220_BELLY.jpg,11,IMG_20250717_105046_BELLY.jpg,0.9226680994033813
IMG_20250515_114220_BELLY.jpg,12,IMG-20250919-WA0009_BELLY.jpg,0.9209752082824707
IMG_20250515_114220_BELLY.jpg,13,IMG-20250626-WA0002_BELLY.jpg,0.9202111959457397
IMG_20250515_114220_BELLY.jpg,14,IMG-20250626-WA0007_BELLY.jpg,0.920143723487854
IMG_20250515_114220_BELLY.jpg,15,IMG-20250626-WA0003_BELLY.jpg,0.9191774129867554
IMG_20250515_114220_BELLY.jpg,16,IMG_20250717_104317_BELLY.jpg,0.9181870222091675
IMG_20250515_114220_BELLY.jpg,17,IMG_20250807_104159_BELLY.jpg,0.9168940782546997
IMG_20250515_114220_BELLY.jpg,18,IMG_20250501_132115_BELLY.jpg,0.9155030250549316
IMG_20250515_114220_BELLY.jpg,19,IMG_20250515_121011_BELLY.jpg,0.9146265983581543
IMG_20250515_114220_BELLY.jpg,20,IMG_20250717_123656_BELLY.jpg,0.914395809173584
IMG_20250515_121011_BELLY.jpg,1,IMG_20250717_110833_BELLY.jpg,0.9559050798416138
IMG_20250515_121011_BELLY.jpg,2,IMG-20250626-WA0003_BELLY.jpg,0.9498418569564819
IMG_20250515_121011_BELLY.jpg,3,IMG_20250717_105046_BELLY.jpg,0.9431037902832031
IMG_20250515_121011_BELLY.jpg,4,IMG_20250717_113633_BELLY.jpg,0.9384833574295044
IMG_20250515_121011_BELLY.jpg,5,IMG_20250717_104652_BELLY.jpg,0.9371298551559448
IMG_20250515_121011_BELLY.jpg,6,IMG_20250717_104317_BELLY.jpg,0.9369668960571289
IMG_20250515_121011_BELLY.jpg,7,IMG-20250607-WA0007_BELLY.jpg,0.9366673231124878
IMG_20250515_121011_BELLY.jpg,8,IMG-20250626-WA0024_BELLY.jpg,0.9336935877799988
IMG_20250515_121011_BELLY.jpg,9,IMG-20250626-WA0020_BELLY.jpg,0.9259233474731445
IMG_20250515_121011_BELLY.jpg,10,IMG-20250626-WA0011_BELLY.jpg,0.9248323440551758
IMG_20250515_121011_BELLY.jpg,11,IMG-20250626-WA0016_BELLY.jpg,0.9219900369644165
IMG_20250515_121011_BELLY.jpg,12,IMG-20250626-WA0009_BELLY.jpg,0.9212015867233276
IMG_20250515_121011_BELLY.jpg,13,IMG_20250501_133055_BELLY.jpg,0.9203710556030273
IMG_20250515_121011_BELLY.jpg,14,IMG-20250607-WA0006_BELLY.jpg,0.9166725873947144
IMG_20250515_121011_BELLY.jpg,15,IMG-20250626-WA0004_BELLY.jpg,0.9159669876098633
IMG_20250515_121011_BELLY.jpg,16,IMG_20250515_114220_BELLY.jpg,0.9146265983581543
IMG_20250515_121011_BELLY.jpg,17,IMG_20250807_104343_BELLY.jpg,0.9143109917640686
IMG_20250515_121011_BELLY.jpg,18,IMG_20250717_111215_BELLY.jpg,0.9140067100524902
IMG_20250515_121011_BELLY.jpg,19,IMG-20250626-WA0007_BELLY.jpg,0.9139856100082397
IMG_20250515_121011_BELLY.jpg,20,IMG_20250717_123656_BELLY.jpg,0.9123246669769287
IMG_20250717_104317_BELLY.jpg,1,IMG-20250626-WA0003_BELLY.jpg,0.9679368734359741
IMG_20250717_104317_BELLY.jpg,2,IMG_20250717_105046_BELLY.jpg,0.9625732898712158
IMG_20250717_104317_BELLY.jpg,3,IMG-20250626-WA0009_BELLY.jpg,0.9616999626159668
IMG_20250717_104317_BELLY.jpg,4,IMG-20250626-WA0024_BELLY.jpg,0.9605829119682312
IMG_20250717_104317_BELLY.jpg,5,IMG_20250717_112327_BELLY.jpg,0.9590145349502563
IMG_20250717_104317_BELLY.jpg,6,IMG_20250717_113633_BELLY.jpg,0.9589599370956421
IMG_20250717_104317_BELLY.jpg,7,IMG-20250626-WA0014_BELLY.jpg,0.9586366415023804
IMG_20250717_104317_BELLY.jpg,8,IMG-20250626-WA0002_BELLY.jpg,0.9568780064582825
IMG_20250717_104317_BELLY.jpg,9,IMG_20250717_111215_BELLY.jpg,0.9563775062561035
IMG_20250717_104317_BELLY.jpg,10,IMG-20250626-WA0015_BELLY.jpg,0.9562007188796997
IMG_20250717_104317_BELLY.jpg,11,IMG_20250717_123656_BELLY.jpg,0.9539452195167542
IMG_20250717_104317_BELLY.jpg,12,IMG-20250626-WA0004_BELLY.jpg,0.9519602060317993
IMG_20250717_104317_BELLY.jpg,13,IMG-20250607-WA0003_BELLY.jpg,0.9519330263137817
IMG_20250717_104317_BELLY.jpg,14,IMG_20250501_132115_BELLY.jpg,0.9515550136566162
IMG_20250717_104317_BELLY.jpg,15,IMG-20250626-WA0011_BELLY.jpg,0.9512213468551636
IMG_20250717_104317_BELLY.jpg,16,IMG-20250919-WA0016_BELLY.jpg,0.9494286775588989
IMG_20250717_104317_BELLY.jpg,17,IMG-20250626-WA0020_BELLY.jpg,0.9490081071853638
IMG_20250717_104317_BELLY.jpg,18,IMG_20250717_104652_BELLY.jpg,0.947395920753479
IMG_20250717_104317_BELLY.jpg,19,IMG_20250807_104343_BELLY.jpg,0.9471698999404907
IMG_20250717_104317_BELLY.jpg,20,IMG_20250717_110833_BELLY.jpg,0.9462450742721558
IMG_20250717_104525_BELLY.jpg,1,IMG_20250717_112327_BELLY.jpg,0.9552596807479858
IMG_20250717_104525_BELLY.jpg,2,IMG_20250717_111516_BELLY.jpg,0.949077844619751
IMG_20250717_104525_BELLY.jpg,3,IMG-20250626-WA0022_BELLY.jpg,0.9485347867012024
IMG_20250717_104525_BELLY.jpg,4,IMG_20250717_113156_BELLY.jpg,0.9473171234130859
IMG_20250717_104525_BELLY.jpg,5,IMG_20250717_123656_BELLY.jpg,0.9469902515411377
IMG_20250717_104525_BELLY.jpg,6,IMG_20250717_113844_BELLY.jpg,0.9463747143745422
IMG_20250717_104525_BELLY.jpg,7,A06_17_02_W__roh_BELLY.jpg,0.9456506967544556
IMG_20250717_104525_BELLY.jpg,8,A06_17_01_M_roh_-_Kopie_BELLY.jpg,0.9450798034667969
IMG_20250717_104525_BELLY.jpg,9,IMG-20250626-WA0025_BELLY.jpg,0.9414764642715454
IMG_20250717_104525_BELLY.jpg,10,IMG-20250717-WA0011_BELLY.jpg,0.9400113821029663
IMG_20250717_104525_BELLY.jpg,11,A01_05_03_W_roh_BELLY.jpg,0.9393880367279053
IMG_20250717_104525_BELLY.jpg,12,IMG-20250626-WA0015_BELLY.jpg,0.9355231523513794
IMG_20250717_104525_BELLY.jpg,13,IMG-20250919-WA0012_BELLY.jpg,0.9311086535453796
IMG_20250717_104525_BELLY.jpg,14,A07_08_04_M_roh_BELLY.jpg,0.930403470993042
IMG_20250717_104525_BELLY.jpg,15,IMG-20250919-WA0020_BELLY.jpg,0.9294797778129578
IMG_20250717_104525_BELLY.jpg,16,IMG-20250626-WA0003_BELLY.jpg,0.9293885827064514
IMG_20250717_104525_BELLY.jpg,17,A06_12_01_W_roh_BELLY.jpg,0.9280796051025391
IMG_20250717_104525_BELLY.jpg,18,A01_08_01_W_roh_BELLY.jpg,0.9275922775268555
IMG_20250717_104525_BELLY.jpg,19,IMG_20250717_113633_BELLY.jpg,0.9274066686630249
IMG_20250717_104525_BELLY.jpg,20,A01_15_01_W_roh_BELLY.jpg,0.9272159337997437
IMG_20250717_104652_BELLY.jpg,1,IMG-20250607-WA0006_BELLY.jpg,0.9595252275466919
IMG_20250717_104652_BELLY.jpg,2,IMG_20250501_133055_BELLY.jpg,0.9566033482551575
IMG_20250717_104652_BELLY.jpg,3,IMG-20250626-WA0011_BELLY.jpg,0.9564621448516846
IMG_20250717_104652_BELLY.jpg,4,IMG-20250626-WA0004_BELLY.jpg,0.9517596364021301
IMG_20250717_104652_BELLY.jpg,5,IMG-20250626-WA0024_BELLY.jpg,0.9515140056610107
IMG_20250717_104652_BELLY.jpg,6,IMG-20250626-WA0009_BELLY.jpg,0.9500565528869629
IMG_20250717_104652_BELLY.jpg,7,IMG_20250515_114220_BELLY.jpg,0.9486188292503357
IMG_20250717_104652_BELLY.jpg,8,IMG_20250717_104317_BELLY.jpg,0.947395920753479
IMG_20250717_104652_BELLY.jpg,9,IMG-20250626-WA0002_BELLY.jpg,0.9467079043388367
IMG_20250717_104652_BELLY.jpg,10,IMG_20250717_110833_BELLY.jpg,0.9462165832519531
IMG_20250717_104652_BELLY.jpg,11,IMG-20250626-WA0003_BELLY.jpg,0.9437185525894165
IMG_20250717_104652_BELLY.jpg,12,IMG_20250807_104159_BELLY.jpg,0.9428696632385254
IMG_20250717_104652_BELLY.jpg,13,IMG_20250807_103916_BELLY.jpg,0.9376214742660522
IMG_20250717_104652_BELLY.jpg,14,IMG_20250515_121011_BELLY.jpg,0.9371298551559448
IMG_20250717_104652_BELLY.jpg,15,IMG-20250626-WA0007_BELLY.jpg,0.937120258808136
IMG_20250717_104652_BELLY.jpg,16,IMG_20250717_105046_BELLY.jpg,0.9369027614593506
IMG_20250717_104652_BELLY.jpg,17,IMG-20250919-WA0021_BELLY.jpg,0.935376763343811
IMG_20250717_104652_BELLY.jpg,18,IMG_20250717_113633_BELLY.jpg,0.9336731433868408
IMG_20250717_104652_BELLY.jpg,19,A08_18_08_M_roh_BELLY.jpg,0.933221697807312
IMG_20250717_104652_BELLY.jpg,20,IMG-20250910-WA0025_BELLY.jpg,0.9329261779785156
IMG_20250717_105046_BELLY.jpg,1,IMG_20250717_104317_BELLY.jpg,0.9625732898712158
IMG_20250717_105046_BELLY.jpg,2,IMG_20250717_113633_BELLY.jpg,0.9566142559051514
IMG_20250717_105046_BELLY.jpg,3,IMG_20250717_110833_BELLY.jpg,0.9509739875793457
IMG_20250717_105046_BELLY.jpg,4,IMG-20250626-WA0003_BELLY.jpg,0.9501051902770996
IMG_20250717_105046_BELLY.jpg,5,IMG-20250626-WA0024_BELLY.jpg,0.946996808052063
IMG_20250717_105046_BELLY.jpg,6,IMG_20250515_121011_BELLY.jpg,0.9431037902832031
IMG_20250717_105046_BELLY.jpg,7,IMG-20250626-WA0015_BELLY.jpg,0.9411379098892212
IMG_20250717_105046_BELLY.jpg,8,IMG-20250626-WA0020_BELLY.jpg,0.9405504465103149
IMG_20250717_105046_BELLY.jpg,9,IMG_20250717_112327_BELLY.jpg,0.9405195713043213
IMG_20250717_105046_BELLY.jpg,10,IMG_20250807_104343_BELLY.jpg,0.9370303153991699
IMG_20250717_105046_BELLY.jpg,11,IMG_20250717_104652_BELLY.jpg,0.9369027614593506
IMG_20250717_105046_BELLY.jpg,12,IMG_20250717_123656_BELLY.jpg,0.9363198280334473
IMG_20250717_105046_BELLY.jpg,13,IMG-20250607-WA0007_BELLY.jpg,0.9358931183815002
IMG_20250717_105046_BELLY.jpg,14,IMG_20250717_111215_BELLY.jpg,0.9349284172058105
IMG_20250717_105046_BELLY.jpg,15,IMG-20250626-WA0002_BELLY.jpg,0.9341994524002075
IMG_20250717_105046_BELLY.jpg,16,IMG-20250626-WA0011_BELLY.jpg,0.9340629577636719
IMG_20250717_105046_BELLY.jpg,17,IMG-20250626-WA0009_BELLY.jpg,0.9325140714645386
IMG_20250717_105046_BELLY.jpg,18,IMG-20250919-WA0016_BELLY.jpg,0.9310157299041748
IMG_20250717_105046_BELLY.jpg,19,IMG-20250626-WA0016_BELLY.jpg,0.9295439720153809
IMG_20250717_105046_BELLY.jpg,20,IMG-20250626-WA0014_BELLY.jpg,0.9287070035934448
IMG_20250717_110833_BELLY.jpg,1,IMG-20250626-WA0024_BELLY.jpg,0.957842230796814
IMG_20250717_110833_BELLY.jpg,2,IMG_20250515_121011_BELLY.jpg,0.9559050798416138
IMG_20250717_110833_BELLY.jpg,3,IMG_20250717_105046_BELLY.jpg,0.9509739875793457
IMG_20250717_110833_BELLY.jpg,4,IMG_20250717_104317_BELLY.jpg,0.9462450742721558
IMG_20250717_110833_BELLY.jpg,5,IMG_20250717_104652_BELLY.jpg,0.9462165832519531
IMG_20250717_110833_BELLY.jpg,6,IMG-20250626-WA0020_BELLY.jpg,0.9432978630065918
IMG_20250717_110833_BELLY.jpg,7,IMG-20250626-WA0003_BELLY.jpg,0.9418057203292847
IMG_20250717_110833_BELLY.jpg,8,IMG_20250717_113633_BELLY.jpg,0.9400313496589661
IMG_20250717_110833_BELLY.jpg,9,IMG-20250607-WA0007_BELLY.jpg,0.9384310245513916
IMG_20250717_110833_BELLY.jpg,10,IMG-20250607-WA0006_BELLY.jpg,0.9359650015830994
IMG_20250717_110833_BELLY.jpg,11,IMG_20250501_133055_BELLY.jpg,0.9330607056617737
IMG_20250717_110833_BELLY.jpg,12,IMG-20250626-WA0016_BELLY.jpg,0.9319061040878296
IMG_20250717_110833_BELLY.jpg,13,IMG-20250626-WA0011_BELLY.jpg,0.9307650923728943
IMG_20250717_110833_BELLY.jpg,14,IMG_20250515_114220_BELLY.jpg,0.926813542842865
IMG_20250717_110833_BELLY.jpg,15,IMG-20250626-WA0013_BELLY.jpg,0.9261959791183472
IMG_20250717_110833_BELLY.jpg,16,IMG-20250626-WA0007_BELLY.jpg,0.9237178564071655
IMG_20250717_110833_BELLY.jpg,17,IMG-20250626-WA0004_BELLY.jpg,0.9230893850326538
IMG_20250717_110833_BELLY.jpg,18,IMG_20250717_112327_BELLY.jpg,0.9230693578720093
IMG_20250717_110833_BELLY.jpg,19,IMG_20250807_103916_BELLY.jpg,0.9228997230529785
IMG_20250717_110833_BELLY.jpg,20,IMG-20250910-WA0025_BELLY.jpg,0.9215419292449951
IMG_20250717_111215_BELLY.jpg,1,IMG_20250717_113844_BELLY.jpg,0.9627358913421631
IMG_20250717_111215_BELLY.jpg,2,IMG-20250607-WA0003_BELLY.jpg,0.9620331525802612
IMG_20250717_111215_BELLY.jpg,3,IMG_20250717_111635_BELLY.jpg,0.9581513404846191
IMG_20250717_111215_BELLY.jpg,4,IMG_20250717_104317_BELLY.jpg,0.9563775062561035
IMG_20250717_111215_BELLY.jpg,5,IMG-20250919-WA0021_BELLY.jpg,0.9561642408370972
IMG_20250717_111215_BELLY.jpg,6,IMG_20250501_132350_BELLY.jpg,0.9548540115356445
IMG_20250717_111215_BELLY.jpg,7,IMG-20250626-WA0003_BELLY.jpg,0.9545373916625977
IMG_20250717_111215_BELLY.jpg,8,IMG_20250717_113633_BELLY.jpg,0.9545028209686279
IMG_20250717_111215_BELLY.jpg,9,IMG_20250717_123430_BELLY.jpg,0.954191267490387
IMG_20250717_111215_BELLY.jpg,10,IMG_20250501_132115_BELLY.jpg,0.9526010751724243
IMG_20250717_111215_BELLY.jpg,11,IMG-20250919-WA0016_BELLY.jpg,0.9496310949325562
IMG_20250717_111215_BELLY.jpg,12,IMG-20250626-WA0009_BELLY.jpg,0.9487372040748596
IMG_20250717_111215_BELLY.jpg,13,IMG-20250626-WA0014_BELLY.jpg,0.9471930265426636
IMG_20250717_111215_BELLY.jpg,14,IMG-20250626-WA0025_BELLY.jpg,0.9471027851104736
IMG_20250717_111215_BELLY.jpg,15,IMG_20250807_110659_BELLY.jpg,0.9456624984741211
IMG_20250717_111215_BELLY.jpg,16,IMG_20250807_104343_BELLY.jpg,0.9449938535690308
IMG_20250717_111215_BELLY.jpg,17,A08_18_12_W_roh_BELLY.jpg,0.9448897838592529
IMG_20250717_111215_BELLY.jpg,18,IMG_20250717_112327_BELLY.jpg,0.9439488649368286
IMG_20250717_111215_BELLY.jpg,19,IMG-20250626-WA0002_BELLY.jpg,0.9436310529708862
IMG_20250717_111215_BELLY.jpg,20,IMG-20250829-WA0020_BELLY.jpg,0.942997932434082
IMG_20250717_111516_BELLY.jpg,1,IMG_20250717_104525_BELLY.jpg,0.949077844619751
IMG_20250717_111516_BELLY.jpg,2,IMG-20250626-WA0022_BELLY.jpg,0.9456483721733093
IMG_20250717_111516_BELLY.jpg,3,IMG-20250919-WA0019_BELLY.jpg,0.9412425756454468
IMG_20250717_111516_BELLY.jpg,4,IMG_20250717_113156_BELLY.jpg,0.9378832578659058
IMG_20250717_111516_BELLY.jpg,5,IMG-20250919-WA0020_BELLY.jpg,0.9374001026153564
IMG_20250717_111516_BELLY.jpg,6,IMG_20250717_112327_BELLY.jpg,0.9334332942962646
IMG_20250717_111516_BELLY.jpg,7,IMG-20250626-WA0025_BELLY.jpg,0.9299997091293335
IMG_20250717_111516_BELLY.jpg,8,IMG_20250717_113844_BELLY.jpg,0.9296851754188538
IMG_20250717_111516_BELLY.jpg,9,A07_08_04_M_roh_BELLY.jpg,0.9273226261138916
IMG_20250717_111516_BELLY.jpg,10,IMG-20250717-WA0011_BELLY.jpg,0.925906777381897
IMG_20250717_111516_BELLY.jpg,11,A03_15_06_W_roh_BELLY.jpg,0.925648033618927
IMG_20250717_111516_BELLY.jpg,12,A06_15_02_W_roh_BELLY.jpg,0.9246874451637268
IMG_20250717_111516_BELLY.jpg,13,A01_18_07_W_roh_BELLY.jpg,0.9224075078964233
IMG_20250717_111516_BELLY.jpg,14,IMG_20250717_111635_BELLY.jpg,0.9194170236587524
IMG_20250717_111516_BELLY.jpg,15,A08_18_03_W_roh_BELLY.jpg,0.9191066026687622
IMG_20250717_111516_BELLY.jpg,16,A06_03_01_M_roh_BELLY.jpg,0.9188659191131592
IMG_20250717_111516_BELLY.jpg,17,IMG_20250717_123656_BELLY.jpg,0.9173967838287354
IMG_20250717_111516_BELLY.jpg,18,A08_17_17_W_roh_BELLY.jpg,0.917388379573822
IMG_20250717_111516_BELLY.jpg,19,IMG-20250717-WA0009_BELLY.jpg,0.9170725345611572
IMG_20250717_111516_BELLY.jpg,20,IMG_20250717_111215_BELLY.jpg,0.916078507900238
IMG_20250717_111635_BELLY.jpg,1,IMG_20250717_111215_BELLY.jpg,0.9581513404846191
IMG_20250717_111635_BELLY.jpg,2,IMG_20250501_132350_BELLY.jpg,0.9553085565567017
IMG_20250717_111635_BELLY.jpg,3,IMG_20250717_113844_BELLY.jpg,0.9518329501152039
IMG_20250717_111635_BELLY.jpg,4,A08_18_21_M_roh_BELLY.jpg,0.9483926296234131
IMG_20250717_111635_BELLY.jpg,5,IMG_20250515_113414_BELLY.jpg,0.9480627775192261
IMG_20250717_111635_BELLY.jpg,6,A08_18_12_W_roh_BELLY.jpg,0.9470374584197998
IMG_20250717_111635_BELLY.jpg,7,IMG_20250717_123430_BELLY.jpg,0.9464273452758789
IMG_20250717_111635_BELLY.jpg,8,IMG-20250626-WA0021_BELLY.jpg,0.9457454681396484
IMG_20250717_111635_BELLY.jpg,9,IMG-20250607-WA0003_BELLY.jpg,0.9455687999725342
IMG_20250717_111635_BELLY.jpg,10,A08_18_01_M_roh_BELLY.jpg,0.944645881652832
IMG_20250717_111635_BELLY.jpg,11,IMG_20250717_113156_BELLY.jpg,0.9445804357528687
IMG_20250717_111635_BELLY.jpg,12,IMG-20250910-WA0029_BELLY.jpg,0.9423307776451111
IMG_20250717_111635_BELLY.jpg,13,A07_08_04_M_roh_BELLY.jpg,0.941980242729187
IMG_20250717_111635_BELLY.jpg,14,IMG_20250717_104317_BELLY.jpg,0.9418604969978333
IMG_20250717_111635_BELLY.jpg,15,IMG-20250910-WA0062_BELLY.jpg,0.9417574405670166
IMG_20250717_111635_BELLY.jpg,16,A01_18_04_M_roh_BELLY.jpg,0.9415230751037598
IMG_20250717_111635_BELLY.jpg,17,A08_18_03_W_roh_BELLY.jpg,0.9395010471343994
IMG_20250717_111635_BELLY.jpg,18,IMG-20250626-WA0003_BELLY.jpg,0.9394471645355225
IMG_20250717_111635_BELLY.jpg,19,IMG_20250717_112327_BELLY.jpg,0.9382279515266418
IMG_20250717_111635_BELLY.jpg,20,A08_18_20_W_roh_BELLY.jpg,0.9377655982971191
IMG_20250717_112327_BELLY.jpg,1,IMG-20250626-WA0022_BELLY.jpg,0.9607227444648743
IMG_20250717_112327_BELLY.jpg,2,IMG_20250717_113844_BELLY.jpg,0.9591670036315918
IMG_20250717_112327_BELLY.jpg,3,IMG_20250717_104317_BELLY.jpg,0.9590145349502563
IMG_20250717_112327_BELLY.jpg,4,IMG_20250717_123656_BELLY.jpg,0.9554693698883057
IMG_20250717_112327_BELLY.jpg,5,IMG_20250717_104525_BELLY.jpg,0.9552596807479858
IMG_20250717_112327_BELLY.jpg,6,IMG-20250626-WA0003_BELLY.jpg,0.9546230435371399
IMG_20250717_112327_BELLY.jpg,7,IMG_20250717_113633_BELLY.jpg,0.9534603357315063
IMG_20250717_112327_BELLY.jpg,8,IMG-20250626-WA0025_BELLY.jpg,0.9532808065414429
IMG_20250717_112327_BELLY.jpg,9,IMG_20250717_113156_BELLY.jpg,0.9520308971405029
IMG_20250717_112327_BELLY.jpg,10,IMG-20250626-WA0024_BELLY.jpg,0.9495161175727844
IMG_20250717_112327_BELLY.jpg,11,IMG-20250626-WA0015_BELLY.jpg,0.9477159380912781
IMG_20250717_112327_BELLY.jpg,12,IMG_20250717_111215_BELLY.jpg,0.9439488649368286
IMG_20250717_112327_BELLY.jpg,13,IMG-20250626-WA0020_BELLY.jpg,0.9431076645851135
IMG_20250717_112327_BELLY.jpg,14,A01_15_01_W_roh_BELLY.jpg,0.9407566785812378
IMG_20250717_112327_BELLY.jpg,15,IMG_20250717_105046_BELLY.jpg,0.9405195713043213
IMG_20250717_112327_BELLY.jpg,16,IMG_20250717_111635_BELLY.jpg,0.9382279515266418
IMG_20250717_112327_BELLY.jpg,17,IMG-20250626-WA0021_BELLY.jpg,0.9379177093505859
IMG_20250717_112327_BELLY.jpg,18,IMG-20250607-WA0003_BELLY.jpg,0.9366906881332397
IMG_20250717_112327_BELLY.jpg,19,A08_18_21_M_roh_BELLY.jpg,0.9363205432891846
IMG_20250717_112327_BELLY.jpg,20,IMG-20250919-WA0016_BELLY.jpg,0.9360467791557312
IMG_20250717_113156_BELLY.jpg,1,IMG-20250626-WA0022_BELLY.jpg,0.9582005143165588
IMG_20250717_113156_BELLY.jpg,2,IMG_20250717_112327_BELLY.jpg,0.9520308971405029
IMG_20250717_113156_BELLY.jpg,3,IMG-20250626-WA0025_BELLY.jpg,0.9514425992965698
IMG_20250717_113156_BELLY.jpg,4,IMG_20250717_104525_BELLY.jpg,0.9473171234130859
IMG_20250717_113156_BELLY.jpg,5,IMG_20250717_111635_BELLY.jpg,0.9445804357528687
IMG_20250717_113156_BELLY.jpg,6,IMG_20250717_113844_BELLY.jpg,0.942512035369873
IMG_20250717_113156_BELLY.jpg,7,IMG-20250626-WA0021_BELLY.jpg,0.9423497915267944
IMG_20250717_113156_BELLY.jpg,8,IMG-20250919-WA0012_BELLY.jpg,0.9409860968589783
IMG_20250717_113156_BELLY.jpg,9,A06_17_02_W__roh_BELLY.jpg,0.9388909339904785
IMG_20250717_113156_BELLY.jpg,10,A08_18_14_M_roh_BELLY.jpg,0.9382182359695435
IMG_20250717_113156_BELLY.jpg,11,IMG_20250717_111516_BELLY.jpg,0.9378832578659058
IMG_20250717_113156_BELLY.jpg,12,A01_15_01_W_roh_BELLY.jpg,0.9376156330108643
IMG_20250717_113156_BELLY.jpg,13,A05_18_04_W_roh_BELLY.jpg,0.9373687505722046
IMG_20250717_113156_BELLY.jpg,14,IMG_20250717_111215_BELLY.jpg,0.9362460970878601
IMG_20250717_113156_BELLY.jpg,15,IMG-20250626-WA0003_BELLY.jpg,0.936180830001831
IMG_20250717_113156_BELLY.jpg,16,A08_18_06_W_roh_BELLY.jpg,0.9356790781021118
IMG_20250717_113156_BELLY.jpg,17,IMG_20250501_132350_BELLY.jpg,0.9355266094207764
IMG_20250717_113156_BELLY.jpg,18,A08_15_04_M_roh_BELLY.jpg,0.9355196356773376
IMG_20250717_113156_BELLY.jpg,19,A08_18_20_W_roh_BELLY.jpg,0.9349828958511353
IMG_20250717_113156_BELLY.jpg,20,A01_18_04_M_roh_BELLY.jpg,0.934351921081543
IMG_20250717_113633_BELLY.jpg,1,IMG-20250626-WA0003_BELLY.jpg,0.9625415802001953
IMG_20250717_113633_BELLY.jpg,2,IMG_20250717_104317_BELLY.jpg,0.9589599370956421
IMG_20250717_113633_BELLY.jpg,3,IMG_20250717_105046_BELLY.jpg,0.9566142559051514
IMG_20250717_113633_BELLY.jpg,4,IMG_20250717_111215_BELLY.jpg,0.9545028209686279
IMG_20250717_113633_BELLY.jpg,5,IMG_20250717_112327_BELLY.jpg,0.9534603357315063
IMG_20250717_113633_BELLY.jpg,6,IMG_20250717_123656_BELLY.jpg,0.9531675577163696
IMG_20250717_113633_BELLY.jpg,7,IMG-20250919-WA0016_BELLY.jpg,0.9530495405197144
IMG_20250717_113633_BELLY.jpg,8,IMG-20250626-WA0024_BELLY.jpg,0.9490556716918945
IMG_20250717_113633_BELLY.jpg,9,IMG_20250717_113844_BELLY.jpg,0.9443743228912354
IMG_20250717_113633_BELLY.jpg,10,IMG-20250626-WA0021_BELLY.jpg,0.9430768489837646
IMG_20250717_113633_BELLY.jpg,11,IMG-20250626-WA0022_BELLY.jpg,0.9429813623428345
IMG_20250717_113633_BELLY.jpg,12,IMG_20250717_110833_BELLY.jpg,0.9400313496589661
IMG_20250717_113633_BELLY.jpg,13,IMG_20250515_121011_BELLY.jpg,0.9384833574295044
IMG_20250717_113633_BELLY.jpg,14,IMG_20250501_132115_BELLY.jpg,0.9381059408187866
IMG_20250717_113633_BELLY.jpg,15,IMG-20250626-WA0015_BELLY.jpg,0.9366248846054077
IMG_20250717_113633_BELLY.jpg,16,IMG-20250626-WA0002_BELLY.jpg,0.9362243413925171
IMG_20250717_113633_BELLY.jpg,17,IMG-20250626-WA0020_BELLY.jpg,0.9361789226531982
IMG_20250717_113633_BELLY.jpg,18,IMG_20250717_111635_BELLY.jpg,0.9346250295639038
IMG_20250717_113633_BELLY.jpg,19,IMG_20250717_123430_BELLY.jpg,0.9337209463119507
IMG_20250717_113633_BELLY.jpg,20,IMG_20250717_104652_BELLY.jpg,0.9336731433868408
IMG_20250717_113844_BELLY.jpg,1,IMG_20250717_111215_BELLY.jpg,0.9627358913421631
IMG_20250717_113844_BELLY.jpg,2,IMG_20250717_112327_BELLY.jpg,0.9591670036315918
IMG_20250717_113844_BELLY.jpg,3,IMG-20250626-WA0025_BELLY.jpg,0.9548593759536743
IMG_20250717_113844_BELLY.jpg,4,IMG-20250626-WA0003_BELLY.jpg,0.9523119926452637
IMG_20250717_113844_BELLY.jpg,5,IMG_20250717_111635_BELLY.jpg,0.9518329501152039
IMG_20250717_113844_BELLY.jpg,6,IMG_20250501_132350_BELLY.jpg,0.9509007334709167
IMG_20250717_113844_BELLY.jpg,7,A08_18_21_M_roh_BELLY.jpg,0.9483016729354858
IMG_20250717_113844_BELLY.jpg,8,IMG_20250717_123430_BELLY.jpg,0.9482269883155823
IMG_20250717_113844_BELLY.jpg,9,IMG-20250626-WA0015_BELLY.jpg,0.9477435946464539
IMG_20250717_113844_BELLY.jpg,10,IMG-20250607-WA0003_BELLY.jpg,0.9467875361442566
IMG_20250717_113844_BELLY.jpg,11,IMG-20250626-WA0022_BELLY.jpg,0.9467374086380005
IMG_20250717_113844_BELLY.jpg,12,IMG_20250717_104525_BELLY.jpg,0.9463747143745422
IMG_20250717_113844_BELLY.jpg,13,IMG_20250717_104317_BELLY.jpg,0.9459906816482544
IMG_20250717_113844_BELLY.jpg,14,IMG_20250717_113633_BELLY.jpg,0.9443743228912354
IMG_20250717_113844_BELLY.jpg,15,A08_18_12_W_roh_BELLY.jpg,0.9435842037200928
IMG_20250717_113844_BELLY.jpg,16,IMG-20250626-WA0014_BELLY.jpg,0.9428069591522217
IMG_20250717_113844_BELLY.jpg,17,IMG_20250717_113156_BELLY.jpg,0.942512035369873
IMG_20250717_113844_BELLY.jpg,18,IMG_20250501_132115_BELLY.jpg,0.9424823522567749
IMG_20250717_113844_BELLY.jpg,19,A08_15_07_W_roh_BELLY.jpg,0.942435622215271
IMG_20250717_113844_BELLY.jpg,20,A01_05_03_W_roh_BELLY.jpg,0.941972017288208
IMG_20250717_123430_BELLY.jpg,1,IMG_20250717_111215_BELLY.jpg,0.954191267490387
IMG_20250717_123430_BELLY.jpg,2,IMG-20250607-WA0003_BELLY.jpg,0.952824592590332
IMG_20250717_123430_BELLY.jpg,3,IMG_20250717_113844_BELLY.jpg,0.9482269883155823
IMG_20250717_123430_BELLY.jpg,4,IMG_20250717_111635_BELLY.jpg,0.9464273452758789
IMG_20250717_123430_BELLY.jpg,5,IMG-20250626-WA0014_BELLY.jpg,0.9456058740615845
IMG_20250717_123430_BELLY.jpg,6,IMG_20250501_132350_BELLY.jpg,0.9438096880912781
IMG_20250717_123430_BELLY.jpg,7,IMG_20250717_123656_BELLY.jpg,0.9399154186248779
IMG_20250717_123430_BELLY.jpg,8,IMG_20250515_113414_BELLY.jpg,0.9389124512672424
IMG_20250717_123430_BELLY.jpg,9,A08_09_39_W_roh_BELLY.jpg,0.9369884729385376
IMG_20250717_123430_BELLY.jpg,10,IMG_20250717_104317_BELLY.jpg,0.9368669986724854
IMG_20250717_123430_BELLY.jpg,11,IMG_20250501_132115_BELLY.jpg,0.935057520866394
IMG_20250717_123430_BELLY.jpg,12,IMG_20250717_113633_BELLY.jpg,0.9337209463119507
IMG_20250717_123430_BELLY.jpg,13,A07_08_04_M_roh_BELLY.jpg,0.9335064888000488
IMG_20250717_123430_BELLY.jpg,14,IMG-20250626-WA0004_BELLY.jpg,0.9327054023742676
IMG_20250717_123430_BELLY.jpg,15,IMG_20250807_104343_BELLY.jpg,0.932549238204956
IMG_20250717_123430_BELLY.jpg,16,IMG-20250829-WA0018_BELLY.jpg,0.9321239590644836
IMG_20250717_123430_BELLY.jpg,17,IMG-20250626-WA0003_BELLY.jpg,0.9320472478866577
IMG_20250717_123430_BELLY.jpg,18,IMG-20250626-WA0009_BELLY.jpg,0.9307230710983276
IMG_20250717_123430_BELLY.jpg,19,IMG_20250807_110659_BELLY.jpg,0.9293549656867981
IMG_20250717_123430_BELLY.jpg,20,IMG-20250919-WA0021_BELLY.jpg,0.9277384281158447
IMG_20250717_123656_BELLY.jpg,1,IMG_20250717_112327_BELLY.jpg,0.9554693698883057
IMG_20250717_123656_BELLY.jpg,2,IMG_20250717_104317_BELLY.jpg,0.9539452195167542
IMG_20250717_123656_BELLY.jpg,3,IMG_20250717_113633_BELLY.jpg,0.9531675577163696
IMG_20250717_123656_BELLY.jpg,4,IMG-20250626-WA0003_BELLY.jpg,0.94921875
IMG_20250717_123656_BELLY.jpg,5,IMG_20250717_104525_BELLY.jpg,0.9469902515411377
IMG_20250717_123656_BELLY.jpg,6,IMG-20250607-WA0003_BELLY.jpg,0.9414669871330261
IMG_20250717_123656_BELLY.jpg,7,IMG_20250717_113844_BELLY.jpg,0.941173791885376
IMG_20250717_123656_BELLY.jpg,8,IMG_20250717_111215_BELLY.jpg,0.9405277967453003
IMG_20250717_123656_BELLY.jpg,9,IMG_20250717_123430_BELLY.jpg,0.9399154186248779
IMG_20250717_123656_BELLY.jpg,10,IMG_20250501_132115_BELLY.jpg,0.9397449493408203
IMG_20250717_123656_BELLY.jpg,11,IMG-20250626-WA0002_BELLY.jpg,0.9371426105499268
IMG_20250717_123656_BELLY.jpg,12,IMG-20250626-WA0024_BELLY.jpg,0.9367643594741821
IMG_20250717_123656_BELLY.jpg,13,IMG_20250717_105046_BELLY.jpg,0.9363198280334473
IMG_20250717_123656_BELLY.jpg,14,IMG-20250626-WA0025_BELLY.jpg,0.9358711242675781
IMG_20250717_123656_BELLY.jpg,15,IMG-20250626-WA0015_BELLY.jpg,0.935367226600647
IMG_20250717_123656_BELLY.jpg,16,IMG-20250626-WA0009_BELLY.jpg,0.9353156089782715
IMG_20250717_123656_BELLY.jpg,17,IMG-20250626-WA0014_BELLY.jpg,0.9347133636474609
IMG_20250717_123656_BELLY.jpg,18,IMG-20250626-WA0020_BELLY.jpg,0.9338499903678894
IMG_20250717_123656_BELLY.jpg,19,A08_15_07_W_roh_BELLY.jpg,0.933466374874115
IMG_20250717_123656_BELLY.jpg,20,IMG-20250626-WA0022_BELLY.jpg,0.9320763349533081
IMG_20250807_103916_BELLY.jpg,1,IMG_20250807_104343_BELLY.jpg,0.9531015157699585
IMG_20250807_103916_BELLY.jpg,2,IMG-20250919-WA0021_BELLY.jpg,0.9523798227310181
IMG_20250807_103916_BELLY.jpg,3,IMG_20250807_104159_BELLY.jpg,0.9501312971115112
IMG_20250807_103916_BELLY.jpg,4,IMG_20250807_110659_BELLY.jpg,0.9485713243484497
IMG_20250807_103916_BELLY.jpg,5,IMG-20250829-WA0020_BELLY.jpg,0.9453127384185791
IMG_20250807_103916_BELLY.jpg,6,IMG-20250626-WA0011_BELLY.jpg,0.9416632056236267
IMG_20250807_103916_BELLY.jpg,7,IMG_20250717_111215_BELLY.jpg,0.9414606690406799
IMG_20250807_103916_BELLY.jpg,8,A01_09_21_W_roh_BELLY.jpg,0.9404948949813843
IMG_20250807_103916_BELLY.jpg,9,IMG-20250626-WA0009_BELLY.jpg,0.9390827417373657
IMG_20250807_103916_BELLY.jpg,10,IMG-20250626-WA0006_BELLY.jpg,0.9385448694229126
IMG_20250807_103916_BELLY.jpg,11,IMG_20250807_105820_BELLY.jpg,0.9384998083114624
IMG_20250807_103916_BELLY.jpg,12,IMG_20250717_104652_BELLY.jpg,0.9376214742660522
IMG_20250807_103916_BELLY.jpg,13,IMG-20250626-WA0014_BELLY.jpg,0.9372144937515259
IMG_20250807_103916_BELLY.jpg,14,IMG-20250626-WA0003_BELLY.jpg,0.9368221759796143
IMG_20250807_103916_BELLY.jpg,15,IMG_20250717_104317_BELLY.jpg,0.9353042840957642
IMG_20250807_103916_BELLY.jpg,16,IMG-20250919-WA0016_BELLY.jpg,0.9347634315490723
IMG_20250807_103916_BELLY.jpg,17,IMG-20250626-WA0024_BELLY.jpg,0.9338769912719727
IMG_20250807_103916_BELLY.jpg,18,IMG-20250607-WA0003_BELLY.jpg,0.9335789680480957
IMG_20250807_103916_BELLY.jpg,19,IMG_20250501_132115_BELLY.jpg,0.9324593544006348
IMG_20250807_103916_BELLY.jpg,20,IMG_20250501_133055_BELLY.jpg,0.9315689206123352
IMG_20250807_104159_BELLY.jpg,1,IMG-20250626-WA0002_BELLY.jpg,0.9558055400848389
IMG_20250807_104159_BELLY.jpg,2,IMG_20250807_104343_BELLY.jpg,0.9529609680175781
IMG_20250807_104159_BELLY.jpg,3,IMG-20250626-WA0004_BELLY.jpg,0.950882077217102
IMG_20250807_104159_BELLY.jpg,4,IMG_20250807_103916_BELLY.jpg,0.9501312971115112
IMG_20250807_104159_BELLY.jpg,5,IMG-20250626-WA0009_BELLY.jpg,0.9453610181808472
IMG_20250807_104159_BELLY.jpg,6,IMG_20250501_133055_BELLY.jpg,0.9429582953453064
IMG_20250807_104159_BELLY.jpg,7,IMG_20250717_104652_BELLY.jpg,0.9428696632385254
IMG_20250807_104159_BELLY.jpg,8,IMG-20250626-WA0011_BELLY.jpg,0.9400279521942139
IMG_20250807_104159_BELLY.jpg,9,IMG_20250717_104317_BELLY.jpg,0.9388231039047241
IMG_20250807_104159_BELLY.jpg,10,IMG-20250626-WA0014_BELLY.jpg,0.9381848573684692
IMG_20250807_104159_BELLY.jpg,11,A06_08_04_W_roh_BELLY.jpg,0.9353073835372925
IMG_20250807_104159_BELLY.jpg,12,IMG_20250807_110659_BELLY.jpg,0.9352207779884338
IMG_20250807_104159_BELLY.jpg,13,IMG-20250919-WA0016_BELLY.jpg,0.9344453811645508
IMG_20250807_104159_BELLY.jpg,14,IMG-20250626-WA0024_BELLY.jpg,0.9334192872047424
IMG_20250807_104159_BELLY.jpg,15,IMG-20250607-WA0006_BELLY.jpg,0.9328169822692871
IMG_20250807_104159_BELLY.jpg,16,IMG_20250501_132115_BELLY.jpg,0.9322353601455688
IMG_20250807_104159_BELLY.jpg,17,IMG-20250919-WA0021_BELLY.jpg,0.9312580227851868
IMG_20250807_104159_BELLY.jpg,18,A01_18_01_W_roh_BELLY.jpg,0.9301033616065979
IMG_20250807_104159_BELLY.jpg,19,IMG-20250607-WA0003_BELLY.jpg,0.929669976234436
IMG_20250807_104159_BELLY.jpg,20,A01_09_21_W_roh_BELLY.jpg,0.9286113381385803
IMG_20250807_104343_BELLY.jpg,1,IMG_20250807_103916_BELLY.jpg,0.9531015157699585
IMG_20250807_104343_BELLY.jpg,2,IMG_20250807_104159_BELLY.jpg,0.9529609680175781
IMG_20250807_104343_BELLY.jpg,3,IMG_20250717_104317_BELLY.jpg,0.9471698999404907
IMG_20250807_104343_BELLY.jpg,4,IMG-20250626-WA0002_BELLY.jpg,0.9468188285827637
IMG_20250807_104343_BELLY.jpg,5,IMG_20250807_110659_BELLY.jpg,0.9464260935783386
IMG_20250807_104343_BELLY.jpg,6,IMG_20250717_111215_BELLY.jpg,0.9449938535690308
IMG_20250807_104343_BELLY.jpg,7,IMG-20250626-WA0015_BELLY.jpg,0.9442235231399536
IMG_20250807_104343_BELLY.jpg,8,IMG-20250829-WA0020_BELLY.jpg,0.9422810673713684
IMG_20250807_104343_BELLY.jpg,9,IMG-20250626-WA0003_BELLY.jpg,0.9407751560211182
IMG_20250807_104343_BELLY.jpg,10,IMG_20250717_105046_BELLY.jpg,0.9370303153991699
IMG_20250807_104343_BELLY.jpg,11,IMG-20250626-WA0014_BELLY.jpg,0.9351552724838257
IMG_20250807_104343_BELLY.jpg,12,IMG-20250626-WA0009_BELLY.jpg,0.9340292811393738
IMG_20250807_104343_BELLY.jpg,13,IMG_20250717_123430_BELLY.jpg,0.932549238204956
IMG_20250807_104343_BELLY.jpg,14,A01_09_21_W_roh_BELLY.jpg,0.9324697852134705
IMG_20250807_104343_BELLY.jpg,15,IMG-20250607-WA0003_BELLY.jpg,0.9315399527549744
IMG_20250807_104343_BELLY.jpg,16,IMG_20250717_113633_BELLY.jpg,0.9306780099868774
IMG_20250807_104343_BELLY.jpg,17,IMG-20250626-WA0004_BELLY.jpg,0.9298313856124878
IMG_20250807_104343_BELLY.jpg,18,IMG_20250807_105223_BELLY.jpg,0.929485559463501
IMG_20250807_104343_BELLY.jpg,19,IMG_20250501_132115_BELLY.jpg,0.9290218353271484
IMG_20250807_104343_BELLY.jpg,20,IMG_20250717_104652_BELLY.jpg,0.9284217357635498
IMG_20250807_105223_BELLY.jpg,1,A07_08_03_W_roh_BELLY.jpg,0.94197678565979
IMG_20250807_105223_BELLY.jpg,2,IMG_20250717_112327_BELLY.jpg,0.9353314638137817
IMG_20250807_105223_BELLY.jpg,3,A01_05_03_W_roh_BELLY.jpg,0.9341654777526855
IMG_20250807_105223_BELLY.jpg,4,IMG-20250626-WA0021_BELLY.jpg,0.9308623671531677
IMG_20250807_105223_BELLY.jpg,5,IMG-20250626-WA0015_BELLY.jpg,0.9305374622344971
IMG_20250807_105223_BELLY.jpg,6,IMG_20250807_104343_BELLY.jpg,0.929485559463501
IMG_20250807_105223_BELLY.jpg,7,A01_09_21_W_roh_BELLY.jpg,0.9294229745864868
IMG_20250807_105223_BELLY.jpg,8,IMG_20250717_113844_BELLY.jpg,0.9289971590042114
IMG_20250807_105223_BELLY.jpg,9,IMG-20250626-WA0003_BELLY.jpg,0.9279131889343262
IMG_20250807_105223_BELLY.jpg,10,IMG_20250717_123656_BELLY.jpg,0.9274371862411499
IMG_20250807_105223_BELLY.jpg,11,IMG-20250626-WA0025_BELLY.jpg,0.9274047613143921
IMG_20250807_105223_BELLY.jpg,12,IMG_20250717_104525_BELLY.jpg,0.9263749122619629
IMG_20250807_105223_BELLY.jpg,13,IMG-20250919-WA0016_BELLY.jpg,0.9257729649543762
IMG_20250807_105223_BELLY.jpg,14,IMG_20250717_111215_BELLY.jpg,0.9256519675254822
IMG_20250807_105223_BELLY.jpg,15,IMG_20250717_104317_BELLY.jpg,0.92421555519104
IMG_20250807_105223_BELLY.jpg,16,IMG-20250829-WA0013_BELLY.jpg,0.9233337044715881
IMG_20250807_105223_BELLY.jpg,17,IMG_20250501_133055_BELLY.jpg,0.9220387935638428
IMG_20250807_105223_BELLY.jpg,18,IMG-20250626-WA0002_BELLY.jpg,0.9210559129714966
IMG_20250807_105223_BELLY.jpg,19,IMG_20250717_113633_BELLY.jpg,0.9208241701126099
IMG_20250807_105223_BELLY.jpg,20,IMG-20250626-WA0024_BELLY.jpg,0.9202524423599243
IMG_20250807_105820_BELLY.jpg,1,IMG_20250807_103916_BELLY.jpg,0.9384998083114624
IMG_20250807_105820_BELLY.jpg,2,IMG_20250807_104343_BELLY.jpg,0.9223926067352295
IMG_20250807_105820_BELLY.jpg,3,IMG_20250807_104159_BELLY.jpg,0.921825647354126
IMG_20250807_105820_BELLY.jpg,4,IMG_20250717_104652_BELLY.jpg,0.9200669527053833
IMG_20250807_105820_BELLY.jpg,5,IMG-20250626-WA0003_BELLY.jpg,0.9161460399627686
IMG_20250807_105820_BELLY.jpg,6,IMG_20250717_105046_BELLY.jpg,0.9158585071563721
IMG_20250807_105820_BELLY.jpg,7,IMG_20250501_133055_BELLY.jpg,0.9131157994270325
IMG_20250807_105820_BELLY.jpg,8,IMG-20250607-WA0006_BELLY.jpg,0.9130181074142456
IMG_20250807_105820_BELLY.jpg,9,IMG_20250717_113633_BELLY.jpg,0.9115208387374878
IMG_20250807_105820_BELLY.jpg,10,IMG-20250626-WA0011_BELLY.jpg,0.9114151000976562
IMG_20250807_105820_BELLY.jpg,11,IMG_20250717_110833_BELLY.jpg,0.9112746715545654
IMG_20250807_105820_BELLY.jpg,12,IMG_20250717_104317_BELLY.jpg,0.9107130765914917
IMG_20250807_105820_BELLY.jpg,13,IMG_20250515_121011_BELLY.jpg,0.9098068475723267
IMG_20250807_105820_BELLY.jpg,14,IMG-20250626-WA0009_BELLY.jpg,0.9087386131286621
IMG_20250807_105820_BELLY.jpg,15,IMG-20250626-WA0024_BELLY.jpg,0.9067416191101074
IMG_20250807_105820_BELLY.jpg,16,IMG_20250807_105223_BELLY.jpg,0.9051100611686707
IMG_20250807_105820_BELLY.jpg,17,IMG-20250626-WA0002_BELLY.jpg,0.9048738479614258
IMG_20250807_105820_BELLY.jpg,18,A01_09_21_W_roh_BELLY.jpg,0.9033422470092773
IMG_20250807_105820_BELLY.jpg,19,IMG_20250515_114220_BELLY.jpg,0.9032766819000244
IMG_20250807_105820_BELLY.jpg,20,IMG_20250717_111215_BELLY.jpg,0.9017337560653687
IMG_20250807_110659_BELLY.jpg,1,IMG_20250807_103916_BELLY.jpg,0.9485713243484497
IMG_20250807_110659_BELLY.jpg,2,IMG_20250807_104343_BELLY.jpg,0.9464260935783386
IMG_20250807_110659_BELLY.jpg,3,IMG_20250717_111215_BELLY.jpg,0.9456624984741211
IMG_20250807_110659_BELLY.jpg,4,IMG-20250919-WA0021_BELLY.jpg,0.938144326210022
IMG_20250807_110659_BELLY.jpg,5,IMG-20250607-WA0003_BELLY.jpg,0.9360102415084839
IMG_20250807_110659_BELLY.jpg,6,IMG_20250807_104159_BELLY.jpg,0.9352207779884338
IMG_20250807_110659_BELLY.jpg,7,IMG-20250626-WA0024_BELLY.jpg,0.9349836111068726
IMG_20250807_110659_BELLY.jpg,8,IMG_20250717_104317_BELLY.jpg,0.9335672855377197
IMG_20250807_110659_BELLY.jpg,9,IMG-20250626-WA0014_BELLY.jpg,0.9307994842529297
IMG_20250807_110659_BELLY.jpg,10,IMG-20250626-WA0009_BELLY.jpg,0.9298858642578125
IMG_20250807_110659_BELLY.jpg,11,IMG_20250717_123430_BELLY.jpg,0.9293549656867981
IMG_20250807_110659_BELLY.jpg,12,IMG-20250829-WA0020_BELLY.jpg,0.9281004667282104
IMG_20250807_110659_BELLY.jpg,13,IMG-20250626-WA0004_BELLY.jpg,0.9271372556686401
IMG_20250807_110659_BELLY.jpg,14,IMG-20250626-WA0003_BELLY.jpg,0.9263184070587158
IMG_20250807_110659_BELLY.jpg,15,IMG_20250501_132115_BELLY.jpg,0.9255313873291016
IMG_20250807_110659_BELLY.jpg,16,IMG_20250717_104652_BELLY.jpg,0.9238338470458984
IMG_20250807_110659_BELLY.jpg,17,IMG_20250717_113633_BELLY.jpg,0.9221580624580383
IMG_20250807_110659_BELLY.jpg,18,IMG-20250626-WA0006_BELLY.jpg,0.9210225343704224
IMG_20250807_110659_BELLY.jpg,19,IMG-20250919-WA0016_BELLY.jpg,0.92094886302948
IMG_20250807_110659_BELLY.jpg,20,IMG-20250626-WA0013_BELLY.jpg,0.9204351902008057
