Query,Rank,Candidate,Similarity
A01_03_07_W_roh_BELLY.jpg,1,A08_18_13_W_roh_BELLY.jpg,0.6237348318099976
A01_03_07_W_roh_BELLY.jpg,2,A04_03_01_W_roh_BELLY.jpg,0.6224457025527954
A01_03_07_W_roh_BELLY.jpg,3,A08_12_13_W_roh_BELLY.jpg,0.6207950711250305
A01_03_07_W_roh_BELLY.jpg,4,A06_15_02_W_roh_BELLY.jpg,0.617626965045929
A01_03_07_W_roh_BELLY.jpg,5,IMG-20250607-WA0003_BELLY.jpg,0.6133906245231628
A01_03_07_W_roh_BELLY.jpg,6,A05_18_07_W_roh_BELLY.jpg,0.6118713021278381
A01_03_07_W_roh_BELLY.jpg,7,A08_15_14_W_roh_BELLY.jpg,0.6087774038314819
A01_03_07_W_roh_BELLY.jpg,8,A06_12_01_W_roh_BELLY.jpg,0.6041795611381531
A01_03_07_W_roh_BELLY.jpg,9,IMG-20250607-WA0006_BELLY.jpg,0.601863443851471
A01_03_07_W_roh_BELLY.jpg,10,IMG_20250717_111516_BELLY.jpg,0.6012020707130432
A01_03_07_W_roh_BELLY.jpg,11,A05_18_08_W_roh_BELLY.jpg,0.5965091586112976
A01_03_07_W_roh_BELLY.jpg,12,A08_06_05_SA_roh_BELLY.jpg,0.5925946831703186
A01_03_07_W_roh_BELLY.jpg,13,A04_12_04_W_roh_BELLY.jpg,0.592298686504364
A01_03_07_W_roh_BELLY.jpg,14,A08_18_02_W_roh_BELLY.jpg,0.5919317007064819
A01_03_07_W_roh_BELLY.jpg,15,IMG_20250515_113414_BELLY.jpg,0.59189373254776
A01_03_07_W_roh_BELLY.jpg,16,AT01_06_03_W_roh_BELLY.jpg,0.589727520942688
A01_03_07_W_roh_BELLY.jpg,17,IMG-20250626-WA0014_BELLY.jpg,0.5891450047492981
A01_03_07_W_roh_BELLY.jpg,18,A03_12_03_M_roh_BELLY.jpg,0.5888513326644897
A01_03_07_W_roh_BELLY.jpg,19,A08_15_04_M_roh_BELLY.jpg,0.587191641330719
A01_03_07_W_roh_BELLY.jpg,20,IMG_20250717_104652_BELLY.jpg,0.5860834121704102
A01_05_03_W_roh_BELLY.jpg,1,IMG_20250717_104525_BELLY.jpg,0.8380411863327026
A01_05_03_W_roh_BELLY.jpg,2,IMG-20250717-WA0013_BELLY.jpg,0.6435341238975525
A01_05_03_W_roh_BELLY.jpg,3,A01_15_07_W_roh_BELLY.jpg,0.6266099214553833
A01_05_03_W_roh_BELLY.jpg,4,IMG-20250919-WA0012_BELLY.jpg,0.6251384615898132
A01_05_03_W_roh_BELLY.jpg,5,A01_18_03_W_roh_BELLY.jpg,0.6170276403427124
A01_05_03_W_roh_BELLY.jpg,6,IMG_20250717_104317_BELLY.jpg,0.6140249967575073
A01_05_03_W_roh_BELLY.jpg,7,IMG-20250626-WA0024_BELLY.jpg,0.6133744716644287
A01_05_03_W_roh_BELLY.jpg,8,IMG-20250910-WA0018_BELLY.jpg,0.610696017742157
A01_05_03_W_roh_BELLY.jpg,9,IMG-20250910-WA0017_BELLY.jpg,0.6098124980926514
A01_05_03_W_roh_BELLY.jpg,10,A01_08_01_W_roh_BELLY.jpg,0.6093370914459229
A01_05_03_W_roh_BELLY.jpg,11,IMG_20250717_112327_BELLY.jpg,0.6091358661651611
A01_05_03_W_roh_BELLY.jpg,12,A08_15_07_W_roh_BELLY.jpg,0.6060023903846741
A01_05_03_W_roh_BELLY.jpg,13,A08_15_06_W_roh_BELLY.jpg,0.5967079997062683
A01_05_03_W_roh_BELLY.jpg,14,IMG_20250717_104652_BELLY.jpg,0.5966892242431641
A01_05_03_W_roh_BELLY.jpg,15,IMG-20250626-WA0025_BELLY.jpg,0.5966557860374451
A01_05_03_W_roh_BELLY.jpg,16,A04_03_01_W_roh_BELLY.jpg,0.5933396816253662
A01_05_03_W_roh_BELLY.jpg,17,A05_18_07_W_roh_BELLY.jpg,0.5926105380058289
A01_05_03_W_roh_BELLY.jpg,18,IMG_20250515_113414_BELLY.jpg,0.5922559499740601
A01_05_03_W_roh_BELLY.jpg,19,IMG-20250626-WA0014_BELLY.jpg,0.5895777940750122
A01_05_03_W_roh_BELLY.jpg,20,A02_06_06_M_roh_BELLY.jpg,0.5883713960647583
A01_06_01_SA_roh_BELLY.jpg,1,A05_18_04_W_roh_BELLY.jpg,0.5917156934738159
A01_06_01_SA_roh_BELLY.jpg,2,A08_12_13_W_roh_BELLY.jpg,0.5890676379203796
A01_06_01_SA_roh_BELLY.jpg,3,A08_18_06_W_roh_BELLY.jpg,0.5842381119728088
A01_06_01_SA_roh_BELLY.jpg,4,IMG-20250626-WA0020_BELLY.jpg,0.5812302231788635
A01_06_01_SA_roh_BELLY.jpg,5,A04_12_04_W_roh_BELLY.jpg,0.579727292060852
A01_06_01_SA_roh_BELLY.jpg,6,IMG-20250626-WA0024_BELLY.jpg,0.5790805220603943
A01_06_01_SA_roh_BELLY.jpg,7,A08_06_05_SA_roh_BELLY.jpg,0.5780649185180664
A01_06_01_SA_roh_BELLY.jpg,8,A08_15_14_W_roh_BELLY.jpg,0.577072024345398
A01_06_01_SA_roh_BELLY.jpg,9,A08_06_02_SA_roh_BELLY.jpg,0.5746258497238159
A01_06_01_SA_roh_BELLY.jpg,10,IMG_20250515_121011_BELLY.jpg,0.572968602180481
A01_06_01_SA_roh_BELLY.jpg,11,A01_15_03_W_roh_BELLY.jpg,0.5718494057655334
A01_06_01_SA_roh_BELLY.jpg,12,IMG-20250626-WA0007_BELLY.jpg,0.5711207389831543
A01_06_01_SA_roh_BELLY.jpg,13,IMG-20250626-WA0016_BELLY.jpg,0.5686489939689636
A01_06_01_SA_roh_BELLY.jpg,14,A04_03_01_W_roh_BELLY.jpg,0.5671987533569336
A01_06_01_SA_roh_BELLY.jpg,15,A02_06_03_M_roh_BELLY.jpg,0.5670520067214966
A01_06_01_SA_roh_BELLY.jpg,16,A06_18_04_W_roh_BELLY.jpg,0.5666571259498596
A01_06_01_SA_roh_BELLY.jpg,17,A08_18_20_W_roh_BELLY.jpg,0.5629997849464417
A01_06_01_SA_roh_BELLY.jpg,18,IMG-20250626-WA0011_BELLY.jpg,0.5600112676620483
A01_06_01_SA_roh_BELLY.jpg,19,IMG-20250626-WA0022_BELLY.jpg,0.5586013793945312
A01_06_01_SA_roh_BELLY.jpg,20,IMG-20250626-WA0009_BELLY.jpg,0.558235764503479
A01_08_01_W_roh_BELLY.jpg,1,A04_17_02_W_roh_BELLY.jpg,0.6534136533737183
A01_08_01_W_roh_BELLY.jpg,2,A08_15_17_M_roh_BELLY.jpg,0.6390637159347534
A01_08_01_W_roh_BELLY.jpg,3,A08_15_07_W_roh_BELLY.jpg,0.6319869160652161
A01_08_01_W_roh_BELLY.jpg,4,A01_18_07_W_roh_BELLY.jpg,0.6253446340560913
A01_08_01_W_roh_BELLY.jpg,5,A06_12_04_W_roh_BELLY.jpg,0.62125164270401
A01_08_01_W_roh_BELLY.jpg,6,IMG-20250910-WA0017_BELLY.jpg,0.612808346748352
A01_08_01_W_roh_BELLY.jpg,7,A08_12_15_W_roh_BELLY.jpg,0.6121953725814819
A01_08_01_W_roh_BELLY.jpg,8,A08_18_12_W_roh_BELLY.jpg,0.6118407845497131
A01_08_01_W_roh_BELLY.jpg,9,A08_15_21_M_roh_BELLY.jpg,0.6117461919784546
A01_08_01_W_roh_BELLY.jpg,10,A03_15_04_W_roh_BELLY.jpg,0.6107292771339417
A01_08_01_W_roh_BELLY.jpg,11,A04_12_04_W_roh_BELLY.jpg,0.610173761844635
A01_08_01_W_roh_BELLY.jpg,12,A01_05_03_W_roh_BELLY.jpg,0.6093370914459229
A01_08_01_W_roh_BELLY.jpg,13,A04_17_01_W_roh_BELLY.jpg,0.6072644591331482
A01_08_01_W_roh_BELLY.jpg,14,A08_18_08_M_roh_BELLY.jpg,0.5993692874908447
A01_08_01_W_roh_BELLY.jpg,15,A04_15_06_M_roh_BELLY.jpg,0.5981111526489258
A01_08_01_W_roh_BELLY.jpg,16,IMG_20250501_132350_BELLY.jpg,0.595835268497467
A01_08_01_W_roh_BELLY.jpg,17,A07_17_06_W_roh_BELLY.jpg,0.5953139662742615
A01_08_01_W_roh_BELLY.jpg,18,A08_18_21_M_roh_BELLY.jpg,0.5945928692817688
A01_08_01_W_roh_BELLY.jpg,19,IMG-20250910-WA0022_BELLY.jpg,0.5930051803588867
A01_08_01_W_roh_BELLY.jpg,20,A06_12_01_W_roh_BELLY.jpg,0.5928286910057068
A01_09_21_W_roh_BELLY.jpg,1,A06_12_04_W_roh_BELLY.jpg,0.6147676110267639
A01_09_21_W_roh_BELLY.jpg,2,A02_08_05_M_roh_BELLY.jpg,0.614574670791626
A01_09_21_W_roh_BELLY.jpg,3,A03_15_04_W_roh_BELLY.jpg,0.6019117832183838
A01_09_21_W_roh_BELLY.jpg,4,A06_12_01_W_roh_BELLY.jpg,0.6008346080780029
A01_09_21_W_roh_BELLY.jpg,5,A04_17_01_W_roh_BELLY.jpg,0.5892194509506226
A01_09_21_W_roh_BELLY.jpg,6,IMG-20250626-WA0014_BELLY.jpg,0.589044451713562
A01_09_21_W_roh_BELLY.jpg,7,A08_18_13_W_roh_BELLY.jpg,0.5863333940505981
A01_09_21_W_roh_BELLY.jpg,8,A06_15_02_W_roh_BELLY.jpg,0.583672285079956
A01_09_21_W_roh_BELLY.jpg,9,A01_15_03_W_roh_BELLY.jpg,0.5825281739234924
A01_09_21_W_roh_BELLY.jpg,10,A02_06_04_M_roh_BELLY.jpg,0.5815474987030029
A01_09_21_W_roh_BELLY.jpg,11,IMG-20250607-WA0007_BELLY.jpg,0.5810062885284424
A01_09_21_W_roh_BELLY.jpg,12,A07_17_03_W_roh_BELLY.jpg,0.5756392478942871
A01_09_21_W_roh_BELLY.jpg,13,A08_18_23_W_roh_BELLY.jpg,0.5754798650741577
A01_09_21_W_roh_BELLY.jpg,14,IMG-20250607-WA0003_BELLY.jpg,0.575464129447937
A01_09_21_W_roh_BELLY.jpg,15,IMG-20250607-WA0006_BELLY.jpg,0.5733855962753296
A01_09_21_W_roh_BELLY.jpg,16,A08_18_19_W_roh_BELLY.jpg,0.5733175277709961
A01_09_21_W_roh_BELLY.jpg,17,A08_15_17_M_roh_BELLY.jpg,0.5699528455734253
A01_09_21_W_roh_BELLY.jpg,18,A04_17_02_W_roh_BELLY.jpg,0.5694376230239868
A01_09_21_W_roh_BELLY.jpg,19,A01_18_14_W_roh_BELLY.jpg,0.5688719153404236
A01_09_21_W_roh_BELLY.jpg,20,IMG-20250626-WA0015_BELLY.jpg,0.5687633752822876
A01_12_01_M_roh_BELLY.jpg,1,A01_17_01_W_roh_BELLY.jpg,0.878886342048645
A01_12_01_M_roh_BELLY.jpg,2,A04_06_01_M_roh_BELLY.jpg,0.6473456621170044
A01_12_01_M_roh_BELLY.jpg,3,A03_15_04_W_roh_BELLY.jpg,0.630934476852417
A01_12_01_M_roh_BELLY.jpg,4,IMG-20250910-WA0064_BELLY.jpg,0.6263360381126404
A01_12_01_M_roh_BELLY.jpg,5,A08_15_05_M_roh_BELLY.jpg,0.6212837100028992
A01_12_01_M_roh_BELLY.jpg,6,A04_15_06_M_roh_BELLY.jpg,0.6196209192276001
A01_12_01_M_roh_BELLY.jpg,7,A08_15_07_W_roh_BELLY.jpg,0.6129249930381775
A01_12_01_M_roh_BELLY.jpg,8,A02_06_04_M_roh_BELLY.jpg,0.6114434599876404
A01_12_01_M_roh_BELLY.jpg,9,A08_18_14_M_roh_BELLY.jpg,0.6114126443862915
A01_12_01_M_roh_BELLY.jpg,10,A01_18_12_M_roh_BELLY.jpg,0.6078433394432068
A01_12_01_M_roh_BELLY.jpg,11,A01_18_14_W_roh_BELLY.jpg,0.607512891292572
A01_12_01_M_roh_BELLY.jpg,12,IMG_20250717_113844_BELLY.jpg,0.6071614027023315
A01_12_01_M_roh_BELLY.jpg,13,A06_12_01_W_roh_BELLY.jpg,0.6062149405479431
A01_12_01_M_roh_BELLY.jpg,14,A02_08_05_M_roh_BELLY.jpg,0.6026740074157715
A01_12_01_M_roh_BELLY.jpg,15,A08_18_13_W_roh_BELLY.jpg,0.6006606817245483
A01_12_01_M_roh_BELLY.jpg,16,IMG-20250626-WA0013_BELLY.jpg,0.5993748903274536
A01_12_01_M_roh_BELLY.jpg,17,A04_12_04_W_roh_BELLY.jpg,0.5950276851654053
A01_12_01_M_roh_BELLY.jpg,18,IMG-20250607-WA0007_BELLY.jpg,0.594730019569397
A01_12_01_M_roh_BELLY.jpg,19,A06_12_04_W_roh_BELLY.jpg,0.5927068591117859
A01_12_01_M_roh_BELLY.jpg,20,IMG-20250626-WA0014_BELLY.jpg,0.5919203758239746
A01_15_01_W_roh_BELLY.jpg,1,A02_03_01_W_roh_BELLY.jpg,0.8102442026138306
A01_15_01_W_roh_BELLY.jpg,2,A01_18_01_W_roh_BELLY.jpg,0.6465852856636047
A01_15_01_W_roh_BELLY.jpg,3,A08_18_14_M_roh_BELLY.jpg,0.61075359582901
A01_15_01_W_roh_BELLY.jpg,4,IMG-20250910-WA0064_BELLY.jpg,0.6011720895767212
A01_15_01_W_roh_BELLY.jpg,5,IMG_20250807_104159_BELLY.jpg,0.5950003862380981
A01_15_01_W_roh_BELLY.jpg,6,A04_17_02_W_roh_BELLY.jpg,0.5923457145690918
A01_15_01_W_roh_BELLY.jpg,7,IMG-20250910-WA0062_BELLY.jpg,0.5915029048919678
A01_15_01_W_roh_BELLY.jpg,8,A08_12_15_W_roh_BELLY.jpg,0.587828516960144
A01_15_01_W_roh_BELLY.jpg,9,A06_14_02_W_roh_BELLY.jpg,0.5873026847839355
A01_15_01_W_roh_BELLY.jpg,10,A04_12_04_W_roh_BELLY.jpg,0.5834037661552429
A01_15_01_W_roh_BELLY.jpg,11,A04_15_06_M_roh_BELLY.jpg,0.5796220302581787
A01_15_01_W_roh_BELLY.jpg,12,A08_18_12_W_roh_BELLY.jpg,0.579283595085144
A01_15_01_W_roh_BELLY.jpg,13,A01_18_07_W_roh_BELLY.jpg,0.5791729688644409
A01_15_01_W_roh_BELLY.jpg,14,IMG_20250717_110833_BELLY.jpg,0.5778432488441467
A01_15_01_W_roh_BELLY.jpg,15,IMG_20250717_113844_BELLY.jpg,0.5768032073974609
A01_15_01_W_roh_BELLY.jpg,16,AT01_03_02_W_roh_BELLY.jpg,0.5748627781867981
A01_15_01_W_roh_BELLY.jpg,17,A08_18_05_W_roh_BELLY.jpg,0.573705792427063
A01_15_01_W_roh_BELLY.jpg,18,AT01_06_03_W_roh_BELLY.jpg,0.571044385433197
A01_15_01_W_roh_BELLY.jpg,19,A02_06_03_M_roh_BELLY.jpg,0.5680317878723145
A01_15_01_W_roh_BELLY.jpg,20,A01_18_14_W_roh_BELLY.jpg,0.5676512122154236
A01_15_03_W_roh_BELLY.jpg,1,IMG-20250626-WA0014_BELLY.jpg,0.6465212106704712
A01_15_03_W_roh_BELLY.jpg,2,A06_12_04_W_roh_BELLY.jpg,0.6422357559204102
A01_15_03_W_roh_BELLY.jpg,3,IMG-20250626-WA0013_BELLY.jpg,0.6340958476066589
A01_15_03_W_roh_BELLY.jpg,4,IMG_20250717_104652_BELLY.jpg,0.6302333474159241
A01_15_03_W_roh_BELLY.jpg,5,A08_12_13_W_roh_BELLY.jpg,0.6292780041694641
A01_15_03_W_roh_BELLY.jpg,6,A06_12_01_W_roh_BELLY.jpg,0.627339243888855
A01_15_03_W_roh_BELLY.jpg,7,A08_15_14_W_roh_BELLY.jpg,0.6273155212402344
A01_15_03_W_roh_BELLY.jpg,8,IMG_20250717_112327_BELLY.jpg,0.6220837235450745
A01_15_03_W_roh_BELLY.jpg,9,IMG-20250919-WA0012_BELLY.jpg,0.6189311742782593
A01_15_03_W_roh_BELLY.jpg,10,A03_18_07_M_roh_BELLY.jpg,0.6166869401931763
A01_15_03_W_roh_BELLY.jpg,11,A01_18_14_W_roh_BELLY.jpg,0.6148163676261902
A01_15_03_W_roh_BELLY.jpg,12,A08_15_04_M_roh_BELLY.jpg,0.6137307286262512
A01_15_03_W_roh_BELLY.jpg,13,A08_18_06_W_roh_BELLY.jpg,0.6136416792869568
A01_15_03_W_roh_BELLY.jpg,14,A08_18_13_W_roh_BELLY.jpg,0.6134653091430664
A01_15_03_W_roh_BELLY.jpg,15,A04_03_01_W_roh_BELLY.jpg,0.6079719066619873
A01_15_03_W_roh_BELLY.jpg,16,IMG_20250717_111215_BELLY.jpg,0.6033783555030823
A01_15_03_W_roh_BELLY.jpg,17,A08_18_23_W_roh_BELLY.jpg,0.6024357080459595
A01_15_03_W_roh_BELLY.jpg,18,IMG-20250607-WA0007_BELLY.jpg,0.6016870141029358
A01_15_03_W_roh_BELLY.jpg,19,A05_18_07_W_roh_BELLY.jpg,0.6012198328971863
A01_15_03_W_roh_BELLY.jpg,20,IMG-20250626-WA0015_BELLY.jpg,0.598138689994812
A01_15_06_W_roh_BELLY.jpg,1,A01_18_14_W_roh_BELLY.jpg,0.6026761531829834
A01_15_06_W_roh_BELLY.jpg,2,A05_18_07_W_roh_BELLY.jpg,0.599251389503479
A01_15_06_W_roh_BELLY.jpg,3,IMG-20250919-WA0012_BELLY.jpg,0.597694993019104
A01_15_06_W_roh_BELLY.jpg,4,IMG-20250626-WA0007_BELLY.jpg,0.5969294309616089
A01_15_06_W_roh_BELLY.jpg,5,A06_12_04_W_roh_BELLY.jpg,0.5917547941207886
A01_15_06_W_roh_BELLY.jpg,6,IMG_20250717_104652_BELLY.jpg,0.5915473103523254
A01_15_06_W_roh_BELLY.jpg,7,A01_18_12_M_roh_BELLY.jpg,0.5903456211090088
A01_15_06_W_roh_BELLY.jpg,8,IMG-20250626-WA0014_BELLY.jpg,0.5899036526679993
A01_15_06_W_roh_BELLY.jpg,9,A08_18_06_W_roh_BELLY.jpg,0.5897139310836792
A01_15_06_W_roh_BELLY.jpg,10,A08_18_20_W_roh_BELLY.jpg,0.5892941951751709
A01_15_06_W_roh_BELLY.jpg,11,A01_15_03_W_roh_BELLY.jpg,0.5821053981781006
A01_15_06_W_roh_BELLY.jpg,12,IMG-20250910-WA0017_BELLY.jpg,0.5808882713317871
A01_15_06_W_roh_BELLY.jpg,13,A04_06_01_M_roh_BELLY.jpg,0.5778801441192627
A01_15_06_W_roh_BELLY.jpg,14,IMG-20250626-WA0013_BELLY.jpg,0.5760341882705688
A01_15_06_W_roh_BELLY.jpg,15,A08_12_13_W_roh_BELLY.jpg,0.5757630467414856
A01_15_06_W_roh_BELLY.jpg,16,A02_06_03_M_roh_BELLY.jpg,0.5715655088424683
A01_15_06_W_roh_BELLY.jpg,17,A06_12_01_W_roh_BELLY.jpg,0.5706441402435303
A01_15_06_W_roh_BELLY.jpg,18,IMG-20250626-WA0022_BELLY.jpg,0.5678421854972839
A01_15_06_W_roh_BELLY.jpg,19,A04_15_06_M_roh_BELLY.jpg,0.5677016973495483
A01_15_06_W_roh_BELLY.jpg,20,A08_15_06_W_roh_BELLY.jpg,0.5676524639129639
A01_15_07_W_roh_BELLY.jpg,1,A01_18_03_W_roh_BELLY.jpg,0.9154776334762573
A01_15_07_W_roh_BELLY.jpg,2,IMG-20250910-WA0018_BELLY.jpg,0.8907586336135864
A01_15_07_W_roh_BELLY.jpg,3,A01_05_03_W_roh_BELLY.jpg,0.6266099214553833
A01_15_07_W_roh_BELLY.jpg,4,A03_18_06_W_roh_BELLY.jpg,0.5815111994743347
A01_15_07_W_roh_BELLY.jpg,5,A01_18_07_W_roh_BELLY.jpg,0.5665172934532166
A01_15_07_W_roh_BELLY.jpg,6,A01_08_01_W_roh_BELLY.jpg,0.5588306188583374
A01_15_07_W_roh_BELLY.jpg,7,A08_15_07_W_roh_BELLY.jpg,0.5564916729927063
A01_15_07_W_roh_BELLY.jpg,8,IMG_20250717_104525_BELLY.jpg,0.5536329746246338
A01_15_07_W_roh_BELLY.jpg,9,IMG-20250717-WA0013_BELLY.jpg,0.5525683760643005
A01_15_07_W_roh_BELLY.jpg,10,A08_18_03_W_roh_BELLY.jpg,0.5519450306892395
A01_15_07_W_roh_BELLY.jpg,11,IMG_20250717_112327_BELLY.jpg,0.5479714274406433
A01_15_07_W_roh_BELLY.jpg,12,A08_15_06_W_roh_BELLY.jpg,0.5467625856399536
A01_15_07_W_roh_BELLY.jpg,13,A05_18_07_W_roh_BELLY.jpg,0.5414301156997681
A01_15_07_W_roh_BELLY.jpg,14,IMG_20250717_111635_BELLY.jpg,0.5364871025085449
A01_15_07_W_roh_BELLY.jpg,15,A04_03_01_W_roh_BELLY.jpg,0.5347292423248291
A01_15_07_W_roh_BELLY.jpg,16,IMG_20250717_104317_BELLY.jpg,0.533907413482666
A01_15_07_W_roh_BELLY.jpg,17,A05_15_03_W_roh_BELLY.jpg,0.5292545557022095
A01_15_07_W_roh_BELLY.jpg,18,IMG_20250717_111516_BELLY.jpg,0.5288308262825012
A01_15_07_W_roh_BELLY.jpg,19,IMG-20250910-WA0022_BELLY.jpg,0.527509868144989
A01_15_07_W_roh_BELLY.jpg,20,A03_12_03_M_roh_BELLY.jpg,0.5266394019126892
A01_17_01_W_roh_BELLY.jpg,1,A01_12_01_M_roh_BELLY.jpg,0.878886342048645
A01_17_01_W_roh_BELLY.jpg,2,IMG-20250910-WA0064_BELLY.jpg,0.6434913873672485
A01_17_01_W_roh_BELLY.jpg,3,A03_15_04_W_roh_BELLY.jpg,0.6413905620574951
A01_17_01_W_roh_BELLY.jpg,4,A04_06_01_M_roh_BELLY.jpg,0.6381092071533203
A01_17_01_W_roh_BELLY.jpg,5,A02_06_04_M_roh_BELLY.jpg,0.6360276937484741
A01_17_01_W_roh_BELLY.jpg,6,A02_08_05_M_roh_BELLY.jpg,0.6322956681251526
A01_17_01_W_roh_BELLY.jpg,7,A06_12_01_W_roh_BELLY.jpg,0.6305558681488037
A01_17_01_W_roh_BELLY.jpg,8,A08_18_14_M_roh_BELLY.jpg,0.628322958946228
A01_17_01_W_roh_BELLY.jpg,9,A04_15_06_M_roh_BELLY.jpg,0.6262848377227783
A01_17_01_W_roh_BELLY.jpg,10,IMG-20250607-WA0007_BELLY.jpg,0.6246231198310852
A01_17_01_W_roh_BELLY.jpg,11,IMG_20250717_113844_BELLY.jpg,0.6229763031005859
A01_17_01_W_roh_BELLY.jpg,12,A01_18_14_W_roh_BELLY.jpg,0.6204216480255127
A01_17_01_W_roh_BELLY.jpg,13,A08_15_05_M_roh_BELLY.jpg,0.6202391386032104
A01_17_01_W_roh_BELLY.jpg,14,A06_15_02_W_roh_BELLY.jpg,0.6136242151260376
A01_17_01_W_roh_BELLY.jpg,15,A08_15_07_W_roh_BELLY.jpg,0.612604022026062
A01_17_01_W_roh_BELLY.jpg,16,A02_03_01_W_roh_BELLY.jpg,0.609838604927063
A01_17_01_W_roh_BELLY.jpg,17,IMG_20250515_113414_BELLY.jpg,0.6092714667320251
A01_17_01_W_roh_BELLY.jpg,18,A06_12_04_W_roh_BELLY.jpg,0.6087887287139893
A01_17_01_W_roh_BELLY.jpg,19,IMG_20250807_104159_BELLY.jpg,0.6072267889976501
A01_17_01_W_roh_BELLY.jpg,20,IMG_20250717_111215_BELLY.jpg,0.6066464781761169
A01_18_01_W_roh_BELLY.jpg,1,A01_15_01_W_roh_BELLY.jpg,0.6465852856636047
A01_18_01_W_roh_BELLY.jpg,2,A04_12_04_W_roh_BELLY.jpg,0.6303725838661194
A01_18_01_W_roh_BELLY.jpg,3,A06_12_04_W_roh_BELLY.jpg,0.6069998741149902
A01_18_01_W_roh_BELLY.jpg,4,A02_03_01_W_roh_BELLY.jpg,0.6021725535392761
A01_18_01_W_roh_BELLY.jpg,5,A06_15_03_W_roh_BELLY.jpg,0.6004036068916321
A01_18_01_W_roh_BELLY.jpg,6,A08_15_21_M_roh_BELLY.jpg,0.5947887897491455
A01_18_01_W_roh_BELLY.jpg,7,A06_08_04_W_roh_BELLY.jpg,0.5914885401725769
A01_18_01_W_roh_BELLY.jpg,8,A03_15_04_W_roh_BELLY.jpg,0.5893840789794922
A01_18_01_W_roh_BELLY.jpg,9,A07_17_06_W_roh_BELLY.jpg,0.5868727564811707
A01_18_01_W_roh_BELLY.jpg,10,A08_18_12_W_roh_BELLY.jpg,0.5790448188781738
A01_18_01_W_roh_BELLY.jpg,11,A06_17_01_M_roh_-_Kopie_BELLY.jpg,0.5740836262702942
A01_18_01_W_roh_BELLY.jpg,12,A03_15_06_W_roh_BELLY.jpg,0.570610761642456
A01_18_01_W_roh_BELLY.jpg,13,A04_15_06_M_roh_BELLY.jpg,0.5700968503952026
A01_18_01_W_roh_BELLY.jpg,14,A03_12_02_W_roh_BELLY.jpg,0.566196858882904
A01_18_01_W_roh_BELLY.jpg,15,A01_18_12_M_roh_BELLY.jpg,0.5653731822967529
A01_18_01_W_roh_BELLY.jpg,16,A04_17_02_W_roh_BELLY.jpg,0.5646316409111023
A01_18_01_W_roh_BELLY.jpg,17,A08_18_06_W_roh_BELLY.jpg,0.5618317723274231
A01_18_01_W_roh_BELLY.jpg,18,A01_03_07_W_roh_BELLY.jpg,0.5602238178253174
A01_18_01_W_roh_BELLY.jpg,19,A08_18_14_M_roh_BELLY.jpg,0.5594422221183777
A01_18_01_W_roh_BELLY.jpg,20,IMG-20250626-WA0014_BELLY.jpg,0.5577616095542908
A01_18_02_M_roh_BELLY.jpg,1,IMG_20250717_113633_BELLY.jpg,0.5369865298271179
A01_18_02_M_roh_BELLY.jpg,2,IMG-20250717-WA0013_BELLY.jpg,0.5132580399513245
A01_18_02_M_roh_BELLY.jpg,3,A05_18_05_W_roh_BELLY.jpg,0.4966995120048523
A01_18_02_M_roh_BELLY.jpg,4,A01_17_01_W_roh_BELLY.jpg,0.48894408345222473
A01_18_02_M_roh_BELLY.jpg,5,A08_18_01_M_roh_BELLY.jpg,0.4880518615245819
A01_18_02_M_roh_BELLY.jpg,6,IMG-20250829-WA0022_BELLY.jpg,0.4863835573196411
A01_18_02_M_roh_BELLY.jpg,7,IMG-20250910-WA0015_BELLY.jpg,0.48081380128860474
A01_18_02_M_roh_BELLY.jpg,8,A08_18_21_M_roh_BELLY.jpg,0.47487595677375793
A01_18_02_M_roh_BELLY.jpg,9,A08_18_09_M_roh_BELLY.jpg,0.47471368312835693
A01_18_02_M_roh_BELLY.jpg,10,A03_15_04_W_roh_BELLY.jpg,0.4746307134628296
A01_18_02_M_roh_BELLY.jpg,11,IMG_20250717_104317_BELLY.jpg,0.4700453579425812
A01_18_02_M_roh_BELLY.jpg,12,A04_15_06_M_roh_BELLY.jpg,0.46975845098495483
A01_18_02_M_roh_BELLY.jpg,13,A08_15_05_M_roh_BELLY.jpg,0.4676007032394409
A01_18_02_M_roh_BELLY.jpg,14,IMG_20250501_132350_BELLY.jpg,0.4672507047653198
A01_18_02_M_roh_BELLY.jpg,15,A01_18_14_W_roh_BELLY.jpg,0.4642927646636963
A01_18_02_M_roh_BELLY.jpg,16,A01_12_01_M_roh_BELLY.jpg,0.46116214990615845
A01_18_02_M_roh_BELLY.jpg,17,IMG_20250717_104652_BELLY.jpg,0.4601256847381592
A01_18_02_M_roh_BELLY.jpg,18,IMG-20250626-WA0003_BELLY.jpg,0.4587932527065277
A01_18_02_M_roh_BELLY.jpg,19,A07_18_01_W_roh_BELLY.jpg,0.45269548892974854
A01_18_02_M_roh_BELLY.jpg,20,IMG-20250626-WA0021_BELLY.jpg,0.4479915499687195
A01_18_03_W_roh_BELLY.jpg,1,A01_15_07_W_roh_BELLY.jpg,0.9154776334762573
A01_18_03_W_roh_BELLY.jpg,2,IMG-20250910-WA0018_BELLY.jpg,0.8886553645133972
A01_18_03_W_roh_BELLY.jpg,3,A01_05_03_W_roh_BELLY.jpg,0.6170276403427124
A01_18_03_W_roh_BELLY.jpg,4,A01_18_07_W_roh_BELLY.jpg,0.566519021987915
A01_18_03_W_roh_BELLY.jpg,5,A03_18_06_W_roh_BELLY.jpg,0.5642919540405273
A01_18_03_W_roh_BELLY.jpg,6,IMG_20250717_104525_BELLY.jpg,0.5536662936210632
A01_18_03_W_roh_BELLY.jpg,7,A01_08_01_W_roh_BELLY.jpg,0.5482977628707886
A01_18_03_W_roh_BELLY.jpg,8,IMG_20250717_104317_BELLY.jpg,0.5419776439666748
A01_18_03_W_roh_BELLY.jpg,9,A08_15_06_W_roh_BELLY.jpg,0.5413069725036621
A01_18_03_W_roh_BELLY.jpg,10,A08_15_07_W_roh_BELLY.jpg,0.5401577949523926
A01_18_03_W_roh_BELLY.jpg,11,A03_12_03_M_roh_BELLY.jpg,0.5387351512908936
A01_18_03_W_roh_BELLY.jpg,12,A06_03_01_M_roh_BELLY.jpg,0.5324193239212036
A01_18_03_W_roh_BELLY.jpg,13,IMG-20250717-WA0013_BELLY.jpg,0.5308618545532227
A01_18_03_W_roh_BELLY.jpg,14,A04_15_03_M_roh_BELLY.jpg,0.5302769541740417
A01_18_03_W_roh_BELLY.jpg,15,A05_18_07_W_roh_BELLY.jpg,0.5235694646835327
A01_18_03_W_roh_BELLY.jpg,16,A08_18_03_W_roh_BELLY.jpg,0.5220360159873962
A01_18_03_W_roh_BELLY.jpg,17,A05_15_03_W_roh_BELLY.jpg,0.521319568157196
A01_18_03_W_roh_BELLY.jpg,18,A04_03_01_W_roh_BELLY.jpg,0.5212523341178894
A01_18_03_W_roh_BELLY.jpg,19,IMG_20250717_112327_BELLY.jpg,0.520205020904541
A01_18_03_W_roh_BELLY.jpg,20,IMG_20250717_111635_BELLY.jpg,0.5191088318824768
A01_18_04_M_roh_BELLY.jpg,1,A04_06_02_M_roh_BELLY.jpg,0.8532073497772217
A01_18_04_M_roh_BELLY.jpg,2,IMG_20250717_111635_BELLY.jpg,0.5990464687347412
A01_18_04_M_roh_BELLY.jpg,3,IMG-20250919-WA0014_BELLY.jpg,0.5853500962257385
A01_18_04_M_roh_BELLY.jpg,4,A05_18_06_W_roh_BELLY.jpg,0.5708524584770203
A01_18_04_M_roh_BELLY.jpg,5,A08_15_19_M_roh_BELLY.jpg,0.5707767605781555
A01_18_04_M_roh_BELLY.jpg,6,IMG-20250910-WA0014_BELLY.jpg,0.5655639171600342
A01_18_04_M_roh_BELLY.jpg,7,A08_06_10_M_roh_BELLY.jpg,0.5649918913841248
A01_18_04_M_roh_BELLY.jpg,8,IMG-20250919-WA0011_BELLY.jpg,0.5634699463844299
A01_18_04_M_roh_BELLY.jpg,9,A05_12_03_W_roh_BELLY.jpg,0.5537869930267334
A01_18_04_M_roh_BELLY.jpg,10,A03_18_07_M_roh_BELLY.jpg,0.549689769744873
A01_18_04_M_roh_BELLY.jpg,11,IMG-20250910-WA0025_BELLY.jpg,0.5495584607124329
A01_18_04_M_roh_BELLY.jpg,12,A06_03_01_M_roh_BELLY.jpg,0.5469173192977905
A01_18_04_M_roh_BELLY.jpg,13,IMG-20250717-WA0011_BELLY.jpg,0.5468543171882629
A01_18_04_M_roh_BELLY.jpg,14,IMG-20250829-WA0018_BELLY.jpg,0.5448436737060547
A01_18_04_M_roh_BELLY.jpg,15,A04_15_05_W_roh_BELLY.jpg,0.5436443090438843
A01_18_04_M_roh_BELLY.jpg,16,IMG-20250626-WA0024_BELLY.jpg,0.5431084036827087
A01_18_04_M_roh_BELLY.jpg,17,IMG_20250717_110833_BELLY.jpg,0.5423756241798401
A01_18_04_M_roh_BELLY.jpg,18,A08_15_04_M_roh_BELLY.jpg,0.5401983857154846
A01_18_04_M_roh_BELLY.jpg,19,A02_03_02_M_roh_BELLY.jpg,0.5389664173126221
A01_18_04_M_roh_BELLY.jpg,20,A05_15_03_W_roh_BELLY.jpg,0.5366449952125549
A01_18_05_W_roh_BELLY.jpg,1,A03_15_04_W_roh_BELLY.jpg,0.6234791278839111
A01_18_05_W_roh_BELLY.jpg,2,A02_03_02_M_roh_BELLY.jpg,0.6111986637115479
A01_18_05_W_roh_BELLY.jpg,3,A02_06_07_M_roh_BELLY.jpg,0.6097833514213562
A01_18_05_W_roh_BELLY.jpg,4,A04_12_02_M_roh_BELLY.jpg,0.6096577644348145
A01_18_05_W_roh_BELLY.jpg,5,IMG-20250626-WA0013_BELLY.jpg,0.6033341884613037
A01_18_05_W_roh_BELLY.jpg,6,A08_15_04_M_roh_BELLY.jpg,0.6021943092346191
A01_18_05_W_roh_BELLY.jpg,7,A02_06_04_M_roh_BELLY.jpg,0.6000672578811646
A01_18_05_W_roh_BELLY.jpg,8,A01_18_14_W_roh_BELLY.jpg,0.5967694520950317
A01_18_05_W_roh_BELLY.jpg,9,IMG-20250910-WA0064_BELLY.jpg,0.5939449071884155
A01_18_05_W_roh_BELLY.jpg,10,IMG-20250910-WA0062_BELLY.jpg,0.5922369360923767
A01_18_05_W_roh_BELLY.jpg,11,A01_17_01_W_roh_BELLY.jpg,0.5908162593841553
A01_18_05_W_roh_BELLY.jpg,12,IMG-20250626-WA0025_BELLY.jpg,0.5900624394416809
A01_18_05_W_roh_BELLY.jpg,13,A08_18_06_W_roh_BELLY.jpg,0.5885317325592041
A01_18_05_W_roh_BELLY.jpg,14,A02_08_05_M_roh_BELLY.jpg,0.5877217054367065
A01_18_05_W_roh_BELLY.jpg,15,A07_17_06_W_roh_BELLY.jpg,0.5859792232513428
A01_18_05_W_roh_BELLY.jpg,16,IMG_20250717_113156_BELLY.jpg,0.5849164128303528
A01_18_05_W_roh_BELLY.jpg,17,A05_18_06_W_roh_BELLY.jpg,0.5817583799362183
A01_18_05_W_roh_BELLY.jpg,18,A08_18_13_W_roh_BELLY.jpg,0.5810387134552002
A01_18_05_W_roh_BELLY.jpg,19,A06_12_01_W_roh_BELLY.jpg,0.5807271003723145
A01_18_05_W_roh_BELLY.jpg,20,A06_12_04_W_roh_BELLY.jpg,0.5799780488014221
A01_18_07_W_roh_BELLY.jpg,1,A08_15_07_W_roh_BELLY.jpg,0.6752915382385254
A01_18_07_W_roh_BELLY.jpg,2,A08_18_21_M_roh_BELLY.jpg,0.6607036590576172
A01_18_07_W_roh_BELLY.jpg,3,A03_18_06_W_roh_BELLY.jpg,0.6438524723052979
A01_18_07_W_roh_BELLY.jpg,4,IMG-20250919-WA0021_BELLY.jpg,0.6413553357124329
A01_18_07_W_roh_BELLY.jpg,5,A01_08_01_W_roh_BELLY.jpg,0.6253446340560913
A01_18_07_W_roh_BELLY.jpg,6,A04_15_06_M_roh_BELLY.jpg,0.6244300603866577
A01_18_07_W_roh_BELLY.jpg,7,IMG-20250910-WA0022_BELLY.jpg,0.6242436170578003
A01_18_07_W_roh_BELLY.jpg,8,A03_15_04_W_roh_BELLY.jpg,0.621147632598877
A01_18_07_W_roh_BELLY.jpg,9,IMG-20250910-WA0064_BELLY.jpg,0.6210370063781738
A01_18_07_W_roh_BELLY.jpg,10,A04_17_02_W_roh_BELLY.jpg,0.6172286868095398
A01_18_07_W_roh_BELLY.jpg,11,A07_08_03_W_roh_BELLY.jpg,0.6160280704498291
A01_18_07_W_roh_BELLY.jpg,12,A06_12_04_W_roh_BELLY.jpg,0.6153438091278076
A01_18_07_W_roh_BELLY.jpg,13,IMG-20250717-WA0013_BELLY.jpg,0.6151689887046814
A01_18_07_W_roh_BELLY.jpg,14,IMG_20250717_112327_BELLY.jpg,0.6123072504997253
A01_18_07_W_roh_BELLY.jpg,15,IMG-20250910-WA0023_BELLY.jpg,0.6103813648223877
A01_18_07_W_roh_BELLY.jpg,16,A02_03_01_W_roh_BELLY.jpg,0.6089932918548584
A01_18_07_W_roh_BELLY.jpg,17,A08_18_03_W_roh_BELLY.jpg,0.6029314398765564
A01_18_07_W_roh_BELLY.jpg,18,A08_12_15_W_roh_BELLY.jpg,0.5989717841148376
A01_18_07_W_roh_BELLY.jpg,19,IMG-20250626-WA0014_BELLY.jpg,0.5965971350669861
A01_18_07_W_roh_BELLY.jpg,20,A05_18_05_W_roh_BELLY.jpg,0.5962333083152771
A01_18_12_M_roh_BELLY.jpg,1,IMG-20250717-WA0017_BELLY.jpg,0.802251935005188
A01_18_12_M_roh_BELLY.jpg,2,A02_06_03_M_roh_BELLY.jpg,0.7967739105224609
A01_18_12_M_roh_BELLY.jpg,3,IMG-20250829-WA0013_BELLY.jpg,0.6856299638748169
A01_18_12_M_roh_BELLY.jpg,4,IMG_20250515_113414_BELLY.jpg,0.6658951640129089
A01_18_12_M_roh_BELLY.jpg,5,A08_18_20_W_roh_BELLY.jpg,0.6434026956558228
A01_18_12_M_roh_BELLY.jpg,6,A08_18_13_W_roh_BELLY.jpg,0.6396229863166809
A01_18_12_M_roh_BELLY.jpg,7,A04_15_06_M_roh_BELLY.jpg,0.6381614208221436
A01_18_12_M_roh_BELLY.jpg,8,IMG-20250910-WA0017_BELLY.jpg,0.6379040479660034
A01_18_12_M_roh_BELLY.jpg,9,A05_15_03_W_roh_BELLY.jpg,0.6309987902641296
A01_18_12_M_roh_BELLY.jpg,10,A01_18_14_W_roh_BELLY.jpg,0.6271147131919861
A01_18_12_M_roh_BELLY.jpg,11,A06_12_01_W_roh_BELLY.jpg,0.6232210993766785
A01_18_12_M_roh_BELLY.jpg,12,A04_12_04_W_roh_BELLY.jpg,0.6222609877586365
A01_18_12_M_roh_BELLY.jpg,13,IMG_20250501_132115_BELLY.jpg,0.6187698245048523
A01_18_12_M_roh_BELLY.jpg,14,A02_06_04_M_roh_BELLY.jpg,0.6140125393867493
A01_18_12_M_roh_BELLY.jpg,15,A04_03_01_W_roh_BELLY.jpg,0.6138120889663696
A01_18_12_M_roh_BELLY.jpg,16,IMG_20250717_123430_BELLY.jpg,0.6134873032569885
A01_18_12_M_roh_BELLY.jpg,17,IMG_20250717_113844_BELLY.jpg,0.6084745526313782
A01_18_12_M_roh_BELLY.jpg,18,A08_15_14_W_roh_BELLY.jpg,0.6081792116165161
A01_18_12_M_roh_BELLY.jpg,19,IMG-20250626-WA0024_BELLY.jpg,0.6079936623573303
A01_18_12_M_roh_BELLY.jpg,20,A08_06_08_W_roh_BELLY.jpg,0.6079381704330444
A01_18_14_W_roh_BELLY.jpg,1,A06_12_04_W_roh_BELLY.jpg,0.6889314651489258
A01_18_14_W_roh_BELLY.jpg,2,IMG-20250626-WA0014_BELLY.jpg,0.6880931258201599
A01_18_14_W_roh_BELLY.jpg,3,IMG_20250717_104652_BELLY.jpg,0.663517415523529
A01_18_14_W_roh_BELLY.jpg,4,A04_15_06_M_roh_BELLY.jpg,0.6606276631355286
A01_18_14_W_roh_BELLY.jpg,5,A08_18_06_W_roh_BELLY.jpg,0.6559009552001953
A01_18_14_W_roh_BELLY.jpg,6,IMG_20250515_113414_BELLY.jpg,0.6501582860946655
A01_18_14_W_roh_BELLY.jpg,7,A08_18_13_W_roh_BELLY.jpg,0.6498756408691406
A01_18_14_W_roh_BELLY.jpg,8,IMG-20250626-WA0013_BELLY.jpg,0.6496239900588989
A01_18_14_W_roh_BELLY.jpg,9,A08_15_07_W_roh_BELLY.jpg,0.6465790271759033
A01_18_14_W_roh_BELLY.jpg,10,IMG_20250807_104159_BELLY.jpg,0.6446194648742676
A01_18_14_W_roh_BELLY.jpg,11,A04_06_01_M_roh_BELLY.jpg,0.6416050791740417
A01_18_14_W_roh_BELLY.jpg,12,A05_18_05_W_roh_BELLY.jpg,0.6411927938461304
A01_18_14_W_roh_BELLY.jpg,13,A03_15_04_W_roh_BELLY.jpg,0.6394357085227966
A01_18_14_W_roh_BELLY.jpg,14,IMG-20250626-WA0015_BELLY.jpg,0.6355798840522766
A01_18_14_W_roh_BELLY.jpg,15,IMG-20250607-WA0007_BELLY.jpg,0.6346365213394165
A01_18_14_W_roh_BELLY.jpg,16,A08_15_14_W_roh_BELLY.jpg,0.6336205005645752
A01_18_14_W_roh_BELLY.jpg,17,A04_17_02_W_roh_BELLY.jpg,0.6295825242996216
A01_18_14_W_roh_BELLY.jpg,18,A01_18_12_M_roh_BELLY.jpg,0.6271147131919861
A01_18_14_W_roh_BELLY.jpg,19,IMG-20250626-WA0024_BELLY.jpg,0.6258384585380554
A01_18_14_W_roh_BELLY.jpg,20,A01_17_01_W_roh_BELLY.jpg,0.6204216480255127
A02_03_01_W_roh_BELLY.jpg,1,A01_15_01_W_roh_BELLY.jpg,0.8102442026138306
A02_03_01_W_roh_BELLY.jpg,2,A04_15_06_M_roh_BELLY.jpg,0.666006863117218
A02_03_01_W_roh_BELLY.jpg,3,IMG_20250717_113844_BELLY.jpg,0.6506103277206421
A02_03_01_W_roh_BELLY.jpg,4,IMG-20250919-WA0020_BELLY.jpg,0.6390168070793152
A02_03_01_W_roh_BELLY.jpg,5,A08_18_05_W_roh_BELLY.jpg,0.6372635364532471
A02_03_01_W_roh_BELLY.jpg,6,A05_18_05_W_roh_BELLY.jpg,0.6330701112747192
A02_03_01_W_roh_BELLY.jpg,7,A08_18_21_M_roh_BELLY.jpg,0.6318414807319641
A02_03_01_W_roh_BELLY.jpg,8,A03_18_06_W_roh_BELLY.jpg,0.6313557624816895
A02_03_01_W_roh_BELLY.jpg,9,IMG-20250910-WA0062_BELLY.jpg,0.6261922121047974
A02_03_01_W_roh_BELLY.jpg,10,AT01_06_03_W_roh_BELLY.jpg,0.6242607235908508
A02_03_01_W_roh_BELLY.jpg,11,IMG-20250919-WA0019_BELLY.jpg,0.621513307094574
A02_03_01_W_roh_BELLY.jpg,12,A08_18_14_M_roh_BELLY.jpg,0.6182687878608704
A02_03_01_W_roh_BELLY.jpg,13,IMG_20250807_104159_BELLY.jpg,0.6176502108573914
A02_03_01_W_roh_BELLY.jpg,14,A04_17_02_W_roh_BELLY.jpg,0.6166976094245911
A02_03_01_W_roh_BELLY.jpg,15,IMG-20250910-WA0016_BELLY.jpg,0.6165180206298828
A02_03_01_W_roh_BELLY.jpg,16,A08_15_05_M_roh_BELLY.jpg,0.6157051920890808
A02_03_01_W_roh_BELLY.jpg,17,IMG-20250910-WA0064_BELLY.jpg,0.6154945492744446
A02_03_01_W_roh_BELLY.jpg,18,A03_15_04_W_roh_BELLY.jpg,0.6154402494430542
A02_03_01_W_roh_BELLY.jpg,19,IMG_20250515_113414_BELLY.jpg,0.612358033657074
A02_03_01_W_roh_BELLY.jpg,20,A08_18_09_M_roh_BELLY.jpg,0.6113560795783997
A02_03_02_M_roh_BELLY.jpg,1,A08_18_23_W_roh_BELLY.jpg,0.7024340629577637
A02_03_02_M_roh_BELLY.jpg,2,A02_06_07_M_roh_BELLY.jpg,0.6753294467926025
A02_03_02_M_roh_BELLY.jpg,3,A03_18_07_M_roh_BELLY.jpg,0.6667023301124573
A02_03_02_M_roh_BELLY.jpg,4,A06_03_01_M_roh_BELLY.jpg,0.6546656489372253
A02_03_02_M_roh_BELLY.jpg,5,A08_17_17_W_roh_BELLY.jpg,0.6404973864555359
A02_03_02_M_roh_BELLY.jpg,6,IMG-20250910-WA0064_BELLY.jpg,0.6305457949638367
A02_03_02_M_roh_BELLY.jpg,7,A08_15_19_M_roh_BELLY.jpg,0.6294270753860474
A02_03_02_M_roh_BELLY.jpg,8,A04_12_02_M_roh_BELLY.jpg,0.625968873500824
A02_03_02_M_roh_BELLY.jpg,9,A06_17_04_W_roh_BELLY.jpg,0.6175429821014404
A02_03_02_M_roh_BELLY.jpg,10,A03_15_04_W_roh_BELLY.jpg,0.6169836521148682
A02_03_02_M_roh_BELLY.jpg,11,A05_18_06_W_roh_BELLY.jpg,0.6155343055725098
A02_03_02_M_roh_BELLY.jpg,12,A01_18_05_W_roh_BELLY.jpg,0.6111986637115479
A02_03_02_M_roh_BELLY.jpg,13,A08_18_03_W_roh_BELLY.jpg,0.6076634526252747
A02_03_02_M_roh_BELLY.jpg,14,IMG-20250626-WA0025_BELLY.jpg,0.6075378060340881
A02_03_02_M_roh_BELLY.jpg,15,IMG-20250607-WA0003_BELLY.jpg,0.6073268055915833
A02_03_02_M_roh_BELLY.jpg,16,IMG_20250717_105046_BELLY.jpg,0.6041017770767212
A02_03_02_M_roh_BELLY.jpg,17,A04_06_02_M_roh_BELLY.jpg,0.6028490662574768
A02_03_02_M_roh_BELLY.jpg,18,A08_18_13_W_roh_BELLY.jpg,0.6007170081138611
A02_03_02_M_roh_BELLY.jpg,19,IMG-20250607-WA0007_BELLY.jpg,0.6003097295761108
A02_03_02_M_roh_BELLY.jpg,20,IMG-20250910-WA0023_BELLY.jpg,0.5950071811676025
A02_06_03_M_roh_BELLY.jpg,1,A01_18_12_M_roh_BELLY.jpg,0.7967739105224609
A02_06_03_M_roh_BELLY.jpg,2,IMG-20250717-WA0017_BELLY.jpg,0.764728844165802
A02_06_03_M_roh_BELLY.jpg,3,A04_12_04_W_roh_BELLY.jpg,0.6730829477310181
A02_06_03_M_roh_BELLY.jpg,4,IMG-20250829-WA0013_BELLY.jpg,0.6694662570953369
A02_06_03_M_roh_BELLY.jpg,5,A08_18_20_W_roh_BELLY.jpg,0.6465601921081543
A02_06_03_M_roh_BELLY.jpg,6,A08_12_13_W_roh_BELLY.jpg,0.6371824145317078
A02_06_03_M_roh_BELLY.jpg,7,A08_15_05_M_roh_BELLY.jpg,0.6275092959403992
A02_06_03_M_roh_BELLY.jpg,8,IMG_20250501_132115_BELLY.jpg,0.6260738372802734
A02_06_03_M_roh_BELLY.jpg,9,IMG-20250626-WA0024_BELLY.jpg,0.6257959008216858
A02_06_03_M_roh_BELLY.jpg,10,A06_12_01_W_roh_BELLY.jpg,0.6231395602226257
A02_06_03_M_roh_BELLY.jpg,11,A08_15_14_W_roh_BELLY.jpg,0.622150719165802
A02_06_03_M_roh_BELLY.jpg,12,A08_15_04_M_roh_BELLY.jpg,0.6221391558647156
A02_06_03_M_roh_BELLY.jpg,13,IMG-20250910-WA0017_BELLY.jpg,0.6192477345466614
A02_06_03_M_roh_BELLY.jpg,14,A08_06_08_W_roh_BELLY.jpg,0.6137909889221191
A02_06_03_M_roh_BELLY.jpg,15,A04_15_06_M_roh_BELLY.jpg,0.6116145253181458
A02_06_03_M_roh_BELLY.jpg,16,A05_18_04_W_roh_BELLY.jpg,0.6095080375671387
A02_06_03_M_roh_BELLY.jpg,17,A05_18_07_W_roh_BELLY.jpg,0.6059496998786926
A02_06_03_M_roh_BELLY.jpg,18,A08_18_13_W_roh_BELLY.jpg,0.6053043007850647
A02_06_03_M_roh_BELLY.jpg,19,A03_12_03_M_roh_BELLY.jpg,0.6034988164901733
A02_06_03_M_roh_BELLY.jpg,20,A04_03_01_W_roh_BELLY.jpg,0.601712703704834
A02_06_04_M_roh_BELLY.jpg,1,A02_08_05_M_roh_BELLY.jpg,0.8068807721138
A02_06_04_M_roh_BELLY.jpg,2,IMG-20250626-WA0013_BELLY.jpg,0.6374761462211609
A02_06_04_M_roh_BELLY.jpg,3,A01_17_01_W_roh_BELLY.jpg,0.6360276937484741
A02_06_04_M_roh_BELLY.jpg,4,A08_18_13_W_roh_BELLY.jpg,0.6304647922515869
A02_06_04_M_roh_BELLY.jpg,5,IMG-20250910-WA0064_BELLY.jpg,0.6299570202827454
A02_06_04_M_roh_BELLY.jpg,6,A03_12_01_M_roh_BELLY.jpg,0.6239821910858154
A02_06_04_M_roh_BELLY.jpg,7,A03_15_04_W_roh_BELLY.jpg,0.6160638332366943
A02_06_04_M_roh_BELLY.jpg,8,IMG_20250807_104159_BELLY.jpg,0.6147102117538452
A02_06_04_M_roh_BELLY.jpg,9,A01_18_12_M_roh_BELLY.jpg,0.6140125393867493
A02_06_04_M_roh_BELLY.jpg,10,A06_12_01_W_roh_BELLY.jpg,0.6118089556694031
A02_06_04_M_roh_BELLY.jpg,11,A01_12_01_M_roh_BELLY.jpg,0.6114434599876404
A02_06_04_M_roh_BELLY.jpg,12,IMG_20250717_113844_BELLY.jpg,0.6109625101089478
A02_06_04_M_roh_BELLY.jpg,13,A01_18_14_W_roh_BELLY.jpg,0.6106570363044739
A02_06_04_M_roh_BELLY.jpg,14,A04_06_01_M_roh_BELLY.jpg,0.6078535914421082
A02_06_04_M_roh_BELLY.jpg,15,A01_18_05_W_roh_BELLY.jpg,0.6000672578811646
A02_06_04_M_roh_BELLY.jpg,16,IMG_20250515_113414_BELLY.jpg,0.5966166257858276
A02_06_04_M_roh_BELLY.jpg,17,AT01_06_03_W_roh_BELLY.jpg,0.5961783528327942
A02_06_04_M_roh_BELLY.jpg,18,A08_18_01_M_roh_BELLY.jpg,0.5955361723899841
A02_06_04_M_roh_BELLY.jpg,19,A05_18_07_W_roh_BELLY.jpg,0.5949708223342896
A02_06_04_M_roh_BELLY.jpg,20,A06_15_02_W_roh_BELLY.jpg,0.5928062200546265
A02_06_06_M_roh_BELLY.jpg,1,IMG-20250626-WA0024_BELLY.jpg,0.5897901058197021
A02_06_06_M_roh_BELLY.jpg,2,A01_05_03_W_roh_BELLY.jpg,0.5883713960647583
A02_06_06_M_roh_BELLY.jpg,3,A04_06_01_M_roh_BELLY.jpg,0.5856283903121948
A02_06_06_M_roh_BELLY.jpg,4,IMG-20250910-WA0062_BELLY.jpg,0.5820353031158447
A02_06_06_M_roh_BELLY.jpg,5,A08_15_04_M_roh_BELLY.jpg,0.5792558789253235
A02_06_06_M_roh_BELLY.jpg,6,A01_18_14_W_roh_BELLY.jpg,0.576402485370636
A02_06_06_M_roh_BELLY.jpg,7,IMG-20250626-WA0025_BELLY.jpg,0.5761620998382568
A02_06_06_M_roh_BELLY.jpg,8,IMG-20250919-WA0012_BELLY.jpg,0.5759392380714417
A02_06_06_M_roh_BELLY.jpg,9,A08_15_05_M_roh_BELLY.jpg,0.5745379328727722
A02_06_06_M_roh_BELLY.jpg,10,AT01_06_03_W_roh_BELLY.jpg,0.5740993618965149
A02_06_06_M_roh_BELLY.jpg,11,A03_12_03_M_roh_BELLY.jpg,0.5711795091629028
A02_06_06_M_roh_BELLY.jpg,12,IMG_20250717_113844_BELLY.jpg,0.5699485540390015
A02_06_06_M_roh_BELLY.jpg,13,A05_18_07_W_roh_BELLY.jpg,0.5699296593666077
A02_06_06_M_roh_BELLY.jpg,14,A01_18_12_M_roh_BELLY.jpg,0.5637203454971313
A02_06_06_M_roh_BELLY.jpg,15,IMG_20250501_132115_BELLY.jpg,0.5613564848899841
A02_06_06_M_roh_BELLY.jpg,16,IMG-20250626-WA0014_BELLY.jpg,0.5580030083656311
A02_06_06_M_roh_BELLY.jpg,17,A04_03_01_W_roh_BELLY.jpg,0.5579074621200562
A02_06_06_M_roh_BELLY.jpg,18,A08_06_05_SA_roh_BELLY.jpg,0.5577325820922852
A02_06_06_M_roh_BELLY.jpg,19,IMG-20250717-WA0013_BELLY.jpg,0.5566030144691467
A02_06_06_M_roh_BELLY.jpg,20,A08_06_10_M_roh_BELLY.jpg,0.5556275844573975
A02_06_07_M_roh_BELLY.jpg,1,A02_03_02_M_roh_BELLY.jpg,0.6753294467926025
A02_06_07_M_roh_BELLY.jpg,2,A03_15_04_W_roh_BELLY.jpg,0.6611127853393555
A02_06_07_M_roh_BELLY.jpg,3,A08_15_19_M_roh_BELLY.jpg,0.6244717240333557
A02_06_07_M_roh_BELLY.jpg,4,IMG-20250910-WA0064_BELLY.jpg,0.6100744605064392
A02_06_07_M_roh_BELLY.jpg,5,A01_18_05_W_roh_BELLY.jpg,0.6097833514213562
A02_06_07_M_roh_BELLY.jpg,6,A07_18_03_W_roh_BELLY.jpg,0.6074618101119995
A02_06_07_M_roh_BELLY.jpg,7,IMG-20250910-WA0023_BELLY.jpg,0.6068580746650696
A02_06_07_M_roh_BELLY.jpg,8,A04_12_02_M_roh_BELLY.jpg,0.6008262634277344
A02_06_07_M_roh_BELLY.jpg,9,A08_15_07_W_roh_BELLY.jpg,0.5891309380531311
A02_06_07_M_roh_BELLY.jpg,10,A08_15_17_M_roh_BELLY.jpg,0.5870111584663391
A02_06_07_M_roh_BELLY.jpg,11,A08_18_04_W_roh_BELLY.jpg,0.5865954160690308
A02_06_07_M_roh_BELLY.jpg,12,A03_18_07_M_roh_BELLY.jpg,0.5864892601966858
A02_06_07_M_roh_BELLY.jpg,13,A07_08_03_W_roh_BELLY.jpg,0.5845223069190979
A02_06_07_M_roh_BELLY.jpg,14,IMG_20250717_111635_BELLY.jpg,0.5797703266143799
A02_06_07_M_roh_BELLY.jpg,15,IMG_20250807_105223_BELLY.jpg,0.5795425176620483
A02_06_07_M_roh_BELLY.jpg,16,A08_18_03_W_roh_BELLY.jpg,0.5787558555603027
A02_06_07_M_roh_BELLY.jpg,17,A06_03_01_M_roh_BELLY.jpg,0.5737769603729248
A02_06_07_M_roh_BELLY.jpg,18,A05_18_06_W_roh_BELLY.jpg,0.5731576681137085
A02_06_07_M_roh_BELLY.jpg,19,A08_18_23_W_roh_BELLY.jpg,0.572198748588562
A02_06_07_M_roh_BELLY.jpg,20,A04_17_01_W_roh_BELLY.jpg,0.5704618692398071
A02_08_05_M_roh_BELLY.jpg,1,A02_06_04_M_roh_BELLY.jpg,0.8068807721138
A02_08_05_M_roh_BELLY.jpg,2,IMG-20250626-WA0013_BELLY.jpg,0.6578930020332336
A02_08_05_M_roh_BELLY.jpg,3,A01_17_01_W_roh_BELLY.jpg,0.6322956681251526
A02_08_05_M_roh_BELLY.jpg,4,A08_18_13_W_roh_BELLY.jpg,0.626815915107727
A02_08_05_M_roh_BELLY.jpg,5,IMG-20250910-WA0064_BELLY.jpg,0.6225671768188477
A02_08_05_M_roh_BELLY.jpg,6,A01_09_21_W_roh_BELLY.jpg,0.614574670791626
A02_08_05_M_roh_BELLY.jpg,7,A03_15_04_W_roh_BELLY.jpg,0.6052311658859253
A02_08_05_M_roh_BELLY.jpg,8,A08_18_21_M_roh_BELLY.jpg,0.6037662029266357
A02_08_05_M_roh_BELLY.jpg,9,A01_12_01_M_roh_BELLY.jpg,0.6026740074157715
A02_08_05_M_roh_BELLY.jpg,10,A01_18_14_W_roh_BELLY.jpg,0.6023050546646118
A02_08_05_M_roh_BELLY.jpg,11,A08_15_07_W_roh_BELLY.jpg,0.5997452735900879
A02_08_05_M_roh_BELLY.jpg,12,A08_18_23_W_roh_BELLY.jpg,0.5982473492622375
A02_08_05_M_roh_BELLY.jpg,13,A07_17_03_W_roh_BELLY.jpg,0.5949020385742188
A02_08_05_M_roh_BELLY.jpg,14,A04_17_01_W_roh_BELLY.jpg,0.5933215618133545
A02_08_05_M_roh_BELLY.jpg,15,A08_17_17_W_roh_BELLY.jpg,0.5910294055938721
A02_08_05_M_roh_BELLY.jpg,16,IMG_20250807_110659_BELLY.jpg,0.5893478989601135
A02_08_05_M_roh_BELLY.jpg,17,A04_17_02_W_roh_BELLY.jpg,0.5886886119842529
A02_08_05_M_roh_BELLY.jpg,18,A06_12_04_W_roh_BELLY.jpg,0.5882430672645569
A02_08_05_M_roh_BELLY.jpg,19,IMG_20250807_104159_BELLY.jpg,0.5878862142562866
A02_08_05_M_roh_BELLY.jpg,20,A01_18_05_W_roh_BELLY.jpg,0.5877217054367065
A03_12_01_M_roh_BELLY.jpg,1,A02_06_04_M_roh_BELLY.jpg,0.6239821910858154
A03_12_01_M_roh_BELLY.jpg,2,A08_18_01_M_roh_BELLY.jpg,0.5806968212127686
A03_12_01_M_roh_BELLY.jpg,3,A03_15_04_W_roh_BELLY.jpg,0.5796220302581787
A03_12_01_M_roh_BELLY.jpg,4,A02_08_05_M_roh_BELLY.jpg,0.573154091835022
A03_12_01_M_roh_BELLY.jpg,5,A01_18_12_M_roh_BELLY.jpg,0.5697146654129028
A03_12_01_M_roh_BELLY.jpg,6,A06_12_01_W_roh_BELLY.jpg,0.5524967908859253
A03_12_01_M_roh_BELLY.jpg,7,A01_18_14_W_roh_BELLY.jpg,0.545366108417511
A03_12_01_M_roh_BELLY.jpg,8,A04_15_06_M_roh_BELLY.jpg,0.544909656047821
A03_12_01_M_roh_BELLY.jpg,9,IMG-20250910-WA0029_BELLY.jpg,0.5435771942138672
A03_12_01_M_roh_BELLY.jpg,10,IMG-20250910-WA0022_BELLY.jpg,0.5411876440048218
A03_12_01_M_roh_BELLY.jpg,11,A08_15_17_M_roh_BELLY.jpg,0.5397199988365173
A03_12_01_M_roh_BELLY.jpg,12,A08_18_03_W_roh_BELLY.jpg,0.533688485622406
A03_12_01_M_roh_BELLY.jpg,13,A06_12_04_W_roh_BELLY.jpg,0.5329430103302002
A03_12_01_M_roh_BELLY.jpg,14,A03_18_07_M_roh_BELLY.jpg,0.5310973525047302
A03_12_01_M_roh_BELLY.jpg,15,IMG_20250501_132350_BELLY.jpg,0.5304697155952454
A03_12_01_M_roh_BELLY.jpg,16,A06_15_02_W_roh_BELLY.jpg,0.5280551314353943
A03_12_01_M_roh_BELLY.jpg,17,A01_12_01_M_roh_BELLY.jpg,0.5272029638290405
A03_12_01_M_roh_BELLY.jpg,18,A01_09_21_W_roh_BELLY.jpg,0.5259477496147156
A03_12_01_M_roh_BELLY.jpg,19,IMG-20250626-WA0013_BELLY.jpg,0.5251801013946533
A03_12_01_M_roh_BELLY.jpg,20,A08_18_19_W_roh_BELLY.jpg,0.5250626802444458
A03_12_02_W_roh_BELLY.jpg,1,IMG-20250626-WA0014_BELLY.jpg,0.6467001438140869
A03_12_02_W_roh_BELLY.jpg,2,A06_12_04_W_roh_BELLY.jpg,0.6425719857215881
A03_12_02_W_roh_BELLY.jpg,3,A08_18_13_W_roh_BELLY.jpg,0.6408841609954834
A03_12_02_W_roh_BELLY.jpg,4,IMG_20250717_105046_BELLY.jpg,0.6275022029876709
A03_12_02_W_roh_BELLY.jpg,5,A05_15_03_W_roh_BELLY.jpg,0.6271591186523438
A03_12_02_W_roh_BELLY.jpg,6,IMG_20250717_104652_BELLY.jpg,0.6251168251037598
A03_12_02_W_roh_BELLY.jpg,7,IMG-20250626-WA0015_BELLY.jpg,0.6203444004058838
A03_12_02_W_roh_BELLY.jpg,8,A06_17_04_W_roh_BELLY.jpg,0.6084620952606201
A03_12_02_W_roh_BELLY.jpg,9,A03_15_04_W_roh_BELLY.jpg,0.6061633229255676
A03_12_02_W_roh_BELLY.jpg,10,A08_12_13_W_roh_BELLY.jpg,0.5944925546646118
A03_12_02_W_roh_BELLY.jpg,11,A05_12_03_W_roh_BELLY.jpg,0.5935741662979126
A03_12_02_W_roh_BELLY.jpg,12,A01_18_14_W_roh_BELLY.jpg,0.5932035446166992
A03_12_02_W_roh_BELLY.jpg,13,A07_17_06_W_roh_BELLY.jpg,0.5930503606796265
A03_12_02_W_roh_BELLY.jpg,14,IMG_20250717_123430_BELLY.jpg,0.5915004014968872
A03_12_02_W_roh_BELLY.jpg,15,A08_06_10_M_roh_BELLY.jpg,0.590488076210022
A03_12_02_W_roh_BELLY.jpg,16,A01_18_12_M_roh_BELLY.jpg,0.5892748832702637
A03_12_02_W_roh_BELLY.jpg,17,A03_15_06_W_roh_BELLY.jpg,0.5892277956008911
A03_12_02_W_roh_BELLY.jpg,18,A06_12_01_W_roh_BELLY.jpg,0.588792622089386
A03_12_02_W_roh_BELLY.jpg,19,IMG-20250919-WA0012_BELLY.jpg,0.5867644548416138
A03_12_02_W_roh_BELLY.jpg,20,IMG_20250717_112327_BELLY.jpg,0.5859190225601196
A03_12_03_M_roh_BELLY.jpg,1,IMG-20250626-WA0024_BELLY.jpg,0.657494068145752
A03_12_03_M_roh_BELLY.jpg,2,A08_15_04_M_roh_BELLY.jpg,0.6468091011047363
A03_12_03_M_roh_BELLY.jpg,3,IMG-20250626-WA0025_BELLY.jpg,0.6431851983070374
A03_12_03_M_roh_BELLY.jpg,4,A08_18_13_W_roh_BELLY.jpg,0.6382465362548828
A03_12_03_M_roh_BELLY.jpg,5,A08_12_13_W_roh_BELLY.jpg,0.6171927452087402
A03_12_03_M_roh_BELLY.jpg,6,A04_03_01_W_roh_BELLY.jpg,0.6078673601150513
A03_12_03_M_roh_BELLY.jpg,7,A08_18_20_W_roh_BELLY.jpg,0.6049047112464905
A03_12_03_M_roh_BELLY.jpg,8,A02_06_03_M_roh_BELLY.jpg,0.6034988164901733
A03_12_03_M_roh_BELLY.jpg,9,A05_18_04_W_roh_BELLY.jpg,0.6026899814605713
A03_12_03_M_roh_BELLY.jpg,10,A05_18_07_W_roh_BELLY.jpg,0.6018667817115784
A03_12_03_M_roh_BELLY.jpg,11,IMG_20250717_113156_BELLY.jpg,0.5990277528762817
A03_12_03_M_roh_BELLY.jpg,12,A08_15_14_W_roh_BELLY.jpg,0.5983839631080627
A03_12_03_M_roh_BELLY.jpg,13,A08_18_17_W_roh_BELLY.jpg,0.5968929529190063
A03_12_03_M_roh_BELLY.jpg,14,A08_15_06_W_roh_BELLY.jpg,0.5959309339523315
A03_12_03_M_roh_BELLY.jpg,15,IMG-20250626-WA0013_BELLY.jpg,0.5944325923919678
A03_12_03_M_roh_BELLY.jpg,16,IMG-20250626-WA0014_BELLY.jpg,0.5942729115486145
A03_12_03_M_roh_BELLY.jpg,17,IMG_20250717_123430_BELLY.jpg,0.5932509303092957
A03_12_03_M_roh_BELLY.jpg,18,A08_18_02_W_roh_BELLY.jpg,0.5926573276519775
A03_12_03_M_roh_BELLY.jpg,19,IMG_20250515_114220_BELLY.jpg,0.5922384858131409
A03_12_03_M_roh_BELLY.jpg,20,IMG-20250919-WA0012_BELLY.jpg,0.5913618206977844
A03_15_04_W_roh_BELLY.jpg,1,A07_08_03_W_roh_BELLY.jpg,0.7372517585754395
A03_15_04_W_roh_BELLY.jpg,2,IMG-20250910-WA0022_BELLY.jpg,0.6868956089019775
A03_15_04_W_roh_BELLY.jpg,3,A04_15_06_M_roh_BELLY.jpg,0.6849477291107178
A03_15_04_W_roh_BELLY.jpg,4,A08_18_03_W_roh_BELLY.jpg,0.6823624968528748
A03_15_04_W_roh_BELLY.jpg,5,A08_15_17_M_roh_BELLY.jpg,0.6818504929542542
A03_15_04_W_roh_BELLY.jpg,6,IMG-20250910-WA0029_BELLY.jpg,0.6804273128509521
A03_15_04_W_roh_BELLY.jpg,7,IMG_20250717_113844_BELLY.jpg,0.6667009592056274
A03_15_04_W_roh_BELLY.jpg,8,A02_06_07_M_roh_BELLY.jpg,0.6611127853393555
A03_15_04_W_roh_BELLY.jpg,9,A06_12_04_W_roh_BELLY.jpg,0.656039834022522
A03_15_04_W_roh_BELLY.jpg,10,A08_15_07_W_roh_BELLY.jpg,0.654111921787262
A03_15_04_W_roh_BELLY.jpg,11,IMG-20250910-WA0064_BELLY.jpg,0.6435258388519287
A03_15_04_W_roh_BELLY.jpg,12,A01_17_01_W_roh_BELLY.jpg,0.6413905620574951
A03_15_04_W_roh_BELLY.jpg,13,A06_12_01_W_roh_BELLY.jpg,0.6406134366989136
A03_15_04_W_roh_BELLY.jpg,14,A01_18_14_W_roh_BELLY.jpg,0.6394357085227966
A03_15_04_W_roh_BELLY.jpg,15,A08_18_19_W_roh_BELLY.jpg,0.6359070539474487
A03_15_04_W_roh_BELLY.jpg,16,A01_12_01_M_roh_BELLY.jpg,0.630934476852417
A03_15_04_W_roh_BELLY.jpg,17,A08_18_01_M_roh_BELLY.jpg,0.6280883550643921
A03_15_04_W_roh_BELLY.jpg,18,IMG-20250626-WA0014_BELLY.jpg,0.6271111369132996
A03_15_04_W_roh_BELLY.jpg,19,IMG_20250717_123430_BELLY.jpg,0.625087320804596
A03_15_04_W_roh_BELLY.jpg,20,A01_18_05_W_roh_BELLY.jpg,0.6234791278839111
A03_15_06_W_roh_BELLY.jpg,1,IMG-20250626-WA0014_BELLY.jpg,0.6173903346061707
A03_15_06_W_roh_BELLY.jpg,2,A03_15_04_W_roh_BELLY.jpg,0.607042670249939
A03_15_06_W_roh_BELLY.jpg,3,A06_12_04_W_roh_BELLY.jpg,0.5950332880020142
A03_15_06_W_roh_BELLY.jpg,4,A03_12_02_W_roh_BELLY.jpg,0.5892277956008911
A03_15_06_W_roh_BELLY.jpg,5,A04_15_06_M_roh_BELLY.jpg,0.5876187682151794
A03_15_06_W_roh_BELLY.jpg,6,A08_18_03_W_roh_BELLY.jpg,0.5871238708496094
A03_15_06_W_roh_BELLY.jpg,7,IMG-20250910-WA0064_BELLY.jpg,0.5857253074645996
A03_15_06_W_roh_BELLY.jpg,8,A01_18_14_W_roh_BELLY.jpg,0.5848748087882996
A03_15_06_W_roh_BELLY.jpg,9,A08_06_10_M_roh_BELLY.jpg,0.584692656993866
A03_15_06_W_roh_BELLY.jpg,10,A08_18_06_W_roh_BELLY.jpg,0.5828922390937805
A03_15_06_W_roh_BELLY.jpg,11,A06_17_02_W__roh_BELLY.jpg,0.5826020836830139
A03_15_06_W_roh_BELLY.jpg,12,A06_12_01_W_roh_BELLY.jpg,0.576888918876648
A03_15_06_W_roh_BELLY.jpg,13,IMG_20250717_112327_BELLY.jpg,0.573201060295105
A03_15_06_W_roh_BELLY.jpg,14,A04_03_01_W_roh_BELLY.jpg,0.5723839402198792
A03_15_06_W_roh_BELLY.jpg,15,A08_18_23_W_roh_BELLY.jpg,0.5719075798988342
A03_15_06_W_roh_BELLY.jpg,16,IMG_20250717_104652_BELLY.jpg,0.5710943341255188
A03_15_06_W_roh_BELLY.jpg,17,A01_18_01_W_roh_BELLY.jpg,0.570610761642456
A03_15_06_W_roh_BELLY.jpg,18,A06_15_02_W_roh_BELLY.jpg,0.5677133798599243
A03_15_06_W_roh_BELLY.jpg,19,A06_03_01_M_roh_BELLY.jpg,0.5656673312187195
A03_15_06_W_roh_BELLY.jpg,20,IMG_20250515_113414_BELLY.jpg,0.5648110508918762
A03_18_06_W_roh_BELLY.jpg,1,A08_15_07_W_roh_BELLY.jpg,0.6566619277000427
A03_18_06_W_roh_BELLY.jpg,2,A01_18_07_W_roh_BELLY.jpg,0.6438524723052979
A03_18_06_W_roh_BELLY.jpg,3,A02_03_01_W_roh_BELLY.jpg,0.6313557624816895
A03_18_06_W_roh_BELLY.jpg,4,A08_18_03_W_roh_BELLY.jpg,0.625521719455719
A03_18_06_W_roh_BELLY.jpg,5,IMG_20250717_113844_BELLY.jpg,0.6237021088600159
A03_18_06_W_roh_BELLY.jpg,6,A04_15_06_M_roh_BELLY.jpg,0.6187981963157654
A03_18_06_W_roh_BELLY.jpg,7,A08_18_09_M_roh_BELLY.jpg,0.6140967607498169
A03_18_06_W_roh_BELLY.jpg,8,A08_12_15_W_roh_BELLY.jpg,0.6132352948188782
A03_18_06_W_roh_BELLY.jpg,9,IMG-20250910-WA0022_BELLY.jpg,0.6116023659706116
A03_18_06_W_roh_BELLY.jpg,10,A08_18_21_M_roh_BELLY.jpg,0.6112097501754761
A03_18_06_W_roh_BELLY.jpg,11,A03_15_04_W_roh_BELLY.jpg,0.6042690277099609
A03_18_06_W_roh_BELLY.jpg,12,IMG-20250910-WA0064_BELLY.jpg,0.6001712083816528
A03_18_06_W_roh_BELLY.jpg,13,A08_15_17_M_roh_BELLY.jpg,0.594527006149292
A03_18_06_W_roh_BELLY.jpg,14,IMG-20250910-WA0029_BELLY.jpg,0.5938210487365723
A03_18_06_W_roh_BELLY.jpg,15,IMG-20250919-WA0009_BELLY.jpg,0.5907635688781738
A03_18_06_W_roh_BELLY.jpg,16,A08_18_05_W_roh_BELLY.jpg,0.5868247747421265
A03_18_06_W_roh_BELLY.jpg,17,A01_12_01_M_roh_BELLY.jpg,0.5860555171966553
A03_18_06_W_roh_BELLY.jpg,18,A08_18_13_W_roh_BELLY.jpg,0.5850784778594971
A03_18_06_W_roh_BELLY.jpg,19,A01_18_14_W_roh_BELLY.jpg,0.5824507474899292
A03_18_06_W_roh_BELLY.jpg,20,IMG-20250919-WA0020_BELLY.jpg,0.5820248126983643
A03_18_07_M_roh_BELLY.jpg,1,A08_18_23_W_roh_BELLY.jpg,0.6871071457862854
A03_18_07_M_roh_BELLY.jpg,2,A08_18_03_W_roh_BELLY.jpg,0.6763745546340942
A03_18_07_M_roh_BELLY.jpg,3,IMG_20250717_112327_BELLY.jpg,0.6743541359901428
A03_18_07_M_roh_BELLY.jpg,4,A02_03_02_M_roh_BELLY.jpg,0.6667023301124573
A03_18_07_M_roh_BELLY.jpg,5,A05_18_06_W_roh_BELLY.jpg,0.6403577327728271
A03_18_07_M_roh_BELLY.jpg,6,IMG-20250910-WA0023_BELLY.jpg,0.64034104347229
A03_18_07_M_roh_BELLY.jpg,7,A08_15_19_M_roh_BELLY.jpg,0.6381378173828125
A03_18_07_M_roh_BELLY.jpg,8,IMG-20250607-WA0007_BELLY.jpg,0.6264952421188354
A03_18_07_M_roh_BELLY.jpg,9,A06_12_04_W_roh_BELLY.jpg,0.6250335574150085
A03_18_07_M_roh_BELLY.jpg,10,A03_15_04_W_roh_BELLY.jpg,0.6186348795890808
A03_18_07_M_roh_BELLY.jpg,11,A01_15_03_W_roh_BELLY.jpg,0.6166869401931763
A03_18_07_M_roh_BELLY.jpg,12,A05_12_03_W_roh_BELLY.jpg,0.6158343553543091
A03_18_07_M_roh_BELLY.jpg,13,A06_03_02_W_roh_BELLY.jpg,0.6130139827728271
A03_18_07_M_roh_BELLY.jpg,14,IMG-20250919-WA0012_BELLY.jpg,0.6094725131988525
A03_18_07_M_roh_BELLY.jpg,15,A08_18_21_M_roh_BELLY.jpg,0.6093977689743042
A03_18_07_M_roh_BELLY.jpg,16,A05_18_07_W_roh_BELLY.jpg,0.6089357733726501
A03_18_07_M_roh_BELLY.jpg,17,A08_15_07_W_roh_BELLY.jpg,0.6070552468299866
A03_18_07_M_roh_BELLY.jpg,18,IMG-20250626-WA0014_BELLY.jpg,0.6065800189971924
A03_18_07_M_roh_BELLY.jpg,19,A06_12_01_W_roh_BELLY.jpg,0.6058725118637085
A03_18_07_M_roh_BELLY.jpg,20,IMG-20250919-WA0021_BELLY.jpg,0.6038673520088196
A04_03_01_W_roh_BELLY.jpg,1,A05_18_07_W_roh_BELLY.jpg,0.8542311191558838
A04_03_01_W_roh_BELLY.jpg,2,IMG-20250919-WA0012_BELLY.jpg,0.7934896349906921
A04_03_01_W_roh_BELLY.jpg,3,A06_12_01_W_roh_BELLY.jpg,0.6471697688102722
A04_03_01_W_roh_BELLY.jpg,4,A08_18_13_W_roh_BELLY.jpg,0.6449177265167236
A04_03_01_W_roh_BELLY.jpg,5,A08_15_04_M_roh_BELLY.jpg,0.6430071592330933
A04_03_01_W_roh_BELLY.jpg,6,IMG_20250717_113156_BELLY.jpg,0.639848530292511
A04_03_01_W_roh_BELLY.jpg,7,IMG-20250626-WA0024_BELLY.jpg,0.6394240856170654
A04_03_01_W_roh_BELLY.jpg,8,A08_18_06_W_roh_BELLY.jpg,0.6376044750213623
A04_03_01_W_roh_BELLY.jpg,9,IMG-20250607-WA0007_BELLY.jpg,0.6372405886650085
A04_03_01_W_roh_BELLY.jpg,10,A08_15_06_W_roh_BELLY.jpg,0.6369914412498474
A04_03_01_W_roh_BELLY.jpg,11,IMG-20250626-WA0014_BELLY.jpg,0.6356964111328125
A04_03_01_W_roh_BELLY.jpg,12,IMG-20250626-WA0025_BELLY.jpg,0.6345219612121582
A04_03_01_W_roh_BELLY.jpg,13,A08_18_03_W_roh_BELLY.jpg,0.6315616369247437
A04_03_01_W_roh_BELLY.jpg,14,A06_15_02_W_roh_BELLY.jpg,0.6272894740104675
A04_03_01_W_roh_BELLY.jpg,15,A05_15_03_W_roh_BELLY.jpg,0.627017080783844
A04_03_01_W_roh_BELLY.jpg,16,A06_12_04_W_roh_BELLY.jpg,0.6263754963874817
A04_03_01_W_roh_BELLY.jpg,17,A01_03_07_W_roh_BELLY.jpg,0.6224457025527954
A04_03_01_W_roh_BELLY.jpg,18,IMG_20250717_112327_BELLY.jpg,0.6201364994049072
A04_03_01_W_roh_BELLY.jpg,19,A08_18_02_W_roh_BELLY.jpg,0.618227481842041
A04_03_01_W_roh_BELLY.jpg,20,A08_18_12_W_roh_BELLY.jpg,0.615925133228302
A04_06_01_M_roh_BELLY.jpg,1,A01_12_01_M_roh_BELLY.jpg,0.6473456621170044
A04_06_01_M_roh_BELLY.jpg,2,A01_18_14_W_roh_BELLY.jpg,0.6416050791740417
A04_06_01_M_roh_BELLY.jpg,3,IMG-20250626-WA0024_BELLY.jpg,0.638454020023346
A04_06_01_M_roh_BELLY.jpg,4,A04_15_06_M_roh_BELLY.jpg,0.6383184194564819
A04_06_01_M_roh_BELLY.jpg,5,A01_17_01_W_roh_BELLY.jpg,0.6381092071533203
A04_06_01_M_roh_BELLY.jpg,6,IMG-20250919-WA0012_BELLY.jpg,0.6320574283599854
A04_06_01_M_roh_BELLY.jpg,7,A08_18_13_W_roh_BELLY.jpg,0.6294012069702148
A04_06_01_M_roh_BELLY.jpg,8,IMG-20250626-WA0014_BELLY.jpg,0.6251308917999268
A04_06_01_M_roh_BELLY.jpg,9,A08_15_14_W_roh_BELLY.jpg,0.6196320652961731
A04_06_01_M_roh_BELLY.jpg,10,A05_18_07_W_roh_BELLY.jpg,0.6179060935974121
A04_06_01_M_roh_BELLY.jpg,11,A03_15_04_W_roh_BELLY.jpg,0.6168747544288635
A04_06_01_M_roh_BELLY.jpg,12,IMG-20250910-WA0064_BELLY.jpg,0.615767776966095
A04_06_01_M_roh_BELLY.jpg,13,IMG_20250807_104159_BELLY.jpg,0.6148670315742493
A04_06_01_M_roh_BELLY.jpg,14,IMG-20250626-WA0013_BELLY.jpg,0.6137837767601013
A04_06_01_M_roh_BELLY.jpg,15,IMG-20250910-WA0014_BELLY.jpg,0.6137573719024658
A04_06_01_M_roh_BELLY.jpg,16,IMG-20250626-WA0025_BELLY.jpg,0.6129374504089355
A04_06_01_M_roh_BELLY.jpg,17,IMG_20250717_104652_BELLY.jpg,0.6126896142959595
A04_06_01_M_roh_BELLY.jpg,18,A08_18_03_W_roh_BELLY.jpg,0.6113408803939819
A04_06_01_M_roh_BELLY.jpg,19,A04_17_01_W_roh_BELLY.jpg,0.6093406081199646
A04_06_01_M_roh_BELLY.jpg,20,A02_03_01_W_roh_BELLY.jpg,0.6090246438980103
A04_06_02_M_roh_BELLY.jpg,1,A01_18_04_M_roh_BELLY.jpg,0.8532073497772217
A04_06_02_M_roh_BELLY.jpg,2,IMG-20250829-WA0024_BELLY.jpg,0.6263484954833984
A04_06_02_M_roh_BELLY.jpg,3,A05_18_06_W_roh_BELLY.jpg,0.607666552066803
A04_06_02_M_roh_BELLY.jpg,4,A08_15_19_M_roh_BELLY.jpg,0.6035866141319275
A04_06_02_M_roh_BELLY.jpg,5,A02_03_02_M_roh_BELLY.jpg,0.6028490662574768
A04_06_02_M_roh_BELLY.jpg,6,A03_18_07_M_roh_BELLY.jpg,0.6024612784385681
A04_06_02_M_roh_BELLY.jpg,7,A04_12_02_M_roh_BELLY.jpg,0.6016947031021118
A04_06_02_M_roh_BELLY.jpg,8,A06_03_02_W_roh_BELLY.jpg,0.5865123867988586
A04_06_02_M_roh_BELLY.jpg,9,IMG-20250910-WA0014_BELLY.jpg,0.5824968814849854
A04_06_02_M_roh_BELLY.jpg,10,A05_12_03_W_roh_BELLY.jpg,0.581028401851654
A04_06_02_M_roh_BELLY.jpg,11,IMG-20250626-WA0025_BELLY.jpg,0.5805968642234802
A04_06_02_M_roh_BELLY.jpg,12,IMG_20250717_111635_BELLY.jpg,0.5787422060966492
A04_06_02_M_roh_BELLY.jpg,13,IMG-20250717-WA0011_BELLY.jpg,0.578066885471344
A04_06_02_M_roh_BELLY.jpg,14,IMG-20250910-WA0030_BELLY.jpg,0.5742120742797852
A04_06_02_M_roh_BELLY.jpg,15,IMG-20250910-WA0064_BELLY.jpg,0.574202835559845
A04_06_02_M_roh_BELLY.jpg,16,A08_06_10_M_roh_BELLY.jpg,0.5739315748214722
A04_06_02_M_roh_BELLY.jpg,17,A04_15_05_W_roh_BELLY.jpg,0.5723746418952942
A04_06_02_M_roh_BELLY.jpg,18,IMG-20250910-WA0027_BELLY.jpg,0.5716553926467896
A04_06_02_M_roh_BELLY.jpg,19,IMG_20250717_110833_BELLY.jpg,0.5714247226715088
A04_06_02_M_roh_BELLY.jpg,20,A08_18_03_W_roh_BELLY.jpg,0.571341872215271
A04_12_02_M_roh_BELLY.jpg,1,A02_03_02_M_roh_BELLY.jpg,0.625968873500824
A04_12_02_M_roh_BELLY.jpg,2,IMG_20250717_112327_BELLY.jpg,0.6190274357795715
A04_12_02_M_roh_BELLY.jpg,3,IMG-20250626-WA0025_BELLY.jpg,0.6134483814239502
A04_12_02_M_roh_BELLY.jpg,4,A01_18_05_W_roh_BELLY.jpg,0.6096577644348145
A04_12_02_M_roh_BELLY.jpg,5,A08_15_04_M_roh_BELLY.jpg,0.6081176996231079
A04_12_02_M_roh_BELLY.jpg,6,IMG-20250717-WA0011_BELLY.jpg,0.6069851517677307
A04_12_02_M_roh_BELLY.jpg,7,A06_03_02_W_roh_BELLY.jpg,0.6053850650787354
A04_12_02_M_roh_BELLY.jpg,8,IMG_20250717_113156_BELLY.jpg,0.6041315197944641
A04_12_02_M_roh_BELLY.jpg,9,A04_06_02_M_roh_BELLY.jpg,0.6016947031021118
A04_12_02_M_roh_BELLY.jpg,10,IMG-20250626-WA0013_BELLY.jpg,0.6015464663505554
A04_12_02_M_roh_BELLY.jpg,11,A02_06_07_M_roh_BELLY.jpg,0.6008262634277344
A04_12_02_M_roh_BELLY.jpg,12,IMG_20250717_110833_BELLY.jpg,0.5992797613143921
A04_12_02_M_roh_BELLY.jpg,13,A03_18_07_M_roh_BELLY.jpg,0.5953337550163269
A04_12_02_M_roh_BELLY.jpg,14,A08_18_03_W_roh_BELLY.jpg,0.5891537666320801
A04_12_02_M_roh_BELLY.jpg,15,A08_18_23_W_roh_BELLY.jpg,0.5883480310440063
A04_12_02_M_roh_BELLY.jpg,16,A05_18_06_W_roh_BELLY.jpg,0.5876071453094482
A04_12_02_M_roh_BELLY.jpg,17,IMG-20250910-WA0030_BELLY.jpg,0.5831555724143982
A04_12_02_M_roh_BELLY.jpg,18,IMG_20250807_110659_BELLY.jpg,0.579684853553772
A04_12_02_M_roh_BELLY.jpg,19,IMG-20250910-WA0064_BELLY.jpg,0.5783641338348389
A04_12_02_M_roh_BELLY.jpg,20,AT01_06_03_W_roh_BELLY.jpg,0.5778310894966125
A04_12_04_W_roh_BELLY.jpg,1,A04_17_02_W_roh_BELLY.jpg,0.7351691722869873
A04_12_04_W_roh_BELLY.jpg,2,A08_15_14_W_roh_BELLY.jpg,0.6745445132255554
A04_12_04_W_roh_BELLY.jpg,3,A02_06_03_M_roh_BELLY.jpg,0.6730829477310181
A04_12_04_W_roh_BELLY.jpg,4,A08_12_13_W_roh_BELLY.jpg,0.6664054989814758
A04_12_04_W_roh_BELLY.jpg,5,A08_15_04_M_roh_BELLY.jpg,0.6648839116096497
A04_12_04_W_roh_BELLY.jpg,6,IMG-20250910-WA0017_BELLY.jpg,0.6561053991317749
A04_12_04_W_roh_BELLY.jpg,7,A05_18_04_W_roh_BELLY.jpg,0.6489481925964355
A04_12_04_W_roh_BELLY.jpg,8,A06_15_03_W_roh_BELLY.jpg,0.6417778730392456
A04_12_04_W_roh_BELLY.jpg,9,IMG-20250626-WA0024_BELLY.jpg,0.6399031281471252
A04_12_04_W_roh_BELLY.jpg,10,IMG_20250807_104159_BELLY.jpg,0.6363877654075623
A04_12_04_W_roh_BELLY.jpg,11,A08_18_20_W_roh_BELLY.jpg,0.6359850764274597
A04_12_04_W_roh_BELLY.jpg,12,A08_15_05_M_roh_BELLY.jpg,0.6322237849235535
A04_12_04_W_roh_BELLY.jpg,13,A01_18_01_W_roh_BELLY.jpg,0.6303725838661194
A04_12_04_W_roh_BELLY.jpg,14,A06_18_04_W_roh_BELLY.jpg,0.6296659708023071
A04_12_04_W_roh_BELLY.jpg,15,A08_15_21_M_roh_BELLY.jpg,0.6268845796585083
A04_12_04_W_roh_BELLY.jpg,16,A08_09_39_W_roh_BELLY.jpg,0.625377893447876
A04_12_04_W_roh_BELLY.jpg,17,A08_18_06_W_roh_BELLY.jpg,0.6250948309898376
A04_12_04_W_roh_BELLY.jpg,18,A08_18_22_W_roh_BELLY.jpg,0.6241701245307922
A04_12_04_W_roh_BELLY.jpg,19,A08_06_08_W_roh_BELLY.jpg,0.6235929727554321
A04_12_04_W_roh_BELLY.jpg,20,A06_12_01_W_roh_BELLY.jpg,0.6233064532279968
A04_15_03_M_roh_BELLY.jpg,1,A01_05_03_W_roh_BELLY.jpg,0.5436567664146423
A04_15_03_M_roh_BELLY.jpg,2,IMG-20250910-WA0018_BELLY.jpg,0.5327408313751221
A04_15_03_M_roh_BELLY.jpg,3,IMG_20250515_114220_BELLY.jpg,0.5303499102592468
A04_15_03_M_roh_BELLY.jpg,4,A01_18_03_W_roh_BELLY.jpg,0.5302769541740417
A04_15_03_M_roh_BELLY.jpg,5,A01_15_07_W_roh_BELLY.jpg,0.521797776222229
A04_15_03_M_roh_BELLY.jpg,6,IMG_20250717_104525_BELLY.jpg,0.5129503607749939
A04_15_03_M_roh_BELLY.jpg,7,IMG_20250717_113844_BELLY.jpg,0.5119861960411072
A04_15_03_M_roh_BELLY.jpg,8,IMG_20250717_104317_BELLY.jpg,0.5091542601585388
A04_15_03_M_roh_BELLY.jpg,9,AT01_03_01_W_roh_BELLY.jpg,0.5089095234870911
A04_15_03_M_roh_BELLY.jpg,10,IMG-20250717-WA0013_BELLY.jpg,0.5078067779541016
A04_15_03_M_roh_BELLY.jpg,11,IMG-20250910-WA0063_BELLY.jpg,0.5048280954360962
A04_15_03_M_roh_BELLY.jpg,12,A05_18_04_W_roh_BELLY.jpg,0.5024148225784302
A04_15_03_M_roh_BELLY.jpg,13,A08_18_20_W_roh_BELLY.jpg,0.5011037588119507
A04_15_03_M_roh_BELLY.jpg,14,A08_18_08_M_roh_BELLY.jpg,0.4965599477291107
A04_15_03_M_roh_BELLY.jpg,15,A07_18_01_W_roh_BELLY.jpg,0.4953439235687256
A04_15_03_M_roh_BELLY.jpg,16,A02_03_01_W_roh_BELLY.jpg,0.49159055948257446
A04_15_03_M_roh_BELLY.jpg,17,A04_03_01_W_roh_BELLY.jpg,0.49076902866363525
A04_15_03_M_roh_BELLY.jpg,18,IMG-20250626-WA0024_BELLY.jpg,0.4889981746673584
A04_15_03_M_roh_BELLY.jpg,19,A01_08_01_W_roh_BELLY.jpg,0.48862409591674805
A04_15_03_M_roh_BELLY.jpg,20,A08_15_05_M_roh_BELLY.jpg,0.48570716381073
A04_15_04_M_roh_BELLY.jpg,1,A08_09_39_W_roh_BELLY.jpg,0.6087709665298462
A04_15_04_M_roh_BELLY.jpg,2,A08_15_04_M_roh_BELLY.jpg,0.6063762307167053
A04_15_04_M_roh_BELLY.jpg,3,IMG-20250626-WA0024_BELLY.jpg,0.5839752554893494
A04_15_04_M_roh_BELLY.jpg,4,A08_18_17_W_roh_BELLY.jpg,0.5835462808609009
A04_15_04_M_roh_BELLY.jpg,5,IMG-20250626-WA0025_BELLY.jpg,0.5827426314353943
A04_15_04_M_roh_BELLY.jpg,6,A04_03_01_W_roh_BELLY.jpg,0.58071368932724
A04_15_04_M_roh_BELLY.jpg,7,A08_18_22_W_roh_BELLY.jpg,0.5803847908973694
A04_15_04_M_roh_BELLY.jpg,8,A08_18_02_W_roh_BELLY.jpg,0.578789472579956
A04_15_04_M_roh_BELLY.jpg,9,A04_12_04_W_roh_BELLY.jpg,0.578493595123291
A04_15_04_M_roh_BELLY.jpg,10,A08_18_13_W_roh_BELLY.jpg,0.5775057673454285
A04_15_04_M_roh_BELLY.jpg,11,A08_18_20_W_roh_BELLY.jpg,0.5718399882316589
A04_15_04_M_roh_BELLY.jpg,12,A05_18_07_W_roh_BELLY.jpg,0.5702365636825562
A04_15_04_M_roh_BELLY.jpg,13,A08_18_06_W_roh_BELLY.jpg,0.5685551762580872
A04_15_04_M_roh_BELLY.jpg,14,A02_06_03_M_roh_BELLY.jpg,0.5618367791175842
A04_15_04_M_roh_BELLY.jpg,15,A01_03_07_W_roh_BELLY.jpg,0.558159351348877
A04_15_04_M_roh_BELLY.jpg,16,A06_15_03_W_roh_BELLY.jpg,0.5559300184249878
A04_15_04_M_roh_BELLY.jpg,17,A03_15_06_W_roh_BELLY.jpg,0.5554655194282532
A04_15_04_M_roh_BELLY.jpg,18,A03_12_03_M_roh_BELLY.jpg,0.5534669756889343
A04_15_04_M_roh_BELLY.jpg,19,IMG_20250717_113156_BELLY.jpg,0.5483468770980835
A04_15_04_M_roh_BELLY.jpg,20,IMG-20250910-WA0025_BELLY.jpg,0.5483017563819885
A04_15_05_W_roh_BELLY.jpg,1,A05_12_03_W_roh_BELLY.jpg,0.8516697883605957
A04_15_05_W_roh_BELLY.jpg,2,A05_18_06_W_roh_BELLY.jpg,0.8476463556289673
A04_15_05_W_roh_BELLY.jpg,3,IMG-20250910-WA0027_BELLY.jpg,0.8285300731658936
A04_15_05_W_roh_BELLY.jpg,4,IMG-20250910-WA0030_BELLY.jpg,0.8278114199638367
A04_15_05_W_roh_BELLY.jpg,5,IMG_20250717_112327_BELLY.jpg,0.610454797744751
A04_15_05_W_roh_BELLY.jpg,6,A05_18_07_W_roh_BELLY.jpg,0.6088752746582031
A04_15_05_W_roh_BELLY.jpg,7,A08_15_04_M_roh_BELLY.jpg,0.6085664629936218
A04_15_05_W_roh_BELLY.jpg,8,A04_03_01_W_roh_BELLY.jpg,0.5992795825004578
A04_15_05_W_roh_BELLY.jpg,9,A03_18_07_M_roh_BELLY.jpg,0.5988569259643555
A04_15_05_W_roh_BELLY.jpg,10,A06_03_02_W_roh_BELLY.jpg,0.5986161231994629
A04_15_05_W_roh_BELLY.jpg,11,A08_18_03_W_roh_BELLY.jpg,0.5938888192176819
A04_15_05_W_roh_BELLY.jpg,12,IMG_20250717_110833_BELLY.jpg,0.5916837453842163
A04_15_05_W_roh_BELLY.jpg,13,IMG-20250626-WA0025_BELLY.jpg,0.5907390713691711
A04_15_05_W_roh_BELLY.jpg,14,IMG-20250626-WA0013_BELLY.jpg,0.5896002054214478
A04_15_05_W_roh_BELLY.jpg,15,IMG_20250717_111215_BELLY.jpg,0.5828078389167786
A04_15_05_W_roh_BELLY.jpg,16,IMG-20250626-WA0024_BELLY.jpg,0.5827655792236328
A04_15_05_W_roh_BELLY.jpg,17,IMG_20250807_105820_BELLY.jpg,0.5787314772605896
A04_15_05_W_roh_BELLY.jpg,18,A01_03_07_W_roh_BELLY.jpg,0.5784626007080078
A04_15_05_W_roh_BELLY.jpg,19,A08_18_13_W_roh_BELLY.jpg,0.5774810314178467
A04_15_05_W_roh_BELLY.jpg,20,IMG-20250910-WA0062_BELLY.jpg,0.574043333530426
A04_15_06_M_roh_BELLY.jpg,1,A03_15_04_W_roh_BELLY.jpg,0.6849477291107178
A04_15_06_M_roh_BELLY.jpg,2,A08_18_08_M_roh_BELLY.jpg,0.6845317482948303
A04_15_06_M_roh_BELLY.jpg,3,A08_15_07_W_roh_BELLY.jpg,0.6722452044487
A04_15_06_M_roh_BELLY.jpg,4,A02_03_01_W_roh_BELLY.jpg,0.666006863117218
A04_15_06_M_roh_BELLY.jpg,5,IMG-20250910-WA0022_BELLY.jpg,0.6637175679206848
A04_15_06_M_roh_BELLY.jpg,6,A06_12_04_W_roh_BELLY.jpg,0.6619036197662354
A04_15_06_M_roh_BELLY.jpg,7,A01_18_14_W_roh_BELLY.jpg,0.6606276631355286
A04_15_06_M_roh_BELLY.jpg,8,A08_18_21_M_roh_BELLY.jpg,0.6595796942710876
A04_15_06_M_roh_BELLY.jpg,9,A08_18_03_W_roh_BELLY.jpg,0.6579077243804932
A04_15_06_M_roh_BELLY.jpg,10,IMG-20250910-WA0029_BELLY.jpg,0.6552651524543762
A04_15_06_M_roh_BELLY.jpg,11,IMG_20250515_113414_BELLY.jpg,0.6477597951889038
A04_15_06_M_roh_BELLY.jpg,12,A08_15_17_M_roh_BELLY.jpg,0.646747350692749
A04_15_06_M_roh_BELLY.jpg,13,A08_18_19_W_roh_BELLY.jpg,0.6431249976158142
A04_15_06_M_roh_BELLY.jpg,14,IMG-20250626-WA0014_BELLY.jpg,0.6403247117996216
A04_15_06_M_roh_BELLY.jpg,15,A04_06_01_M_roh_BELLY.jpg,0.6383184194564819
A04_15_06_M_roh_BELLY.jpg,16,A01_18_12_M_roh_BELLY.jpg,0.6381614208221436
A04_15_06_M_roh_BELLY.jpg,17,IMG-20250910-WA0064_BELLY.jpg,0.634523332118988
A04_15_06_M_roh_BELLY.jpg,18,IMG-20250919-WA0020_BELLY.jpg,0.6336926221847534
A04_15_06_M_roh_BELLY.jpg,19,A06_12_01_W_roh_BELLY.jpg,0.6329678297042847
A04_15_06_M_roh_BELLY.jpg,20,IMG_20250717_113844_BELLY.jpg,0.6282532811164856
A04_17_01_W_roh_BELLY.jpg,1,A08_18_19_W_roh_BELLY.jpg,0.7464842796325684
A04_17_01_W_roh_BELLY.jpg,2,A08_18_03_W_roh_BELLY.jpg,0.6313210129737854
A04_17_01_W_roh_BELLY.jpg,3,A04_15_06_M_roh_BELLY.jpg,0.621803879737854
A04_17_01_W_roh_BELLY.jpg,4,A03_15_04_W_roh_BELLY.jpg,0.6205542087554932
A04_17_01_W_roh_BELLY.jpg,5,A08_15_17_M_roh_BELLY.jpg,0.618874192237854
A04_17_01_W_roh_BELLY.jpg,6,A04_17_02_W_roh_BELLY.jpg,0.6157166957855225
A04_17_01_W_roh_BELLY.jpg,7,A06_12_04_W_roh_BELLY.jpg,0.6135504245758057
A04_17_01_W_roh_BELLY.jpg,8,IMG-20250626-WA0014_BELLY.jpg,0.6128376126289368
A04_17_01_W_roh_BELLY.jpg,9,A04_06_01_M_roh_BELLY.jpg,0.6093406081199646
A04_17_01_W_roh_BELLY.jpg,10,A08_17_17_W_roh_BELLY.jpg,0.6091301441192627
A04_17_01_W_roh_BELLY.jpg,11,IMG_20250717_112327_BELLY.jpg,0.6089531779289246
A04_17_01_W_roh_BELLY.jpg,12,A01_08_01_W_roh_BELLY.jpg,0.6072644591331482
A04_17_01_W_roh_BELLY.jpg,13,A08_18_12_W_roh_BELLY.jpg,0.6047369837760925
A04_17_01_W_roh_BELLY.jpg,14,A08_15_07_W_roh_BELLY.jpg,0.5985873937606812
A04_17_01_W_roh_BELLY.jpg,15,IMG_20250501_132350_BELLY.jpg,0.5976163148880005
A04_17_01_W_roh_BELLY.jpg,16,A08_18_21_M_roh_BELLY.jpg,0.5966553092002869
A04_17_01_W_roh_BELLY.jpg,17,A06_12_01_W_roh_BELLY.jpg,0.5960477590560913
A04_17_01_W_roh_BELLY.jpg,18,IMG_20250717_104652_BELLY.jpg,0.5942811369895935
A04_17_01_W_roh_BELLY.jpg,19,A02_08_05_M_roh_BELLY.jpg,0.5933215618133545
A04_17_01_W_roh_BELLY.jpg,20,IMG-20250626-WA0015_BELLY.jpg,0.5933105945587158
A04_17_02_W_roh_BELLY.jpg,1,A04_12_04_W_roh_BELLY.jpg,0.7351691722869873
A04_17_02_W_roh_BELLY.jpg,2,A06_12_04_W_roh_BELLY.jpg,0.6545729637145996
A04_17_02_W_roh_BELLY.jpg,3,A01_08_01_W_roh_BELLY.jpg,0.6534136533737183
A04_17_02_W_roh_BELLY.jpg,4,A08_15_07_W_roh_BELLY.jpg,0.640235185623169
A04_17_02_W_roh_BELLY.jpg,5,A06_15_03_W_roh_BELLY.jpg,0.6394342184066772
A04_17_02_W_roh_BELLY.jpg,6,IMG-20250626-WA0014_BELLY.jpg,0.6386620998382568
A04_17_02_W_roh_BELLY.jpg,7,IMG_20250717_104652_BELLY.jpg,0.6329637169837952
A04_17_02_W_roh_BELLY.jpg,8,A08_18_21_M_roh_BELLY.jpg,0.6315134167671204
A04_17_02_W_roh_BELLY.jpg,9,A01_18_14_W_roh_BELLY.jpg,0.6295825242996216
A04_17_02_W_roh_BELLY.jpg,10,IMG-20250626-WA0015_BELLY.jpg,0.6285141706466675
A04_17_02_W_roh_BELLY.jpg,11,A08_18_09_M_roh_BELLY.jpg,0.6253615021705627
A04_17_02_W_roh_BELLY.jpg,12,A08_18_19_W_roh_BELLY.jpg,0.6198210716247559
A04_17_02_W_roh_BELLY.jpg,13,A01_18_07_W_roh_BELLY.jpg,0.6172286868095398
A04_17_02_W_roh_BELLY.jpg,14,A02_03_01_W_roh_BELLY.jpg,0.6166976094245911
A04_17_02_W_roh_BELLY.jpg,15,IMG_20250515_113414_BELLY.jpg,0.6159549355506897
A04_17_02_W_roh_BELLY.jpg,16,A04_17_01_W_roh_BELLY.jpg,0.6157166957855225
A04_17_02_W_roh_BELLY.jpg,17,A04_15_06_M_roh_BELLY.jpg,0.6155568957328796
A04_17_02_W_roh_BELLY.jpg,18,A06_12_01_W_roh_BELLY.jpg,0.6133243441581726
A04_17_02_W_roh_BELLY.jpg,19,A05_18_05_W_roh_BELLY.jpg,0.6121600270271301
A04_17_02_W_roh_BELLY.jpg,20,A08_18_13_W_roh_BELLY.jpg,0.609269917011261
A05_12_03_W_roh_BELLY.jpg,1,A04_15_05_W_roh_BELLY.jpg,0.8516697883605957
A05_12_03_W_roh_BELLY.jpg,2,A05_18_06_W_roh_BELLY.jpg,0.8419300317764282
A05_12_03_W_roh_BELLY.jpg,3,IMG-20250910-WA0030_BELLY.jpg,0.8113236427307129
A05_12_03_W_roh_BELLY.jpg,4,IMG-20250910-WA0027_BELLY.jpg,0.8042035102844238
A05_12_03_W_roh_BELLY.jpg,5,IMG_20250717_112327_BELLY.jpg,0.6316790580749512
A05_12_03_W_roh_BELLY.jpg,6,IMG_20250717_110833_BELLY.jpg,0.6245785355567932
A05_12_03_W_roh_BELLY.jpg,7,A08_18_03_W_roh_BELLY.jpg,0.6241526007652283
A05_12_03_W_roh_BELLY.jpg,8,A08_18_22_W_roh_BELLY.jpg,0.6198225021362305
A05_12_03_W_roh_BELLY.jpg,9,A03_18_07_M_roh_BELLY.jpg,0.6158343553543091
A05_12_03_W_roh_BELLY.jpg,10,A08_15_04_M_roh_BELLY.jpg,0.615624725818634
A05_12_03_W_roh_BELLY.jpg,11,IMG-20250919-WA0012_BELLY.jpg,0.6130626201629639
A05_12_03_W_roh_BELLY.jpg,12,A05_18_07_W_roh_BELLY.jpg,0.6100351810455322
A05_12_03_W_roh_BELLY.jpg,13,IMG_20250717_113844_BELLY.jpg,0.6036252975463867
A05_12_03_W_roh_BELLY.jpg,14,A03_15_04_W_roh_BELLY.jpg,0.6036229729652405
A05_12_03_W_roh_BELLY.jpg,15,A06_12_01_W_roh_BELLY.jpg,0.6017695069313049
A05_12_03_W_roh_BELLY.jpg,16,IMG-20250626-WA0024_BELLY.jpg,0.601676344871521
A05_12_03_W_roh_BELLY.jpg,17,A04_03_01_W_roh_BELLY.jpg,0.5973829030990601
A05_12_03_W_roh_BELLY.jpg,18,IMG-20250910-WA0064_BELLY.jpg,0.5957595109939575
A05_12_03_W_roh_BELLY.jpg,19,A04_15_06_M_roh_BELLY.jpg,0.5952987670898438
A05_12_03_W_roh_BELLY.jpg,20,A04_06_01_M_roh_BELLY.jpg,0.595191240310669
A05_15_03_W_roh_BELLY.jpg,1,IMG_20250717_123656_BELLY.jpg,0.6415389180183411
A05_15_03_W_roh_BELLY.jpg,2,IMG-20250919-WA0012_BELLY.jpg,0.6358051896095276
A05_15_03_W_roh_BELLY.jpg,3,A01_18_12_M_roh_BELLY.jpg,0.6309987902641296
A05_15_03_W_roh_BELLY.jpg,4,A08_12_13_W_roh_BELLY.jpg,0.6296857595443726
A05_15_03_W_roh_BELLY.jpg,5,A05_18_07_W_roh_BELLY.jpg,0.6290573477745056
A05_15_03_W_roh_BELLY.jpg,6,A03_12_02_W_roh_BELLY.jpg,0.6271591186523438
A05_15_03_W_roh_BELLY.jpg,7,A04_03_01_W_roh_BELLY.jpg,0.627017080783844
A05_15_03_W_roh_BELLY.jpg,8,IMG_20250717_123430_BELLY.jpg,0.6205699443817139
A05_15_03_W_roh_BELLY.jpg,9,A08_15_14_W_roh_BELLY.jpg,0.6199066638946533
A05_15_03_W_roh_BELLY.jpg,10,A06_12_01_W_roh_BELLY.jpg,0.6118491888046265
A05_15_03_W_roh_BELLY.jpg,11,IMG_20250717_104317_BELLY.jpg,0.6050492525100708
A05_15_03_W_roh_BELLY.jpg,12,IMG_20250501_132115_BELLY.jpg,0.6001018285751343
A05_15_03_W_roh_BELLY.jpg,13,IMG-20250626-WA0014_BELLY.jpg,0.6000205874443054
A05_15_03_W_roh_BELLY.jpg,14,IMG_20250717_111516_BELLY.jpg,0.597292423248291
A05_15_03_W_roh_BELLY.jpg,15,A08_18_20_W_roh_BELLY.jpg,0.5957807302474976
A05_15_03_W_roh_BELLY.jpg,16,A06_15_02_W_roh_BELLY.jpg,0.5951604247093201
A05_15_03_W_roh_BELLY.jpg,17,A02_06_03_M_roh_BELLY.jpg,0.5947120785713196
A05_15_03_W_roh_BELLY.jpg,18,IMG-20250910-WA0022_BELLY.jpg,0.5942273736000061
A05_15_03_W_roh_BELLY.jpg,19,IMG_20250717_113844_BELLY.jpg,0.5939865708351135
A05_15_03_W_roh_BELLY.jpg,20,A08_18_13_W_roh_BELLY.jpg,0.5939167737960815
A05_18_04_W_roh_BELLY.jpg,1,A08_06_05_SA_roh_BELLY.jpg,0.7721221446990967
A05_18_04_W_roh_BELLY.jpg,2,IMG-20250910-WA0063_BELLY.jpg,0.6925346255302429
A05_18_04_W_roh_BELLY.jpg,3,A06_18_04_W_roh_BELLY.jpg,0.6514073610305786
A05_18_04_W_roh_BELLY.jpg,4,A04_12_04_W_roh_BELLY.jpg,0.6489481925964355
A05_18_04_W_roh_BELLY.jpg,5,A08_15_04_M_roh_BELLY.jpg,0.6302741765975952
A05_18_04_W_roh_BELLY.jpg,6,IMG-20250626-WA0024_BELLY.jpg,0.6114095449447632
A05_18_04_W_roh_BELLY.jpg,7,A02_06_03_M_roh_BELLY.jpg,0.6095080375671387
A05_18_04_W_roh_BELLY.jpg,8,A08_18_22_W_roh_BELLY.jpg,0.6069999933242798
A05_18_04_W_roh_BELLY.jpg,9,A03_12_03_M_roh_BELLY.jpg,0.6026899814605713
A05_18_04_W_roh_BELLY.jpg,10,A08_18_17_W_roh_BELLY.jpg,0.5978261828422546
A05_18_04_W_roh_BELLY.jpg,11,A08_18_20_W_roh_BELLY.jpg,0.5971735119819641
A05_18_04_W_roh_BELLY.jpg,12,A08_15_14_W_roh_BELLY.jpg,0.5956737399101257
A05_18_04_W_roh_BELLY.jpg,13,A01_06_01_SA_roh_BELLY.jpg,0.5917156934738159
A05_18_04_W_roh_BELLY.jpg,14,A08_12_13_W_roh_BELLY.jpg,0.5842610597610474
A05_18_04_W_roh_BELLY.jpg,15,IMG-20250626-WA0020_BELLY.jpg,0.5795766115188599
A05_18_04_W_roh_BELLY.jpg,16,IMG-20250626-WA0016_BELLY.jpg,0.5783036947250366
A05_18_04_W_roh_BELLY.jpg,17,IMG_20250807_104159_BELLY.jpg,0.5778794288635254
A05_18_04_W_roh_BELLY.jpg,18,IMG-20250626-WA0025_BELLY.jpg,0.5775163769721985
A05_18_04_W_roh_BELLY.jpg,19,A08_18_12_W_roh_BELLY.jpg,0.573272168636322
A05_18_04_W_roh_BELLY.jpg,20,A06_15_03_W_roh_BELLY.jpg,0.572533369064331
A05_18_05_W_roh_BELLY.jpg,1,A08_18_21_M_roh_BELLY.jpg,0.6934326887130737
A05_18_05_W_roh_BELLY.jpg,2,IMG-20250919-WA0021_BELLY.jpg,0.6456465721130371
A05_18_05_W_roh_BELLY.jpg,3,A01_18_14_W_roh_BELLY.jpg,0.6411927938461304
A05_18_05_W_roh_BELLY.jpg,4,A02_03_01_W_roh_BELLY.jpg,0.6330701112747192
A05_18_05_W_roh_BELLY.jpg,5,A08_15_07_W_roh_BELLY.jpg,0.6175898313522339
A05_18_05_W_roh_BELLY.jpg,6,IMG-20250717-WA0013_BELLY.jpg,0.6157419681549072
A05_18_05_W_roh_BELLY.jpg,7,A04_15_06_M_roh_BELLY.jpg,0.6132160425186157
A05_18_05_W_roh_BELLY.jpg,8,A04_17_02_W_roh_BELLY.jpg,0.6121600270271301
A05_18_05_W_roh_BELLY.jpg,9,IMG_20250717_104652_BELLY.jpg,0.6073330640792847
A05_18_05_W_roh_BELLY.jpg,10,A04_06_01_M_roh_BELLY.jpg,0.6070694327354431
A05_18_05_W_roh_BELLY.jpg,11,IMG-20250919-WA0020_BELLY.jpg,0.6020664572715759
A05_18_05_W_roh_BELLY.jpg,12,A08_18_03_W_roh_BELLY.jpg,0.6020246744155884
A05_18_05_W_roh_BELLY.jpg,13,A06_12_04_W_roh_BELLY.jpg,0.601168692111969
A05_18_05_W_roh_BELLY.jpg,14,IMG-20250626-WA0014_BELLY.jpg,0.6006449460983276
A05_18_05_W_roh_BELLY.jpg,15,IMG_20250501_132350_BELLY.jpg,0.5989453792572021
A05_18_05_W_roh_BELLY.jpg,16,IMG-20250919-WA0019_BELLY.jpg,0.5974690318107605
A05_18_05_W_roh_BELLY.jpg,17,A01_18_07_W_roh_BELLY.jpg,0.5962333083152771
A05_18_05_W_roh_BELLY.jpg,18,A08_18_19_W_roh_BELLY.jpg,0.5962313413619995
A05_18_05_W_roh_BELLY.jpg,19,A08_18_09_M_roh_BELLY.jpg,0.5946139097213745
A05_18_05_W_roh_BELLY.jpg,20,A08_12_15_W_roh_BELLY.jpg,0.5880355834960938
A05_18_06_W_roh_BELLY.jpg,1,A04_15_05_W_roh_BELLY.jpg,0.8476463556289673
A05_18_06_W_roh_BELLY.jpg,2,A05_12_03_W_roh_BELLY.jpg,0.8419300317764282
A05_18_06_W_roh_BELLY.jpg,3,IMG-20250910-WA0030_BELLY.jpg,0.7956663966178894
A05_18_06_W_roh_BELLY.jpg,4,IMG-20250910-WA0027_BELLY.jpg,0.7868618369102478
A05_18_06_W_roh_BELLY.jpg,5,A08_18_03_W_roh_BELLY.jpg,0.6413131356239319
A05_18_06_W_roh_BELLY.jpg,6,A03_18_07_M_roh_BELLY.jpg,0.6403577327728271
A05_18_06_W_roh_BELLY.jpg,7,A08_15_04_M_roh_BELLY.jpg,0.6337077021598816
A05_18_06_W_roh_BELLY.jpg,8,IMG_20250717_112327_BELLY.jpg,0.6334534287452698
A05_18_06_W_roh_BELLY.jpg,9,A06_03_01_M_roh_BELLY.jpg,0.6285728812217712
A05_18_06_W_roh_BELLY.jpg,10,A05_18_07_W_roh_BELLY.jpg,0.6207245588302612
A05_18_06_W_roh_BELLY.jpg,11,A08_18_23_W_roh_BELLY.jpg,0.617942750453949
A05_18_06_W_roh_BELLY.jpg,12,A02_03_02_M_roh_BELLY.jpg,0.6155343055725098
A05_18_06_W_roh_BELLY.jpg,13,IMG-20250919-WA0012_BELLY.jpg,0.6152476072311401
A05_18_06_W_roh_BELLY.jpg,14,IMG-20250626-WA0025_BELLY.jpg,0.6149843335151672
A05_18_06_W_roh_BELLY.jpg,15,IMG_20250717_110833_BELLY.jpg,0.6115398406982422
A05_18_06_W_roh_BELLY.jpg,16,IMG_20250807_105820_BELLY.jpg,0.6107938885688782
A05_18_06_W_roh_BELLY.jpg,17,A08_18_13_W_roh_BELLY.jpg,0.6091949939727783
A05_18_06_W_roh_BELLY.jpg,18,A04_03_01_W_roh_BELLY.jpg,0.6080887913703918
A05_18_06_W_roh_BELLY.jpg,19,A04_06_02_M_roh_BELLY.jpg,0.607666552066803
A05_18_06_W_roh_BELLY.jpg,20,IMG-20250626-WA0013_BELLY.jpg,0.6075910329818726
A05_18_07_W_roh_BELLY.jpg,1,A04_03_01_W_roh_BELLY.jpg,0.8542311191558838
A05_18_07_W_roh_BELLY.jpg,2,IMG-20250919-WA0012_BELLY.jpg,0.7980629205703735
A05_18_07_W_roh_BELLY.jpg,3,IMG_20250717_112327_BELLY.jpg,0.6494104862213135
A05_18_07_W_roh_BELLY.jpg,4,A08_15_04_M_roh_BELLY.jpg,0.6394996643066406
A05_18_07_W_roh_BELLY.jpg,5,A08_15_06_W_roh_BELLY.jpg,0.6381696462631226
A05_18_07_W_roh_BELLY.jpg,6,A08_18_13_W_roh_BELLY.jpg,0.6365875601768494
A05_18_07_W_roh_BELLY.jpg,7,A08_18_03_W_roh_BELLY.jpg,0.6365726590156555
A05_18_07_W_roh_BELLY.jpg,8,A06_12_04_W_roh_BELLY.jpg,0.6323062181472778
A05_18_07_W_roh_BELLY.jpg,9,IMG-20250626-WA0024_BELLY.jpg,0.6297217607498169
A05_18_07_W_roh_BELLY.jpg,10,A06_12_01_W_roh_BELLY.jpg,0.6295542120933533
A05_18_07_W_roh_BELLY.jpg,11,A05_15_03_W_roh_BELLY.jpg,0.6290573477745056
A05_18_07_W_roh_BELLY.jpg,12,IMG_20250717_113156_BELLY.jpg,0.6279041171073914
A05_18_07_W_roh_BELLY.jpg,13,IMG-20250626-WA0014_BELLY.jpg,0.6267459988594055
A05_18_07_W_roh_BELLY.jpg,14,A08_18_06_W_roh_BELLY.jpg,0.6236904859542847
A05_18_07_W_roh_BELLY.jpg,15,IMG-20250626-WA0025_BELLY.jpg,0.6236448884010315
A05_18_07_W_roh_BELLY.jpg,16,IMG-20250910-WA0017_BELLY.jpg,0.6228792667388916
A05_18_07_W_roh_BELLY.jpg,17,A05_18_06_W_roh_BELLY.jpg,0.6207245588302612
A05_18_07_W_roh_BELLY.jpg,18,A04_06_01_M_roh_BELLY.jpg,0.6179060935974121
A05_18_07_W_roh_BELLY.jpg,19,A06_15_02_W_roh_BELLY.jpg,0.617533802986145
A05_18_07_W_roh_BELLY.jpg,20,A08_18_02_W_roh_BELLY.jpg,0.6159844994544983
A05_18_08_W_roh_BELLY.jpg,1,IMG-20250626-WA0013_BELLY.jpg,0.5974760055541992
A05_18_08_W_roh_BELLY.jpg,2,A08_18_20_W_roh_BELLY.jpg,0.5972819328308105
A05_18_08_W_roh_BELLY.jpg,3,A01_03_07_W_roh_BELLY.jpg,0.5965091586112976
A05_18_08_W_roh_BELLY.jpg,4,IMG-20250717-WA0013_BELLY.jpg,0.5957116484642029
A05_18_08_W_roh_BELLY.jpg,5,IMG-20250626-WA0014_BELLY.jpg,0.5948181748390198
A05_18_08_W_roh_BELLY.jpg,6,IMG_20250717_104652_BELLY.jpg,0.593168318271637
A05_18_08_W_roh_BELLY.jpg,7,A08_12_13_W_roh_BELLY.jpg,0.5900434851646423
A05_18_08_W_roh_BELLY.jpg,8,AT01_06_03_W_roh_BELLY.jpg,0.5873902440071106
A05_18_08_W_roh_BELLY.jpg,9,A08_15_14_W_roh_BELLY.jpg,0.5871179699897766
A05_18_08_W_roh_BELLY.jpg,10,A04_03_01_W_roh_BELLY.jpg,0.5846164226531982
A05_18_08_W_roh_BELLY.jpg,11,A08_15_04_M_roh_BELLY.jpg,0.5824446082115173
A05_18_08_W_roh_BELLY.jpg,12,A08_18_06_W_roh_BELLY.jpg,0.5816983580589294
A05_18_08_W_roh_BELLY.jpg,13,IMG-20250626-WA0003_BELLY.jpg,0.5761207342147827
A05_18_08_W_roh_BELLY.jpg,14,A08_15_06_W_roh_BELLY.jpg,0.5727783441543579
A05_18_08_W_roh_BELLY.jpg,15,IMG-20250626-WA0025_BELLY.jpg,0.5712167620658875
A05_18_08_W_roh_BELLY.jpg,16,A02_03_01_W_roh_BELLY.jpg,0.5707723498344421
A05_18_08_W_roh_BELLY.jpg,17,A08_06_08_W_roh_BELLY.jpg,0.5700319409370422
A05_18_08_W_roh_BELLY.jpg,18,A07_18_01_W_roh_BELLY.jpg,0.5691949129104614
A05_18_08_W_roh_BELLY.jpg,19,IMG-20250910-WA0062_BELLY.jpg,0.5655797123908997
A05_18_08_W_roh_BELLY.jpg,20,A05_18_07_W_roh_BELLY.jpg,0.5598747730255127
A05_21_01_W_roh_BELLY.jpg,1,A08_15_07_W_roh_BELLY.jpg,0.5653676986694336
A05_21_01_W_roh_BELLY.jpg,2,A01_18_05_W_roh_BELLY.jpg,0.5546972751617432
A05_21_01_W_roh_BELLY.jpg,3,A08_18_03_W_roh_BELLY.jpg,0.5508182048797607
A05_21_01_W_roh_BELLY.jpg,4,A08_18_06_W_roh_BELLY.jpg,0.5477080345153809
A05_21_01_W_roh_BELLY.jpg,5,IMG-20250910-WA0064_BELLY.jpg,0.5456518530845642
A05_21_01_W_roh_BELLY.jpg,6,A03_18_07_M_roh_BELLY.jpg,0.5360682606697083
A05_21_01_W_roh_BELLY.jpg,7,IMG-20250829-WA0024_BELLY.jpg,0.5360453724861145
A05_21_01_W_roh_BELLY.jpg,8,IMG-20250910-WA0023_BELLY.jpg,0.5318949222564697
A05_21_01_W_roh_BELLY.jpg,9,A02_03_02_M_roh_BELLY.jpg,0.5280803442001343
A05_21_01_W_roh_BELLY.jpg,10,A05_18_06_W_roh_BELLY.jpg,0.5268348455429077
A05_21_01_W_roh_BELLY.jpg,11,A04_03_01_W_roh_BELLY.jpg,0.5234106779098511
A05_21_01_W_roh_BELLY.jpg,12,IMG_20250717_110833_BELLY.jpg,0.5230177044868469
A05_21_01_W_roh_BELLY.jpg,13,A03_15_04_W_roh_BELLY.jpg,0.5215291976928711
A05_21_01_W_roh_BELLY.jpg,14,A08_15_04_M_roh_BELLY.jpg,0.5207427740097046
A05_21_01_W_roh_BELLY.jpg,15,A08_18_23_W_roh_BELLY.jpg,0.5199508666992188
A05_21_01_W_roh_BELLY.jpg,16,IMG_20250717_113156_BELLY.jpg,0.5196173787117004
A05_21_01_W_roh_BELLY.jpg,17,IMG-20250626-WA0013_BELLY.jpg,0.5151075124740601
A05_21_01_W_roh_BELLY.jpg,18,A01_18_14_W_roh_BELLY.jpg,0.5146374702453613
A05_21_01_W_roh_BELLY.jpg,19,A08_15_19_M_roh_BELLY.jpg,0.5143964290618896
A05_21_01_W_roh_BELLY.jpg,20,IMG-20250910-WA0027_BELLY.jpg,0.5124042630195618
A06_03_01_M_roh_BELLY.jpg,1,IMG_20250807_105820_BELLY.jpg,0.7582211494445801
A06_03_01_M_roh_BELLY.jpg,2,A02_03_02_M_roh_BELLY.jpg,0.6546656489372253
A06_03_01_M_roh_BELLY.jpg,3,A06_17_04_W_roh_BELLY.jpg,0.6473568677902222
A06_03_01_M_roh_BELLY.jpg,4,A08_18_13_W_roh_BELLY.jpg,0.6443705558776855
A06_03_01_M_roh_BELLY.jpg,5,A07_17_03_W_roh_BELLY.jpg,0.6383623480796814
A06_03_01_M_roh_BELLY.jpg,6,A05_18_06_W_roh_BELLY.jpg,0.6285728812217712
A06_03_01_M_roh_BELLY.jpg,7,A06_15_02_W_roh_BELLY.jpg,0.6244058012962341
A06_03_01_M_roh_BELLY.jpg,8,A07_08_04_M_roh_BELLY.jpg,0.622691810131073
A06_03_01_M_roh_BELLY.jpg,9,IMG-20250910-WA0027_BELLY.jpg,0.6163685321807861
A06_03_01_M_roh_BELLY.jpg,10,A08_18_23_W_roh_BELLY.jpg,0.6128168702125549
A06_03_01_M_roh_BELLY.jpg,11,A04_15_06_M_roh_BELLY.jpg,0.6122084259986877
A06_03_01_M_roh_BELLY.jpg,12,IMG_20250717_111635_BELLY.jpg,0.6099979877471924
A06_03_01_M_roh_BELLY.jpg,13,A08_18_03_W_roh_BELLY.jpg,0.6092900633811951
A06_03_01_M_roh_BELLY.jpg,14,IMG-20250910-WA0030_BELLY.jpg,0.6082091927528381
A06_03_01_M_roh_BELLY.jpg,15,IMG-20250910-WA0064_BELLY.jpg,0.6080341339111328
A06_03_01_M_roh_BELLY.jpg,16,IMG-20250607-WA0007_BELLY.jpg,0.6076428890228271
A06_03_01_M_roh_BELLY.jpg,17,A03_15_04_W_roh_BELLY.jpg,0.607532262802124
A06_03_01_M_roh_BELLY.jpg,18,IMG_20250717_111516_BELLY.jpg,0.6054592132568359
A06_03_01_M_roh_BELLY.jpg,19,IMG-20250919-WA0012_BELLY.jpg,0.6025643348693848
A06_03_01_M_roh_BELLY.jpg,20,IMG-20250607-WA0003_BELLY.jpg,0.6007785201072693
A06_03_02_W_roh_BELLY.jpg,1,IMG-20250717-WA0011_BELLY.jpg,0.6267602443695068
A06_03_02_W_roh_BELLY.jpg,2,A03_18_07_M_roh_BELLY.jpg,0.6130139827728271
A06_03_02_W_roh_BELLY.jpg,3,A04_12_02_M_roh_BELLY.jpg,0.6053850650787354
A06_03_02_W_roh_BELLY.jpg,4,A04_15_05_W_roh_BELLY.jpg,0.5986161231994629
A06_03_02_W_roh_BELLY.jpg,5,IMG-20250626-WA0013_BELLY.jpg,0.5985482335090637
A06_03_02_W_roh_BELLY.jpg,6,A05_18_06_W_roh_BELLY.jpg,0.5878182053565979
A06_03_02_W_roh_BELLY.jpg,7,A04_06_02_M_roh_BELLY.jpg,0.5865123867988586
A06_03_02_W_roh_BELLY.jpg,8,IMG_20250717_110833_BELLY.jpg,0.586383044719696
A06_03_02_W_roh_BELLY.jpg,9,IMG-20250910-WA0030_BELLY.jpg,0.580707848072052
A06_03_02_W_roh_BELLY.jpg,10,IMG-20250626-WA0025_BELLY.jpg,0.5805795192718506
A06_03_02_W_roh_BELLY.jpg,11,A05_12_03_W_roh_BELLY.jpg,0.580552875995636
A06_03_02_W_roh_BELLY.jpg,12,IMG-20250910-WA0027_BELLY.jpg,0.5781245231628418
A06_03_02_W_roh_BELLY.jpg,13,IMG_20250807_110659_BELLY.jpg,0.5776918530464172
A06_03_02_W_roh_BELLY.jpg,14,AT01_03_02_W_roh_BELLY.jpg,0.5761863589286804
A06_03_02_W_roh_BELLY.jpg,15,IMG_20250717_112327_BELLY.jpg,0.5690872669219971
A06_03_02_W_roh_BELLY.jpg,16,A08_18_06_W_roh_BELLY.jpg,0.568446934223175
A06_03_02_W_roh_BELLY.jpg,17,IMG-20250829-WA0024_BELLY.jpg,0.5648388862609863
A06_03_02_W_roh_BELLY.jpg,18,A08_18_23_W_roh_BELLY.jpg,0.5648083686828613
A06_03_02_W_roh_BELLY.jpg,19,A08_15_06_W_roh_BELLY.jpg,0.5647643208503723
A06_03_02_W_roh_BELLY.jpg,20,A01_18_07_W_roh_BELLY.jpg,0.5647073984146118
A06_08_04_W_roh_BELLY.jpg,1,A06_12_04_W_roh_BELLY.jpg,0.6453756093978882
A06_08_04_W_roh_BELLY.jpg,2,IMG-20250626-WA0015_BELLY.jpg,0.6139434576034546
A06_08_04_W_roh_BELLY.jpg,3,A04_17_02_W_roh_BELLY.jpg,0.6052667498588562
A06_08_04_W_roh_BELLY.jpg,4,A04_12_04_W_roh_BELLY.jpg,0.599162220954895
A06_08_04_W_roh_BELLY.jpg,5,IMG_20250717_104652_BELLY.jpg,0.5936599373817444
A06_08_04_W_roh_BELLY.jpg,6,A01_18_01_W_roh_BELLY.jpg,0.5914885401725769
A06_08_04_W_roh_BELLY.jpg,7,A07_17_06_W_roh_BELLY.jpg,0.5845980048179626
A06_08_04_W_roh_BELLY.jpg,8,IMG-20250626-WA0014_BELLY.jpg,0.5802790522575378
A06_08_04_W_roh_BELLY.jpg,9,A04_15_06_M_roh_BELLY.jpg,0.5734800696372986
A06_08_04_W_roh_BELLY.jpg,10,A01_08_01_W_roh_BELLY.jpg,0.5709952116012573
A06_08_04_W_roh_BELLY.jpg,11,A07_09_03_W_roh_BELLY.jpg,0.5678673982620239
A06_08_04_W_roh_BELLY.jpg,12,A08_15_07_W_roh_BELLY.jpg,0.5563391447067261
A06_08_04_W_roh_BELLY.jpg,13,A06_15_03_W_roh_BELLY.jpg,0.556312620639801
A06_08_04_W_roh_BELLY.jpg,14,A08_15_17_M_roh_BELLY.jpg,0.5550174117088318
A06_08_04_W_roh_BELLY.jpg,15,A08_15_21_M_roh_BELLY.jpg,0.5544325709342957
A06_08_04_W_roh_BELLY.jpg,16,A08_18_08_M_roh_BELLY.jpg,0.5539491772651672
A06_08_04_W_roh_BELLY.jpg,17,A02_03_01_W_roh_BELLY.jpg,0.5504037141799927
A06_08_04_W_roh_BELLY.jpg,18,A08_18_14_M_roh_BELLY.jpg,0.5486602783203125
A06_08_04_W_roh_BELLY.jpg,19,A08_18_09_M_roh_BELLY.jpg,0.5466405749320984
A06_08_04_W_roh_BELLY.jpg,20,IMG_20250717_111215_BELLY.jpg,0.5455824136734009
A06_12_01_W_roh_BELLY.jpg,1,A06_15_02_W_roh_BELLY.jpg,0.8873211145401001
A06_12_01_W_roh_BELLY.jpg,2,IMG-20250607-WA0003_BELLY.jpg,0.823527455329895
A06_12_01_W_roh_BELLY.jpg,3,A06_17_02_W__roh_BELLY.jpg,0.8177934288978577
A06_12_01_W_roh_BELLY.jpg,4,IMG-20250607-WA0006_BELLY.jpg,0.8163914680480957
A06_12_01_W_roh_BELLY.jpg,5,IMG-20250919-WA0012_BELLY.jpg,0.6830003261566162
A06_12_01_W_roh_BELLY.jpg,6,IMG-20250626-WA0014_BELLY.jpg,0.6618595719337463
A06_12_01_W_roh_BELLY.jpg,7,IMG_20250717_111215_BELLY.jpg,0.6563464403152466
A06_12_01_W_roh_BELLY.jpg,8,A08_15_14_W_roh_BELLY.jpg,0.6518793106079102
A06_12_01_W_roh_BELLY.jpg,9,IMG_20250717_112327_BELLY.jpg,0.6518723368644714
A06_12_01_W_roh_BELLY.jpg,10,A04_03_01_W_roh_BELLY.jpg,0.6471697688102722
A06_12_01_W_roh_BELLY.jpg,11,A06_12_04_W_roh_BELLY.jpg,0.6443850994110107
A06_12_01_W_roh_BELLY.jpg,12,IMG-20250910-WA0017_BELLY.jpg,0.6427633762359619
A06_12_01_W_roh_BELLY.jpg,13,A03_15_04_W_roh_BELLY.jpg,0.6406134366989136
A06_12_01_W_roh_BELLY.jpg,14,A08_15_05_M_roh_BELLY.jpg,0.6370248794555664
A06_12_01_W_roh_BELLY.jpg,15,IMG_20250717_113844_BELLY.jpg,0.6347786784172058
A06_12_01_W_roh_BELLY.jpg,16,IMG_20250717_104652_BELLY.jpg,0.6333139538764954
A06_12_01_W_roh_BELLY.jpg,17,A04_15_06_M_roh_BELLY.jpg,0.6329678297042847
A06_12_01_W_roh_BELLY.jpg,18,IMG-20250910-WA0022_BELLY.jpg,0.6316813230514526
A06_12_01_W_roh_BELLY.jpg,19,A01_17_01_W_roh_BELLY.jpg,0.6305558681488037
A06_12_01_W_roh_BELLY.jpg,20,A08_18_06_W_roh_BELLY.jpg,0.630458414554596
A06_12_04_W_roh_BELLY.jpg,1,IMG-20250626-WA0014_BELLY.jpg,0.8543155789375305
A06_12_04_W_roh_BELLY.jpg,2,IMG-20250626-WA0015_BELLY.jpg,0.8122562766075134
A06_12_04_W_roh_BELLY.jpg,3,IMG_20250717_104652_BELLY.jpg,0.81099933385849
A06_12_04_W_roh_BELLY.jpg,4,A01_18_14_W_roh_BELLY.jpg,0.6889314651489258
A06_12_04_W_roh_BELLY.jpg,5,A04_15_06_M_roh_BELLY.jpg,0.6619036197662354
A06_12_04_W_roh_BELLY.jpg,6,A08_18_13_W_roh_BELLY.jpg,0.6613965630531311
A06_12_04_W_roh_BELLY.jpg,7,IMG_20250717_112327_BELLY.jpg,0.6597237586975098
A06_12_04_W_roh_BELLY.jpg,8,A03_15_04_W_roh_BELLY.jpg,0.656039834022522
A06_12_04_W_roh_BELLY.jpg,9,A04_17_02_W_roh_BELLY.jpg,0.6545729637145996
A06_12_04_W_roh_BELLY.jpg,10,A06_08_04_W_roh_BELLY.jpg,0.6453756093978882
A06_12_04_W_roh_BELLY.jpg,11,A06_12_01_W_roh_BELLY.jpg,0.6443850994110107
A06_12_04_W_roh_BELLY.jpg,12,A03_12_02_W_roh_BELLY.jpg,0.6425719857215881
A06_12_04_W_roh_BELLY.jpg,13,A01_15_03_W_roh_BELLY.jpg,0.6422357559204102
A06_12_04_W_roh_BELLY.jpg,14,IMG-20250607-WA0007_BELLY.jpg,0.6376299858093262
A06_12_04_W_roh_BELLY.jpg,15,A08_15_07_W_roh_BELLY.jpg,0.6363664269447327
A06_12_04_W_roh_BELLY.jpg,16,A07_17_06_W_roh_BELLY.jpg,0.6340993642807007
A06_12_04_W_roh_BELLY.jpg,17,IMG_20250515_113414_BELLY.jpg,0.6326442360877991
A06_12_04_W_roh_BELLY.jpg,18,A05_18_07_W_roh_BELLY.jpg,0.6323062181472778
A06_12_04_W_roh_BELLY.jpg,19,A04_03_01_W_roh_BELLY.jpg,0.6263754963874817
A06_12_04_W_roh_BELLY.jpg,20,A03_18_07_M_roh_BELLY.jpg,0.6250335574150085
A06_14_02_W_roh_BELLY.jpg,1,A04_12_04_W_roh_BELLY.jpg,0.6066719889640808
A06_14_02_W_roh_BELLY.jpg,2,A06_15_03_W_roh_BELLY.jpg,0.5996345281600952
A06_14_02_W_roh_BELLY.jpg,3,A08_18_14_M_roh_BELLY.jpg,0.5978378653526306
A06_14_02_W_roh_BELLY.jpg,4,A01_15_01_W_roh_BELLY.jpg,0.5873026847839355
A06_14_02_W_roh_BELLY.jpg,5,IMG_20250807_104343_BELLY.jpg,0.5861715078353882
A06_14_02_W_roh_BELLY.jpg,6,IMG_20250807_104159_BELLY.jpg,0.5836203098297119
A06_14_02_W_roh_BELLY.jpg,7,A08_06_08_W_roh_BELLY.jpg,0.5790799856185913
A06_14_02_W_roh_BELLY.jpg,8,A04_17_02_W_roh_BELLY.jpg,0.5758978128433228
A06_14_02_W_roh_BELLY.jpg,9,A02_06_03_M_roh_BELLY.jpg,0.5687499046325684
A06_14_02_W_roh_BELLY.jpg,10,IMG-20250626-WA0013_BELLY.jpg,0.5678094625473022
A06_14_02_W_roh_BELLY.jpg,11,IMG-20250626-WA0024_BELLY.jpg,0.5657349824905396
A06_14_02_W_roh_BELLY.jpg,12,A07_09_03_W_roh_BELLY.jpg,0.5645339488983154
A06_14_02_W_roh_BELLY.jpg,13,IMG-20250910-WA0064_BELLY.jpg,0.5642458200454712
A06_14_02_W_roh_BELLY.jpg,14,A08_18_13_W_roh_BELLY.jpg,0.5627404451370239
A06_14_02_W_roh_BELLY.jpg,15,IMG_20250717_113156_BELLY.jpg,0.5603992938995361
A06_14_02_W_roh_BELLY.jpg,16,IMG_20250717_111215_BELLY.jpg,0.5601356029510498
A06_14_02_W_roh_BELLY.jpg,17,A01_15_03_W_roh_BELLY.jpg,0.5574883222579956
A06_14_02_W_roh_BELLY.jpg,18,A01_12_01_M_roh_BELLY.jpg,0.5573328733444214
A06_14_02_W_roh_BELLY.jpg,19,IMG_20250807_103916_BELLY.jpg,0.5560662150382996
A06_14_02_W_roh_BELLY.jpg,20,IMG_20250717_110833_BELLY.jpg,0.5552481412887573
A06_15_02_W_roh_BELLY.jpg,1,A06_12_01_W_roh_BELLY.jpg,0.8873211145401001
A06_15_02_W_roh_BELLY.jpg,2,IMG-20250607-WA0003_BELLY.jpg,0.8682453632354736
A06_15_02_W_roh_BELLY.jpg,3,IMG-20250607-WA0006_BELLY.jpg,0.8590607643127441
A06_15_02_W_roh_BELLY.jpg,4,A06_17_02_W__roh_BELLY.jpg,0.8062429428100586
A06_15_02_W_roh_BELLY.jpg,5,IMG-20250919-WA0012_BELLY.jpg,0.6658287644386292
A06_15_02_W_roh_BELLY.jpg,6,A08_15_14_W_roh_BELLY.jpg,0.643301784992218
A06_15_02_W_roh_BELLY.jpg,7,IMG-20250626-WA0014_BELLY.jpg,0.6402398347854614
A06_15_02_W_roh_BELLY.jpg,8,A04_03_01_W_roh_BELLY.jpg,0.6272894740104675
A06_15_02_W_roh_BELLY.jpg,9,A06_03_01_M_roh_BELLY.jpg,0.6244058012962341
A06_15_02_W_roh_BELLY.jpg,10,IMG_20250515_113414_BELLY.jpg,0.6236634254455566
A06_15_02_W_roh_BELLY.jpg,11,IMG_20250717_112327_BELLY.jpg,0.6200958490371704
A06_15_02_W_roh_BELLY.jpg,12,A06_12_04_W_roh_BELLY.jpg,0.6178883910179138
A06_15_02_W_roh_BELLY.jpg,13,A01_03_07_W_roh_BELLY.jpg,0.617626965045929
A06_15_02_W_roh_BELLY.jpg,14,A05_18_07_W_roh_BELLY.jpg,0.617533802986145
A06_15_02_W_roh_BELLY.jpg,15,A08_15_04_M_roh_BELLY.jpg,0.6169468760490417
A06_15_02_W_roh_BELLY.jpg,16,A08_18_13_W_roh_BELLY.jpg,0.6166746616363525
A06_15_02_W_roh_BELLY.jpg,17,A08_18_03_W_roh_BELLY.jpg,0.6162468791007996
A06_15_02_W_roh_BELLY.jpg,18,IMG-20250910-WA0022_BELLY.jpg,0.6139603853225708
A06_15_02_W_roh_BELLY.jpg,19,A01_17_01_W_roh_BELLY.jpg,0.6136242151260376
A06_15_02_W_roh_BELLY.jpg,20,A03_15_04_W_roh_BELLY.jpg,0.6132773160934448
A06_15_03_W_roh_BELLY.jpg,1,A04_12_04_W_roh_BELLY.jpg,0.6417778730392456
A06_15_03_W_roh_BELLY.jpg,2,A04_17_02_W_roh_BELLY.jpg,0.6394342184066772
A06_15_03_W_roh_BELLY.jpg,3,A08_15_04_M_roh_BELLY.jpg,0.6157302260398865
A06_15_03_W_roh_BELLY.jpg,4,A08_09_39_W_roh_BELLY.jpg,0.6083232164382935
A06_15_03_W_roh_BELLY.jpg,5,A06_12_04_W_roh_BELLY.jpg,0.6081746220588684
A06_15_03_W_roh_BELLY.jpg,6,A01_18_01_W_roh_BELLY.jpg,0.6004036068916321
A06_15_03_W_roh_BELLY.jpg,7,A06_14_02_W_roh_BELLY.jpg,0.5996345281600952
A06_15_03_W_roh_BELLY.jpg,8,A02_06_03_M_roh_BELLY.jpg,0.5980567336082458
A06_15_03_W_roh_BELLY.jpg,9,IMG-20250626-WA0015_BELLY.jpg,0.5976788997650146
A06_15_03_W_roh_BELLY.jpg,10,IMG_20250717_104652_BELLY.jpg,0.5946453809738159
A06_15_03_W_roh_BELLY.jpg,11,IMG-20250626-WA0024_BELLY.jpg,0.5935830473899841
A06_15_03_W_roh_BELLY.jpg,12,A07_17_06_W_roh_BELLY.jpg,0.5935584306716919
A06_15_03_W_roh_BELLY.jpg,13,IMG-20250626-WA0014_BELLY.jpg,0.5889629125595093
A06_15_03_W_roh_BELLY.jpg,14,A01_18_12_M_roh_BELLY.jpg,0.5878919363021851
A06_15_03_W_roh_BELLY.jpg,15,A08_12_13_W_roh_BELLY.jpg,0.5829395651817322
A06_15_03_W_roh_BELLY.jpg,16,A01_18_14_W_roh_BELLY.jpg,0.5773257613182068
A06_15_03_W_roh_BELLY.jpg,17,A08_18_17_W_roh_BELLY.jpg,0.574820876121521
A06_15_03_W_roh_BELLY.jpg,18,A08_15_03_W_roh_BELLY.jpg,0.5732884407043457
A06_15_03_W_roh_BELLY.jpg,19,A05_18_04_W_roh_BELLY.jpg,0.572533369064331
A06_15_03_W_roh_BELLY.jpg,20,A01_08_01_W_roh_BELLY.jpg,0.5707531571388245
A06_17_01_M_roh_-_Kopie_BELLY.jpg,1,A08_18_08_M_roh_BELLY.jpg,0.6076152920722961
A06_17_01_M_roh_-_Kopie_BELLY.jpg,2,A04_15_06_M_roh_BELLY.jpg,0.595427930355072
A06_17_01_M_roh_-_Kopie_BELLY.jpg,3,A01_18_01_W_roh_BELLY.jpg,0.5740836262702942
A06_17_01_M_roh_-_Kopie_BELLY.jpg,4,A04_12_04_W_roh_BELLY.jpg,0.5695337057113647
A06_17_01_M_roh_-_Kopie_BELLY.jpg,5,A06_12_04_W_roh_BELLY.jpg,0.5657448172569275
A06_17_01_M_roh_-_Kopie_BELLY.jpg,6,A06_12_01_W_roh_BELLY.jpg,0.5656993389129639
A06_17_01_M_roh_-_Kopie_BELLY.jpg,7,A02_03_01_W_roh_BELLY.jpg,0.5645643472671509
A06_17_01_M_roh_-_Kopie_BELLY.jpg,8,IMG-20250910-WA0017_BELLY.jpg,0.5581727623939514
A06_17_01_M_roh_-_Kopie_BELLY.jpg,9,A01_18_12_M_roh_BELLY.jpg,0.557702898979187
A06_17_01_M_roh_-_Kopie_BELLY.jpg,10,A03_15_04_W_roh_BELLY.jpg,0.5575796365737915
A06_17_01_M_roh_-_Kopie_BELLY.jpg,11,IMG-20250717-WA0017_BELLY.jpg,0.5543025135993958
A06_17_01_M_roh_-_Kopie_BELLY.jpg,12,A04_06_01_M_roh_BELLY.jpg,0.5536260604858398
A06_17_01_M_roh_-_Kopie_BELLY.jpg,13,A03_12_02_W_roh_BELLY.jpg,0.5526398420333862
A06_17_01_M_roh_-_Kopie_BELLY.jpg,14,A08_15_07_W_roh_BELLY.jpg,0.5505918264389038
A06_17_01_M_roh_-_Kopie_BELLY.jpg,15,A01_08_01_W_roh_BELLY.jpg,0.5505627989768982
A06_17_01_M_roh_-_Kopie_BELLY.jpg,16,A05_15_03_W_roh_BELLY.jpg,0.549301028251648
A06_17_01_M_roh_-_Kopie_BELLY.jpg,17,IMG_20250717_104652_BELLY.jpg,0.548043429851532
A06_17_01_M_roh_-_Kopie_BELLY.jpg,18,IMG_20250717_104317_BELLY.jpg,0.5463274121284485
A06_17_01_M_roh_-_Kopie_BELLY.jpg,19,A08_18_22_W_roh_BELLY.jpg,0.5458317995071411
A06_17_01_M_roh_-_Kopie_BELLY.jpg,20,A01_05_03_W_roh_BELLY.jpg,0.5457671284675598
A06_17_02_W__roh_BELLY.jpg,1,A06_12_01_W_roh_BELLY.jpg,0.8177934288978577
A06_17_02_W__roh_BELLY.jpg,2,A06_15_02_W_roh_BELLY.jpg,0.8062429428100586
A06_17_02_W__roh_BELLY.jpg,3,IMG-20250607-WA0003_BELLY.jpg,0.7652192711830139
A06_17_02_W__roh_BELLY.jpg,4,IMG-20250607-WA0006_BELLY.jpg,0.7437517642974854
A06_17_02_W__roh_BELLY.jpg,5,IMG_20250717_111215_BELLY.jpg,0.6268559694290161
A06_17_02_W__roh_BELLY.jpg,6,IMG_20250717_112327_BELLY.jpg,0.6076178550720215
A06_17_02_W__roh_BELLY.jpg,7,A06_12_04_W_roh_BELLY.jpg,0.6066988706588745
A06_17_02_W__roh_BELLY.jpg,8,IMG-20250919-WA0012_BELLY.jpg,0.601207971572876
A06_17_02_W__roh_BELLY.jpg,9,IMG-20250626-WA0014_BELLY.jpg,0.6011917591094971
A06_17_02_W__roh_BELLY.jpg,10,A08_15_05_M_roh_BELLY.jpg,0.5896385312080383
A06_17_02_W__roh_BELLY.jpg,11,IMG_20250717_104652_BELLY.jpg,0.5871089100837708
A06_17_02_W__roh_BELLY.jpg,12,A08_18_03_W_roh_BELLY.jpg,0.5855715274810791
A06_17_02_W__roh_BELLY.jpg,13,A03_15_06_W_roh_BELLY.jpg,0.5826020836830139
A06_17_02_W__roh_BELLY.jpg,14,A03_18_07_M_roh_BELLY.jpg,0.5810279846191406
A06_17_02_W__roh_BELLY.jpg,15,A07_17_06_W_roh_BELLY.jpg,0.5798434019088745
A06_17_02_W__roh_BELLY.jpg,16,A08_15_14_W_roh_BELLY.jpg,0.5774241089820862
A06_17_02_W__roh_BELLY.jpg,17,IMG_20250717_113844_BELLY.jpg,0.5716456174850464
A06_17_02_W__roh_BELLY.jpg,18,A04_15_06_M_roh_BELLY.jpg,0.5713454484939575
A06_17_02_W__roh_BELLY.jpg,19,A03_15_04_W_roh_BELLY.jpg,0.5696732997894287
A06_17_02_W__roh_BELLY.jpg,20,A08_18_06_W_roh_BELLY.jpg,0.5672142505645752
A06_17_04_W_roh_BELLY.jpg,1,IMG_20250717_105046_BELLY.jpg,0.8064926862716675
A06_17_04_W_roh_BELLY.jpg,2,A08_18_13_W_roh_BELLY.jpg,0.6489669680595398
A06_17_04_W_roh_BELLY.jpg,3,A06_03_01_M_roh_BELLY.jpg,0.6473568677902222
A06_17_04_W_roh_BELLY.jpg,4,A02_03_02_M_roh_BELLY.jpg,0.6175429821014404
A06_17_04_W_roh_BELLY.jpg,5,A08_06_10_M_roh_BELLY.jpg,0.6142457127571106
A06_17_04_W_roh_BELLY.jpg,6,A06_15_02_W_roh_BELLY.jpg,0.6098986268043518
A06_17_04_W_roh_BELLY.jpg,7,A03_12_02_W_roh_BELLY.jpg,0.6084620952606201
A06_17_04_W_roh_BELLY.jpg,8,A08_18_02_W_roh_BELLY.jpg,0.600623369216919
A06_17_04_W_roh_BELLY.jpg,9,A07_17_03_W_roh_BELLY.jpg,0.5966510772705078
A06_17_04_W_roh_BELLY.jpg,10,IMG-20250607-WA0003_BELLY.jpg,0.5915415287017822
A06_17_04_W_roh_BELLY.jpg,11,A03_15_04_W_roh_BELLY.jpg,0.5870593786239624
A06_17_04_W_roh_BELLY.jpg,12,IMG_20250717_112327_BELLY.jpg,0.5864718556404114
A06_17_04_W_roh_BELLY.jpg,13,IMG_20250717_111516_BELLY.jpg,0.5861378908157349
A06_17_04_W_roh_BELLY.jpg,14,A07_17_06_W_roh_BELLY.jpg,0.5857399702072144
A06_17_04_W_roh_BELLY.jpg,15,IMG_20250717_113156_BELLY.jpg,0.5839745402336121
A06_17_04_W_roh_BELLY.jpg,16,A06_12_01_W_roh_BELLY.jpg,0.5838975310325623
A06_17_04_W_roh_BELLY.jpg,17,A04_03_01_W_roh_BELLY.jpg,0.5833694338798523
A06_17_04_W_roh_BELLY.jpg,18,A01_03_07_W_roh_BELLY.jpg,0.5828335285186768
A06_17_04_W_roh_BELLY.jpg,19,A08_15_21_M_roh_BELLY.jpg,0.5826693177223206
A06_17_04_W_roh_BELLY.jpg,20,A07_08_04_M_roh_BELLY.jpg,0.5804128050804138
A06_18_04_W_roh_BELLY.jpg,1,IMG-20250626-WA0016_BELLY.jpg,0.6565619111061096
A06_18_04_W_roh_BELLY.jpg,2,IMG-20250626-WA0020_BELLY.jpg,0.6528322100639343
A06_18_04_W_roh_BELLY.jpg,3,A05_18_04_W_roh_BELLY.jpg,0.6514073610305786
A06_18_04_W_roh_BELLY.jpg,4,A04_12_04_W_roh_BELLY.jpg,0.6296659708023071
A06_18_04_W_roh_BELLY.jpg,5,A08_18_20_W_roh_BELLY.jpg,0.6274692416191101
A06_18_04_W_roh_BELLY.jpg,6,A08_18_17_W_roh_BELLY.jpg,0.6140730381011963
A06_18_04_W_roh_BELLY.jpg,7,A08_09_39_W_roh_BELLY.jpg,0.6039955019950867
A06_18_04_W_roh_BELLY.jpg,8,A08_15_04_M_roh_BELLY.jpg,0.5813338160514832
A06_18_04_W_roh_BELLY.jpg,9,A02_06_03_M_roh_BELLY.jpg,0.5782982707023621
A06_18_04_W_roh_BELLY.jpg,10,A08_15_14_W_roh_BELLY.jpg,0.5752121210098267
A06_18_04_W_roh_BELLY.jpg,11,A08_06_05_SA_roh_BELLY.jpg,0.5698303580284119
A06_18_04_W_roh_BELLY.jpg,12,A04_03_01_W_roh_BELLY.jpg,0.5693176984786987
A06_18_04_W_roh_BELLY.jpg,13,A01_06_01_SA_roh_BELLY.jpg,0.5666571259498596
A06_18_04_W_roh_BELLY.jpg,14,A04_17_02_W_roh_BELLY.jpg,0.5650039315223694
A06_18_04_W_roh_BELLY.jpg,15,A05_18_07_W_roh_BELLY.jpg,0.5624237656593323
A06_18_04_W_roh_BELLY.jpg,16,A08_18_22_W_roh_BELLY.jpg,0.559052586555481
A06_18_04_W_roh_BELLY.jpg,17,A08_18_06_W_roh_BELLY.jpg,0.5588663220405579
A06_18_04_W_roh_BELLY.jpg,18,A08_12_13_W_roh_BELLY.jpg,0.5580258369445801
A06_18_04_W_roh_BELLY.jpg,19,IMG-20250626-WA0009_BELLY.jpg,0.5576464533805847
A06_18_04_W_roh_BELLY.jpg,20,IMG-20250626-WA0024_BELLY.jpg,0.5571736097335815
A07_08_03_W_roh_BELLY.jpg,1,A03_15_04_W_roh_BELLY.jpg,0.7372517585754395
A07_08_03_W_roh_BELLY.jpg,2,A08_18_03_W_roh_BELLY.jpg,0.6615978479385376
A07_08_03_W_roh_BELLY.jpg,3,IMG-20250910-WA0023_BELLY.jpg,0.6330825090408325
A07_08_03_W_roh_BELLY.jpg,4,A01_18_07_W_roh_BELLY.jpg,0.6160280704498291
A07_08_03_W_roh_BELLY.jpg,5,IMG_20250717_112327_BELLY.jpg,0.6125125885009766
A07_08_03_W_roh_BELLY.jpg,6,A08_15_07_W_roh_BELLY.jpg,0.6119022369384766
A07_08_03_W_roh_BELLY.jpg,7,IMG-20250919-WA0021_BELLY.jpg,0.611396849155426
A07_08_03_W_roh_BELLY.jpg,8,IMG-20250910-WA0064_BELLY.jpg,0.6088894605636597
A07_08_03_W_roh_BELLY.jpg,9,A08_18_21_M_roh_BELLY.jpg,0.6026967763900757
A07_08_03_W_roh_BELLY.jpg,10,A08_15_17_M_roh_BELLY.jpg,0.6022766828536987
A07_08_03_W_roh_BELLY.jpg,11,A05_18_06_W_roh_BELLY.jpg,0.6017784476280212
A07_08_03_W_roh_BELLY.jpg,12,IMG-20250910-WA0022_BELLY.jpg,0.5991494655609131
A07_08_03_W_roh_BELLY.jpg,13,A04_15_06_M_roh_BELLY.jpg,0.5948939919471741
A07_08_03_W_roh_BELLY.jpg,14,A01_18_14_W_roh_BELLY.jpg,0.5931055545806885
A07_08_03_W_roh_BELLY.jpg,15,IMG-20250910-WA0029_BELLY.jpg,0.5916420817375183
A07_08_03_W_roh_BELLY.jpg,16,IMG_20250717_110833_BELLY.jpg,0.5915611386299133
A07_08_03_W_roh_BELLY.jpg,17,A06_12_04_W_roh_BELLY.jpg,0.590927243232727
A07_08_03_W_roh_BELLY.jpg,18,A08_18_19_W_roh_BELLY.jpg,0.5875331163406372
A07_08_03_W_roh_BELLY.jpg,19,A06_12_01_W_roh_BELLY.jpg,0.5874881148338318
A07_08_03_W_roh_BELLY.jpg,20,IMG_20250717_113844_BELLY.jpg,0.5873100161552429
A07_08_04_M_roh_BELLY.jpg,1,A07_17_03_W_roh_BELLY.jpg,0.6820067763328552
A07_08_04_M_roh_BELLY.jpg,2,A06_03_01_M_roh_BELLY.jpg,0.622691810131073
A07_08_04_M_roh_BELLY.jpg,3,A03_15_04_W_roh_BELLY.jpg,0.6102890968322754
A07_08_04_M_roh_BELLY.jpg,4,IMG-20250910-WA0022_BELLY.jpg,0.606689989566803
A07_08_04_M_roh_BELLY.jpg,5,IMG-20250910-WA0029_BELLY.jpg,0.5975345373153687
A07_08_04_M_roh_BELLY.jpg,6,IMG-20250919-WA0009_BELLY.jpg,0.5971068739891052
A07_08_04_M_roh_BELLY.jpg,7,A08_17_17_W_roh_BELLY.jpg,0.5935236215591431
A07_08_04_M_roh_BELLY.jpg,8,IMG_20250717_113844_BELLY.jpg,0.5884525775909424
A07_08_04_M_roh_BELLY.jpg,9,A06_12_01_W_roh_BELLY.jpg,0.5809136629104614
A07_08_04_M_roh_BELLY.jpg,10,A06_17_04_W_roh_BELLY.jpg,0.5804128050804138
A07_08_04_M_roh_BELLY.jpg,11,IMG_20250717_111635_BELLY.jpg,0.5797895789146423
A07_08_04_M_roh_BELLY.jpg,12,IMG-20250919-WA0012_BELLY.jpg,0.5779125690460205
A07_08_04_M_roh_BELLY.jpg,13,A06_15_02_W_roh_BELLY.jpg,0.576956570148468
A07_08_04_M_roh_BELLY.jpg,14,IMG_20250717_111516_BELLY.jpg,0.5756187438964844
A07_08_04_M_roh_BELLY.jpg,15,A04_06_01_M_roh_BELLY.jpg,0.5745718479156494
A07_08_04_M_roh_BELLY.jpg,16,IMG-20250626-WA0024_BELLY.jpg,0.5741813778877258
A07_08_04_M_roh_BELLY.jpg,17,IMG-20250626-WA0025_BELLY.jpg,0.5739875435829163
A07_08_04_M_roh_BELLY.jpg,18,IMG-20250607-WA0003_BELLY.jpg,0.5737531185150146
A07_08_04_M_roh_BELLY.jpg,19,IMG_20250717_123430_BELLY.jpg,0.5722532868385315
A07_08_04_M_roh_BELLY.jpg,20,A08_18_12_W_roh_BELLY.jpg,0.5719648599624634
A07_09_02_W_roh_BELLY.jpg,1,IMG-20250626-WA0025_BELLY.jpg,0.5851406455039978
A07_09_02_W_roh_BELLY.jpg,2,IMG_20250717_110833_BELLY.jpg,0.5835223197937012
A07_09_02_W_roh_BELLY.jpg,3,A08_15_04_M_roh_BELLY.jpg,0.5798656940460205
A07_09_02_W_roh_BELLY.jpg,4,IMG-20250626-WA0024_BELLY.jpg,0.5778299570083618
A07_09_02_W_roh_BELLY.jpg,5,A01_15_03_W_roh_BELLY.jpg,0.5778235793113708
A07_09_02_W_roh_BELLY.jpg,6,A08_18_06_W_roh_BELLY.jpg,0.576108455657959
A07_09_02_W_roh_BELLY.jpg,7,A08_18_13_W_roh_BELLY.jpg,0.5705381035804749
A07_09_02_W_roh_BELLY.jpg,8,IMG-20250910-WA0064_BELLY.jpg,0.5695973634719849
A07_09_02_W_roh_BELLY.jpg,9,IMG_20250717_113156_BELLY.jpg,0.5654694437980652
A07_09_02_W_roh_BELLY.jpg,10,IMG-20250910-WA0062_BELLY.jpg,0.5653034448623657
A07_09_02_W_roh_BELLY.jpg,11,A03_15_06_W_roh_BELLY.jpg,0.5582883358001709
A07_09_02_W_roh_BELLY.jpg,12,AT01_06_03_W_roh_BELLY.jpg,0.5547897219657898
A07_09_02_W_roh_BELLY.jpg,13,A05_12_03_W_roh_BELLY.jpg,0.5546796321868896
A07_09_02_W_roh_BELLY.jpg,14,A06_14_02_W_roh_BELLY.jpg,0.5529612898826599
A07_09_02_W_roh_BELLY.jpg,15,A01_15_01_W_roh_BELLY.jpg,0.5528532862663269
A07_09_02_W_roh_BELLY.jpg,16,IMG-20250626-WA0014_BELLY.jpg,0.5451080799102783
A07_09_02_W_roh_BELLY.jpg,17,IMG_20250807_104159_BELLY.jpg,0.5432098507881165
A07_09_02_W_roh_BELLY.jpg,18,IMG-20250717-WA0017_BELLY.jpg,0.5429461598396301
A07_09_02_W_roh_BELLY.jpg,19,A01_06_01_SA_roh_BELLY.jpg,0.5428197383880615
A07_09_02_W_roh_BELLY.jpg,20,A04_03_01_W_roh_BELLY.jpg,0.5420193672180176
A07_09_03_W_roh_BELLY.jpg,1,A08_15_03_W_roh_BELLY.jpg,0.6915763020515442
A07_09_03_W_roh_BELLY.jpg,2,IMG-20250626-WA0015_BELLY.jpg,0.6319700479507446
A07_09_03_W_roh_BELLY.jpg,3,A06_12_04_W_roh_BELLY.jpg,0.6066093444824219
A07_09_03_W_roh_BELLY.jpg,4,A04_17_02_W_roh_BELLY.jpg,0.6008003354072571
A07_09_03_W_roh_BELLY.jpg,5,IMG-20250626-WA0014_BELLY.jpg,0.6004377007484436
A07_09_03_W_roh_BELLY.jpg,6,A04_12_04_W_roh_BELLY.jpg,0.5931928157806396
A07_09_03_W_roh_BELLY.jpg,7,IMG_20250717_113156_BELLY.jpg,0.5900108814239502
A07_09_03_W_roh_BELLY.jpg,8,IMG_20250717_104652_BELLY.jpg,0.580052375793457
A07_09_03_W_roh_BELLY.jpg,9,A08_18_20_W_roh_BELLY.jpg,0.5787526965141296
A07_09_03_W_roh_BELLY.jpg,10,A04_15_06_M_roh_BELLY.jpg,0.5744295716285706
A07_09_03_W_roh_BELLY.jpg,11,A06_08_04_W_roh_BELLY.jpg,0.5678673982620239
A07_09_03_W_roh_BELLY.jpg,12,A01_15_03_W_roh_BELLY.jpg,0.5657668113708496
A07_09_03_W_roh_BELLY.jpg,13,IMG-20250626-WA0021_BELLY.jpg,0.5655010342597961
A07_09_03_W_roh_BELLY.jpg,14,A01_18_14_W_roh_BELLY.jpg,0.5654985904693604
A07_09_03_W_roh_BELLY.jpg,15,A06_14_02_W_roh_BELLY.jpg,0.5645339488983154
A07_09_03_W_roh_BELLY.jpg,16,A06_15_03_W_roh_BELLY.jpg,0.5637660026550293
A07_09_03_W_roh_BELLY.jpg,17,A02_03_01_W_roh_BELLY.jpg,0.5570849180221558
A07_09_03_W_roh_BELLY.jpg,18,A08_18_13_W_roh_BELLY.jpg,0.5564099550247192
A07_09_03_W_roh_BELLY.jpg,19,A01_18_12_M_roh_BELLY.jpg,0.5549765229225159
A07_09_03_W_roh_BELLY.jpg,20,A08_15_07_W_roh_BELLY.jpg,0.5540333986282349
A07_17_03_W_roh_BELLY.jpg,1,A07_08_04_M_roh_BELLY.jpg,0.6820067763328552
A07_17_03_W_roh_BELLY.jpg,2,A08_17_17_W_roh_BELLY.jpg,0.6498591899871826
A07_17_03_W_roh_BELLY.jpg,3,A06_03_01_M_roh_BELLY.jpg,0.6383623480796814
A07_17_03_W_roh_BELLY.jpg,4,A08_18_18_W_roh_BELLY.jpg,0.6292999386787415
A07_17_03_W_roh_BELLY.jpg,5,A03_15_04_W_roh_BELLY.jpg,0.6205072402954102
A07_17_03_W_roh_BELLY.jpg,6,A06_12_01_W_roh_BELLY.jpg,0.5988583564758301
A07_17_03_W_roh_BELLY.jpg,7,A06_17_04_W_roh_BELLY.jpg,0.5966510772705078
A07_17_03_W_roh_BELLY.jpg,8,A08_15_17_M_roh_BELLY.jpg,0.5954327583312988
A07_17_03_W_roh_BELLY.jpg,9,A08_18_13_W_roh_BELLY.jpg,0.5949459075927734
A07_17_03_W_roh_BELLY.jpg,10,A02_08_05_M_roh_BELLY.jpg,0.5949020385742188
A07_17_03_W_roh_BELLY.jpg,11,IMG_20250717_113844_BELLY.jpg,0.5927478671073914
A07_17_03_W_roh_BELLY.jpg,12,A06_15_02_W_roh_BELLY.jpg,0.5921648144721985
A07_17_03_W_roh_BELLY.jpg,13,A04_17_01_W_roh_BELLY.jpg,0.5846276879310608
A07_17_03_W_roh_BELLY.jpg,14,IMG_20250807_105820_BELLY.jpg,0.5834670662879944
A07_17_03_W_roh_BELLY.jpg,15,A08_15_21_M_roh_BELLY.jpg,0.5818290114402771
A07_17_03_W_roh_BELLY.jpg,16,A08_18_23_W_roh_BELLY.jpg,0.5799779295921326
A07_17_03_W_roh_BELLY.jpg,17,A01_17_01_W_roh_BELLY.jpg,0.5794938802719116
A07_17_03_W_roh_BELLY.jpg,18,IMG-20250607-WA0003_BELLY.jpg,0.5790436267852783
A07_17_03_W_roh_BELLY.jpg,19,A01_18_05_W_roh_BELLY.jpg,0.5784031748771667
A07_17_03_W_roh_BELLY.jpg,20,A07_17_06_W_roh_BELLY.jpg,0.5782307982444763
A07_17_06_W_roh_BELLY.jpg,1,IMG-20250626-WA0014_BELLY.jpg,0.6437063813209534
A07_17_06_W_roh_BELLY.jpg,2,A06_12_04_W_roh_BELLY.jpg,0.6340993642807007
A07_17_06_W_roh_BELLY.jpg,3,IMG_20250717_104652_BELLY.jpg,0.6299492716789246
A07_17_06_W_roh_BELLY.jpg,4,IMG_20250717_112327_BELLY.jpg,0.6257129907608032
A07_17_06_W_roh_BELLY.jpg,5,IMG-20250626-WA0015_BELLY.jpg,0.6252641081809998
A07_17_06_W_roh_BELLY.jpg,6,IMG_20250717_105046_BELLY.jpg,0.6242014765739441
A07_17_06_W_roh_BELLY.jpg,7,A08_15_04_M_roh_BELLY.jpg,0.621652364730835
A07_17_06_W_roh_BELLY.jpg,8,IMG-20250919-WA0012_BELLY.jpg,0.6167385578155518
A07_17_06_W_roh_BELLY.jpg,9,A04_03_01_W_roh_BELLY.jpg,0.6141871809959412
A07_17_06_W_roh_BELLY.jpg,10,IMG-20250626-WA0024_BELLY.jpg,0.6128641963005066
A07_17_06_W_roh_BELLY.jpg,11,A08_18_12_W_roh_BELLY.jpg,0.6088933348655701
A07_17_06_W_roh_BELLY.jpg,12,A06_12_01_W_roh_BELLY.jpg,0.6080822944641113
A07_17_06_W_roh_BELLY.jpg,13,A04_12_04_W_roh_BELLY.jpg,0.6075878143310547
A07_17_06_W_roh_BELLY.jpg,14,IMG_20250717_113156_BELLY.jpg,0.6065673828125
A07_17_06_W_roh_BELLY.jpg,15,IMG-20250626-WA0025_BELLY.jpg,0.6006523370742798
A07_17_06_W_roh_BELLY.jpg,16,A05_18_07_W_roh_BELLY.jpg,0.5991055369377136
A07_17_06_W_roh_BELLY.jpg,17,IMG_20250717_111516_BELLY.jpg,0.5985291004180908
A07_17_06_W_roh_BELLY.jpg,18,A01_08_01_W_roh_BELLY.jpg,0.5953139662742615
A07_17_06_W_roh_BELLY.jpg,19,A06_15_02_W_roh_BELLY.jpg,0.5950223803520203
A07_17_06_W_roh_BELLY.jpg,20,A06_15_03_W_roh_BELLY.jpg,0.5935584306716919
A07_18_01_W_roh_BELLY.jpg,1,A02_03_01_W_roh_BELLY.jpg,0.6032735705375671
A07_18_01_W_roh_BELLY.jpg,2,IMG_20250717_104652_BELLY.jpg,0.5941298604011536
A07_18_01_W_roh_BELLY.jpg,3,IMG_20250717_104317_BELLY.jpg,0.5930359959602356
A07_18_01_W_roh_BELLY.jpg,4,A08_15_05_M_roh_BELLY.jpg,0.5868225693702698
A07_18_01_W_roh_BELLY.jpg,5,IMG-20250717-WA0013_BELLY.jpg,0.5804175138473511
A07_18_01_W_roh_BELLY.jpg,6,IMG-20250910-WA0062_BELLY.jpg,0.5772744417190552
A07_18_01_W_roh_BELLY.jpg,7,IMG-20250626-WA0014_BELLY.jpg,0.5763884782791138
A07_18_01_W_roh_BELLY.jpg,8,A08_18_06_W_roh_BELLY.jpg,0.5756494998931885
A07_18_01_W_roh_BELLY.jpg,9,A08_06_08_W_roh_BELLY.jpg,0.5752514600753784
A07_18_01_W_roh_BELLY.jpg,10,IMG-20250919-WA0019_BELLY.jpg,0.5741137266159058
A07_18_01_W_roh_BELLY.jpg,11,A04_06_01_M_roh_BELLY.jpg,0.572411298751831
A07_18_01_W_roh_BELLY.jpg,12,IMG-20250910-WA0017_BELLY.jpg,0.5717893838882446
A07_18_01_W_roh_BELLY.jpg,13,A04_03_01_W_roh_BELLY.jpg,0.5692748427391052
A07_18_01_W_roh_BELLY.jpg,14,A05_18_08_W_roh_BELLY.jpg,0.5691949129104614
A07_18_01_W_roh_BELLY.jpg,15,A01_17_01_W_roh_BELLY.jpg,0.5683120489120483
A07_18_01_W_roh_BELLY.jpg,16,A01_15_06_W_roh_BELLY.jpg,0.567046582698822
A07_18_01_W_roh_BELLY.jpg,17,IMG-20250910-WA0016_BELLY.jpg,0.566535234451294
A07_18_01_W_roh_BELLY.jpg,18,A01_18_12_M_roh_BELLY.jpg,0.5657491683959961
A07_18_01_W_roh_BELLY.jpg,19,A01_18_14_W_roh_BELLY.jpg,0.5641157627105713
A07_18_01_W_roh_BELLY.jpg,20,A01_05_03_W_roh_BELLY.jpg,0.5637344717979431
A07_18_03_W_roh_BELLY.jpg,1,A02_06_07_M_roh_BELLY.jpg,0.6074618101119995
A07_18_03_W_roh_BELLY.jpg,2,A02_03_02_M_roh_BELLY.jpg,0.5706853866577148
A07_18_03_W_roh_BELLY.jpg,3,A08_18_01_M_roh_BELLY.jpg,0.5257624983787537
A07_18_03_W_roh_BELLY.jpg,4,IMG_20250717_111635_BELLY.jpg,0.5223163366317749
A07_18_03_W_roh_BELLY.jpg,5,A03_15_04_W_roh_BELLY.jpg,0.5154786705970764
A07_18_03_W_roh_BELLY.jpg,6,IMG-20250910-WA0022_BELLY.jpg,0.5092451572418213
A07_18_03_W_roh_BELLY.jpg,7,A08_18_23_W_roh_BELLY.jpg,0.5084859728813171
A07_18_03_W_roh_BELLY.jpg,8,A06_17_02_W__roh_BELLY.jpg,0.5060641169548035
A07_18_03_W_roh_BELLY.jpg,9,IMG-20250910-WA0023_BELLY.jpg,0.5056424140930176
A07_18_03_W_roh_BELLY.jpg,10,IMG-20250910-WA0061_BELLY.jpg,0.5019289255142212
A07_18_03_W_roh_BELLY.jpg,11,A03_18_07_M_roh_BELLY.jpg,0.5011431574821472
A07_18_03_W_roh_BELLY.jpg,12,IMG-20250910-WA0029_BELLY.jpg,0.4977308213710785
A07_18_03_W_roh_BELLY.jpg,13,IMG_20250717_113633_BELLY.jpg,0.49725061655044556
A07_18_03_W_roh_BELLY.jpg,14,IMG-20250607-WA0003_BELLY.jpg,0.49598872661590576
A07_18_03_W_roh_BELLY.jpg,15,A06_15_02_W_roh_BELLY.jpg,0.4940900206565857
A07_18_03_W_roh_BELLY.jpg,16,A08_18_10_W_roh_BELLY.jpg,0.493497759103775
A07_18_03_W_roh_BELLY.jpg,17,A06_03_01_M_roh_BELLY.jpg,0.4921223819255829
A07_18_03_W_roh_BELLY.jpg,18,A08_17_17_W_roh_BELLY.jpg,0.4848025441169739
A07_18_03_W_roh_BELLY.jpg,19,A08_15_19_M_roh_BELLY.jpg,0.4845140278339386
A07_18_03_W_roh_BELLY.jpg,20,IMG-20250829-WA0022_BELLY.jpg,0.4841003119945526
A08_06_02_SA_roh_BELLY.jpg,1,A08_18_06_W_roh_BELLY.jpg,0.7399714589118958
A08_06_02_SA_roh_BELLY.jpg,2,A01_18_14_W_roh_BELLY.jpg,0.5934033393859863
A08_06_02_SA_roh_BELLY.jpg,3,A04_12_04_W_roh_BELLY.jpg,0.5847025513648987
A08_06_02_SA_roh_BELLY.jpg,4,IMG_20250807_104159_BELLY.jpg,0.5845725536346436
A08_06_02_SA_roh_BELLY.jpg,5,IMG-20250626-WA0007_BELLY.jpg,0.58404141664505
A08_06_02_SA_roh_BELLY.jpg,6,A02_06_03_M_roh_BELLY.jpg,0.5779516100883484
A08_06_02_SA_roh_BELLY.jpg,7,A08_18_20_W_roh_BELLY.jpg,0.5769071578979492
A08_06_02_SA_roh_BELLY.jpg,8,A01_06_01_SA_roh_BELLY.jpg,0.5746258497238159
A08_06_02_SA_roh_BELLY.jpg,9,A08_15_14_W_roh_BELLY.jpg,0.5735983848571777
A08_06_02_SA_roh_BELLY.jpg,10,IMG-20250626-WA0022_BELLY.jpg,0.572333574295044
A08_06_02_SA_roh_BELLY.jpg,11,IMG-20250626-WA0024_BELLY.jpg,0.5716264247894287
A08_06_02_SA_roh_BELLY.jpg,12,IMG-20250626-WA0013_BELLY.jpg,0.5703513026237488
A08_06_02_SA_roh_BELLY.jpg,13,A08_15_04_M_roh_BELLY.jpg,0.5628299713134766
A08_06_02_SA_roh_BELLY.jpg,14,A01_15_06_W_roh_BELLY.jpg,0.55922931432724
A08_06_02_SA_roh_BELLY.jpg,15,A08_12_13_W_roh_BELLY.jpg,0.5578187108039856
A08_06_02_SA_roh_BELLY.jpg,16,A04_03_01_W_roh_BELLY.jpg,0.5552819967269897
A08_06_02_SA_roh_BELLY.jpg,17,A08_18_14_M_roh_BELLY.jpg,0.5552351474761963
A08_06_02_SA_roh_BELLY.jpg,18,A08_09_39_W_roh_BELLY.jpg,0.5539210438728333
A08_06_02_SA_roh_BELLY.jpg,19,A05_18_07_W_roh_BELLY.jpg,0.5485562086105347
A08_06_02_SA_roh_BELLY.jpg,20,IMG_20250501_132115_BELLY.jpg,0.547478973865509
A08_06_05_SA_roh_BELLY.jpg,1,A05_18_04_W_roh_BELLY.jpg,0.7721221446990967
A08_06_05_SA_roh_BELLY.jpg,2,IMG-20250910-WA0063_BELLY.jpg,0.7295975089073181
A08_06_05_SA_roh_BELLY.jpg,3,A04_12_04_W_roh_BELLY.jpg,0.6089041233062744
A08_06_05_SA_roh_BELLY.jpg,4,A08_15_04_M_roh_BELLY.jpg,0.603023111820221
A08_06_05_SA_roh_BELLY.jpg,5,IMG-20250626-WA0024_BELLY.jpg,0.5957529544830322
A08_06_05_SA_roh_BELLY.jpg,6,A08_15_14_W_roh_BELLY.jpg,0.5956392288208008
A08_06_05_SA_roh_BELLY.jpg,7,IMG-20250626-WA0025_BELLY.jpg,0.5942135453224182
A08_06_05_SA_roh_BELLY.jpg,8,A01_03_07_W_roh_BELLY.jpg,0.5925946831703186
A08_06_05_SA_roh_BELLY.jpg,9,IMG-20250626-WA0016_BELLY.jpg,0.5886882543563843
A08_06_05_SA_roh_BELLY.jpg,10,IMG_20250717_110833_BELLY.jpg,0.5873481035232544
A08_06_05_SA_roh_BELLY.jpg,11,A08_12_13_W_roh_BELLY.jpg,0.5865969657897949
A08_06_05_SA_roh_BELLY.jpg,12,A08_18_20_W_roh_BELLY.jpg,0.5855715274810791
A08_06_05_SA_roh_BELLY.jpg,13,IMG-20250626-WA0020_BELLY.jpg,0.5841037034988403
A08_06_05_SA_roh_BELLY.jpg,14,IMG_20250807_104159_BELLY.jpg,0.5838590860366821
A08_06_05_SA_roh_BELLY.jpg,15,A01_06_01_SA_roh_BELLY.jpg,0.5780649185180664
A08_06_05_SA_roh_BELLY.jpg,16,A03_12_03_M_roh_BELLY.jpg,0.5777846574783325
A08_06_05_SA_roh_BELLY.jpg,17,A02_06_03_M_roh_BELLY.jpg,0.5748290419578552
A08_06_05_SA_roh_BELLY.jpg,18,A01_18_14_W_roh_BELLY.jpg,0.573296308517456
A08_06_05_SA_roh_BELLY.jpg,19,A06_18_04_W_roh_BELLY.jpg,0.5698303580284119
A08_06_05_SA_roh_BELLY.jpg,20,IMG-20250910-WA0064_BELLY.jpg,0.5687761306762695
A08_06_08_W_roh_BELLY.jpg,1,A04_12_04_W_roh_BELLY.jpg,0.6235929727554321
A08_06_08_W_roh_BELLY.jpg,2,A02_06_03_M_roh_BELLY.jpg,0.6137909889221191
A08_06_08_W_roh_BELLY.jpg,3,A01_18_12_M_roh_BELLY.jpg,0.6079381704330444
A08_06_08_W_roh_BELLY.jpg,4,A01_18_14_W_roh_BELLY.jpg,0.5988945960998535
A08_06_08_W_roh_BELLY.jpg,5,A04_15_06_M_roh_BELLY.jpg,0.5985967516899109
A08_06_08_W_roh_BELLY.jpg,6,IMG-20250626-WA0014_BELLY.jpg,0.5882813930511475
A08_06_08_W_roh_BELLY.jpg,7,A08_18_14_M_roh_BELLY.jpg,0.5881216526031494
A08_06_08_W_roh_BELLY.jpg,8,A04_06_01_M_roh_BELLY.jpg,0.5879179239273071
A08_06_08_W_roh_BELLY.jpg,9,IMG-20250910-WA0064_BELLY.jpg,0.5800954699516296
A08_06_08_W_roh_BELLY.jpg,10,A08_18_13_W_roh_BELLY.jpg,0.5793920755386353
A08_06_08_W_roh_BELLY.jpg,11,A06_14_02_W_roh_BELLY.jpg,0.5790799856185913
A08_06_08_W_roh_BELLY.jpg,12,A08_15_04_M_roh_BELLY.jpg,0.5785550475120544
A08_06_08_W_roh_BELLY.jpg,13,IMG_20250807_104159_BELLY.jpg,0.5764634013175964
A08_06_08_W_roh_BELLY.jpg,14,A06_12_04_W_roh_BELLY.jpg,0.5755847096443176
A08_06_08_W_roh_BELLY.jpg,15,IMG-20250626-WA0024_BELLY.jpg,0.5754702091217041
A08_06_08_W_roh_BELLY.jpg,16,A07_18_01_W_roh_BELLY.jpg,0.5752514600753784
A08_06_08_W_roh_BELLY.jpg,17,A08_18_20_W_roh_BELLY.jpg,0.5732239484786987
A08_06_08_W_roh_BELLY.jpg,18,A04_03_01_W_roh_BELLY.jpg,0.5731733441352844
A08_06_08_W_roh_BELLY.jpg,19,A08_15_05_M_roh_BELLY.jpg,0.572887659072876
A08_06_08_W_roh_BELLY.jpg,20,A04_17_02_W_roh_BELLY.jpg,0.5725208520889282
A08_06_10_M_roh_BELLY.jpg,1,A03_15_04_W_roh_BELLY.jpg,0.6226457953453064
A08_06_10_M_roh_BELLY.jpg,2,A06_12_01_W_roh_BELLY.jpg,0.6159147620201111
A08_06_10_M_roh_BELLY.jpg,3,IMG_20250717_111635_BELLY.jpg,0.6158439517021179
A08_06_10_M_roh_BELLY.jpg,4,A08_15_04_M_roh_BELLY.jpg,0.6147071123123169
A08_06_10_M_roh_BELLY.jpg,5,A06_17_04_W_roh_BELLY.jpg,0.6142457127571106
A08_06_10_M_roh_BELLY.jpg,6,A06_15_02_W_roh_BELLY.jpg,0.6096081733703613
A08_06_10_M_roh_BELLY.jpg,7,IMG_20250717_112327_BELLY.jpg,0.6095964908599854
A08_06_10_M_roh_BELLY.jpg,8,IMG_20250717_123430_BELLY.jpg,0.6023889183998108
A08_06_10_M_roh_BELLY.jpg,9,IMG-20250626-WA0024_BELLY.jpg,0.6021740436553955
A08_06_10_M_roh_BELLY.jpg,10,A04_03_01_W_roh_BELLY.jpg,0.5978753566741943
A08_06_10_M_roh_BELLY.jpg,11,A05_18_07_W_roh_BELLY.jpg,0.5928043127059937
A08_06_10_M_roh_BELLY.jpg,12,IMG-20250717-WA0011_BELLY.jpg,0.5925437808036804
A08_06_10_M_roh_BELLY.jpg,13,IMG-20250919-WA0012_BELLY.jpg,0.5924983024597168
A08_06_10_M_roh_BELLY.jpg,14,IMG-20250626-WA0025_BELLY.jpg,0.5906099677085876
A08_06_10_M_roh_BELLY.jpg,15,A03_12_02_W_roh_BELLY.jpg,0.590488076210022
A08_06_10_M_roh_BELLY.jpg,16,A02_06_03_M_roh_BELLY.jpg,0.5897972583770752
A08_06_10_M_roh_BELLY.jpg,17,A08_18_13_W_roh_BELLY.jpg,0.5892481803894043
A08_06_10_M_roh_BELLY.jpg,18,A03_12_03_M_roh_BELLY.jpg,0.588855504989624
A08_06_10_M_roh_BELLY.jpg,19,IMG-20250626-WA0014_BELLY.jpg,0.5884273052215576
A08_06_10_M_roh_BELLY.jpg,20,IMG-20250717-WA0017_BELLY.jpg,0.5849215388298035
A08_09_35_W_roh_BELLY.jpg,1,A08_18_05_W_roh_BELLY.jpg,0.701081395149231
A08_09_35_W_roh_BELLY.jpg,2,A06_12_04_W_roh_BELLY.jpg,0.6162804365158081
A08_09_35_W_roh_BELLY.jpg,3,IMG_20250717_104652_BELLY.jpg,0.6088572144508362
A08_09_35_W_roh_BELLY.jpg,4,IMG-20250626-WA0014_BELLY.jpg,0.6023262143135071
A08_09_35_W_roh_BELLY.jpg,5,A01_18_14_W_roh_BELLY.jpg,0.5984089970588684
A08_09_35_W_roh_BELLY.jpg,6,IMG-20250626-WA0015_BELLY.jpg,0.5885743498802185
A08_09_35_W_roh_BELLY.jpg,7,IMG-20250919-WA0012_BELLY.jpg,0.5725637078285217
A08_09_35_W_roh_BELLY.jpg,8,A08_18_06_W_roh_BELLY.jpg,0.5711396932601929
A08_09_35_W_roh_BELLY.jpg,9,A02_03_01_W_roh_BELLY.jpg,0.5695489048957825
A08_09_35_W_roh_BELLY.jpg,10,IMG-20250626-WA0024_BELLY.jpg,0.5670819878578186
A08_09_35_W_roh_BELLY.jpg,11,A04_15_06_M_roh_BELLY.jpg,0.566463053226471
A08_09_35_W_roh_BELLY.jpg,12,A08_15_14_W_roh_BELLY.jpg,0.5619612336158752
A08_09_35_W_roh_BELLY.jpg,13,IMG-20250607-WA0007_BELLY.jpg,0.5617232322692871
A08_09_35_W_roh_BELLY.jpg,14,A08_18_14_M_roh_BELLY.jpg,0.5609886646270752
A08_09_35_W_roh_BELLY.jpg,15,A08_15_21_M_roh_BELLY.jpg,0.5606096982955933
A08_09_35_W_roh_BELLY.jpg,16,A04_12_04_W_roh_BELLY.jpg,0.558272123336792
A08_09_35_W_roh_BELLY.jpg,17,A01_15_06_W_roh_BELLY.jpg,0.5519784688949585
A08_09_35_W_roh_BELLY.jpg,18,IMG_20250717_112327_BELLY.jpg,0.551964282989502
A08_09_35_W_roh_BELLY.jpg,19,A06_12_01_W_roh_BELLY.jpg,0.5494421720504761
A08_09_35_W_roh_BELLY.jpg,20,A08_15_06_W_roh_BELLY.jpg,0.5485049486160278
A08_09_39_W_roh_BELLY.jpg,1,A08_18_20_W_roh_BELLY.jpg,0.647745668888092
A08_09_39_W_roh_BELLY.jpg,2,A04_12_04_W_roh_BELLY.jpg,0.625377893447876
A08_09_39_W_roh_BELLY.jpg,3,A08_18_17_W_roh_BELLY.jpg,0.6144167184829712
A08_09_39_W_roh_BELLY.jpg,4,A04_15_04_M_roh_BELLY.jpg,0.6087709665298462
A08_09_39_W_roh_BELLY.jpg,5,A06_15_03_W_roh_BELLY.jpg,0.6083232164382935
A08_09_39_W_roh_BELLY.jpg,6,A06_18_04_W_roh_BELLY.jpg,0.6039955019950867
A08_09_39_W_roh_BELLY.jpg,7,A08_12_13_W_roh_BELLY.jpg,0.6008543968200684
A08_09_39_W_roh_BELLY.jpg,8,A02_06_03_M_roh_BELLY.jpg,0.5946509838104248
A08_09_39_W_roh_BELLY.jpg,9,A01_18_12_M_roh_BELLY.jpg,0.5883985161781311
A08_09_39_W_roh_BELLY.jpg,10,A01_18_14_W_roh_BELLY.jpg,0.5880572199821472
A08_09_39_W_roh_BELLY.jpg,11,A08_15_14_W_roh_BELLY.jpg,0.587630033493042
A08_09_39_W_roh_BELLY.jpg,12,IMG_20250515_121011_BELLY.jpg,0.5824357867240906
A08_09_39_W_roh_BELLY.jpg,13,A05_18_04_W_roh_BELLY.jpg,0.5721123218536377
A08_09_39_W_roh_BELLY.jpg,14,IMG-20250626-WA0014_BELLY.jpg,0.5697091817855835
A08_09_39_W_roh_BELLY.jpg,15,A08_15_04_M_roh_BELLY.jpg,0.5676281452178955
A08_09_39_W_roh_BELLY.jpg,16,IMG-20250626-WA0024_BELLY.jpg,0.5670580863952637
A08_09_39_W_roh_BELLY.jpg,17,IMG-20250910-WA0017_BELLY.jpg,0.5662415027618408
A08_09_39_W_roh_BELLY.jpg,18,IMG-20250626-WA0007_BELLY.jpg,0.5651905536651611
A08_09_39_W_roh_BELLY.jpg,19,IMG_20250717_113156_BELLY.jpg,0.5618851780891418
A08_09_39_W_roh_BELLY.jpg,20,A08_18_06_W_roh_BELLY.jpg,0.5598225593566895
A08_12_05_W_roh_BELLY.jpg,1,A06_15_03_W_roh_BELLY.jpg,0.5546125769615173
A08_12_05_W_roh_BELLY.jpg,2,A04_12_04_W_roh_BELLY.jpg,0.5512248873710632
A08_12_05_W_roh_BELLY.jpg,3,A08_18_18_W_roh_BELLY.jpg,0.5349056720733643
A08_12_05_W_roh_BELLY.jpg,4,A04_15_04_M_roh_BELLY.jpg,0.5335039496421814
A08_12_05_W_roh_BELLY.jpg,5,A01_08_01_W_roh_BELLY.jpg,0.5325168967247009
A08_12_05_W_roh_BELLY.jpg,6,IMG-20250626-WA0024_BELLY.jpg,0.5313868522644043
A08_12_05_W_roh_BELLY.jpg,7,IMG-20250717-WA0017_BELLY.jpg,0.5193414092063904
A08_12_05_W_roh_BELLY.jpg,8,A05_15_03_W_roh_BELLY.jpg,0.5181045532226562
A08_12_05_W_roh_BELLY.jpg,9,A07_17_06_W_roh_BELLY.jpg,0.5156523585319519
A08_12_05_W_roh_BELLY.jpg,10,A08_18_22_W_roh_BELLY.jpg,0.5084580183029175
A08_12_05_W_roh_BELLY.jpg,11,A08_15_06_W_roh_BELLY.jpg,0.5074219703674316
A08_12_05_W_roh_BELLY.jpg,12,A02_06_03_M_roh_BELLY.jpg,0.5064048767089844
A08_12_05_W_roh_BELLY.jpg,13,IMG_20250515_114220_BELLY.jpg,0.5047191381454468
A08_12_05_W_roh_BELLY.jpg,14,A08_15_14_W_roh_BELLY.jpg,0.5009375810623169
A08_12_05_W_roh_BELLY.jpg,15,A01_18_12_M_roh_BELLY.jpg,0.5006277561187744
A08_12_05_W_roh_BELLY.jpg,16,IMG-20250626-WA0025_BELLY.jpg,0.49920135736465454
A08_12_05_W_roh_BELLY.jpg,17,A08_09_39_W_roh_BELLY.jpg,0.4987892508506775
A08_12_05_W_roh_BELLY.jpg,18,A07_17_03_W_roh_BELLY.jpg,0.49781692028045654
A08_12_05_W_roh_BELLY.jpg,19,A08_12_13_W_roh_BELLY.jpg,0.4972383379936218
A08_12_05_W_roh_BELLY.jpg,20,A08_15_04_M_roh_BELLY.jpg,0.4968021810054779
A08_12_13_W_roh_BELLY.jpg,1,A08_15_14_W_roh_BELLY.jpg,0.8193700313568115
A08_12_13_W_roh_BELLY.jpg,2,A08_15_04_M_roh_BELLY.jpg,0.6702333688735962
A08_12_13_W_roh_BELLY.jpg,3,A04_12_04_W_roh_BELLY.jpg,0.6664054989814758
A08_12_13_W_roh_BELLY.jpg,4,A08_18_20_W_roh_BELLY.jpg,0.6483217477798462
A08_12_13_W_roh_BELLY.jpg,5,IMG-20250626-WA0014_BELLY.jpg,0.6451797485351562
A08_12_13_W_roh_BELLY.jpg,6,IMG-20250626-WA0024_BELLY.jpg,0.6434937715530396
A08_12_13_W_roh_BELLY.jpg,7,A02_06_03_M_roh_BELLY.jpg,0.6371824145317078
A08_12_13_W_roh_BELLY.jpg,8,A08_18_17_W_roh_BELLY.jpg,0.6368323564529419
A08_12_13_W_roh_BELLY.jpg,9,IMG-20250626-WA0025_BELLY.jpg,0.6323285102844238
A08_12_13_W_roh_BELLY.jpg,10,A05_15_03_W_roh_BELLY.jpg,0.6296857595443726
A08_12_13_W_roh_BELLY.jpg,11,A01_15_03_W_roh_BELLY.jpg,0.6292780041694641
A08_12_13_W_roh_BELLY.jpg,12,IMG_20250717_104652_BELLY.jpg,0.6287205219268799
A08_12_13_W_roh_BELLY.jpg,13,A06_12_01_W_roh_BELLY.jpg,0.6222575306892395
A08_12_13_W_roh_BELLY.jpg,14,A01_03_07_W_roh_BELLY.jpg,0.6207950711250305
A08_12_13_W_roh_BELLY.jpg,15,IMG-20250910-WA0017_BELLY.jpg,0.6200973391532898
A08_12_13_W_roh_BELLY.jpg,16,A06_12_04_W_roh_BELLY.jpg,0.6180118918418884
A08_12_13_W_roh_BELLY.jpg,17,A03_12_03_M_roh_BELLY.jpg,0.6171927452087402
A08_12_13_W_roh_BELLY.jpg,18,A08_18_13_W_roh_BELLY.jpg,0.6163802146911621
A08_12_13_W_roh_BELLY.jpg,19,IMG_20250515_121011_BELLY.jpg,0.6124221086502075
A08_12_13_W_roh_BELLY.jpg,20,IMG-20250919-WA0012_BELLY.jpg,0.610260009765625
A08_12_15_W_roh_BELLY.jpg,1,A08_18_10_W_roh_BELLY.jpg,0.702617883682251
A08_12_15_W_roh_BELLY.jpg,2,IMG-20250910-WA0061_BELLY.jpg,0.6845591068267822
A08_12_15_W_roh_BELLY.jpg,3,A03_18_06_W_roh_BELLY.jpg,0.6132352948188782
A08_12_15_W_roh_BELLY.jpg,4,A01_08_01_W_roh_BELLY.jpg,0.6121953725814819
A08_12_15_W_roh_BELLY.jpg,5,A08_15_07_W_roh_BELLY.jpg,0.6066210269927979
A08_12_15_W_roh_BELLY.jpg,6,A02_03_01_W_roh_BELLY.jpg,0.5994136333465576
A08_12_15_W_roh_BELLY.jpg,7,A01_18_07_W_roh_BELLY.jpg,0.5989717841148376
A08_12_15_W_roh_BELLY.jpg,8,A03_15_04_W_roh_BELLY.jpg,0.5970640778541565
A08_12_15_W_roh_BELLY.jpg,9,A08_15_17_M_roh_BELLY.jpg,0.5956106781959534
A08_12_15_W_roh_BELLY.jpg,10,IMG-20250717-WA0013_BELLY.jpg,0.5919085741043091
A08_12_15_W_roh_BELLY.jpg,11,A08_18_04_W_roh_BELLY.jpg,0.5917273163795471
A08_12_15_W_roh_BELLY.jpg,12,A08_18_21_M_roh_BELLY.jpg,0.5894702076911926
A08_12_15_W_roh_BELLY.jpg,13,A05_18_05_W_roh_BELLY.jpg,0.5880355834960938
A08_12_15_W_roh_BELLY.jpg,14,A01_15_01_W_roh_BELLY.jpg,0.587828516960144
A08_12_15_W_roh_BELLY.jpg,15,IMG-20250910-WA0064_BELLY.jpg,0.5852503180503845
A08_12_15_W_roh_BELLY.jpg,16,IMG_20250717_113844_BELLY.jpg,0.5847200751304626
A08_12_15_W_roh_BELLY.jpg,17,A04_15_06_M_roh_BELLY.jpg,0.5839178562164307
A08_12_15_W_roh_BELLY.jpg,18,A08_18_14_M_roh_BELLY.jpg,0.576464831829071
A08_12_15_W_roh_BELLY.jpg,19,A08_18_12_W_roh_BELLY.jpg,0.5747925043106079
A08_12_15_W_roh_BELLY.jpg,20,A08_18_03_W_roh_BELLY.jpg,0.5687453746795654
A08_15_03_W_roh_BELLY.jpg,1,A07_09_03_W_roh_BELLY.jpg,0.6915763020515442
A08_15_03_W_roh_BELLY.jpg,2,A06_15_03_W_roh_BELLY.jpg,0.5732884407043457
A08_15_03_W_roh_BELLY.jpg,3,A06_12_04_W_roh_BELLY.jpg,0.5565423369407654
A08_15_03_W_roh_BELLY.jpg,4,A08_06_10_M_roh_BELLY.jpg,0.5544097423553467
A08_15_03_W_roh_BELLY.jpg,5,A01_08_01_W_roh_BELLY.jpg,0.5513490438461304
A08_15_03_W_roh_BELLY.jpg,6,A08_15_07_W_roh_BELLY.jpg,0.5478259325027466
A08_15_03_W_roh_BELLY.jpg,7,A04_17_01_W_roh_BELLY.jpg,0.5476669669151306
A08_15_03_W_roh_BELLY.jpg,8,A04_15_06_M_roh_BELLY.jpg,0.5427913069725037
A08_15_03_W_roh_BELLY.jpg,9,IMG-20250626-WA0014_BELLY.jpg,0.5422877669334412
A08_15_03_W_roh_BELLY.jpg,10,IMG_20250717_113156_BELLY.jpg,0.5360730290412903
A08_15_03_W_roh_BELLY.jpg,11,IMG_20250717_112327_BELLY.jpg,0.5346773862838745
A08_15_03_W_roh_BELLY.jpg,12,A04_17_02_W_roh_BELLY.jpg,0.5310158729553223
A08_15_03_W_roh_BELLY.jpg,13,IMG-20250626-WA0015_BELLY.jpg,0.5300999283790588
A08_15_03_W_roh_BELLY.jpg,14,A07_17_06_W_roh_BELLY.jpg,0.5300540328025818
A08_15_03_W_roh_BELLY.jpg,15,A04_12_04_W_roh_BELLY.jpg,0.5281928777694702
A08_15_03_W_roh_BELLY.jpg,16,A01_05_03_W_roh_BELLY.jpg,0.527794599533081
A08_15_03_W_roh_BELLY.jpg,17,A06_14_02_W_roh_BELLY.jpg,0.5267148613929749
A08_15_03_W_roh_BELLY.jpg,18,AT01_03_02_W_roh_BELLY.jpg,0.5264725685119629
A08_15_03_W_roh_BELLY.jpg,19,A08_18_12_W_roh_BELLY.jpg,0.5256659984588623
A08_15_03_W_roh_BELLY.jpg,20,A06_08_04_W_roh_BELLY.jpg,0.524451732635498
A08_15_04_M_roh_BELLY.jpg,1,IMG-20250626-WA0025_BELLY.jpg,0.7592300772666931
A08_15_04_M_roh_BELLY.jpg,2,IMG-20250626-WA0024_BELLY.jpg,0.7408122420310974
A08_15_04_M_roh_BELLY.jpg,3,A08_15_14_W_roh_BELLY.jpg,0.6835519075393677
A08_15_04_M_roh_BELLY.jpg,4,A08_18_22_W_roh_BELLY.jpg,0.6742253303527832
A08_15_04_M_roh_BELLY.jpg,5,A08_12_13_W_roh_BELLY.jpg,0.6702333688735962
A08_15_04_M_roh_BELLY.jpg,6,IMG_20250807_104159_BELLY.jpg,0.6688892841339111
A08_15_04_M_roh_BELLY.jpg,7,A04_12_04_W_roh_BELLY.jpg,0.6648839116096497
A08_15_04_M_roh_BELLY.jpg,8,A03_12_03_M_roh_BELLY.jpg,0.6468091011047363
A08_15_04_M_roh_BELLY.jpg,9,IMG_20250717_110833_BELLY.jpg,0.6443523168563843
A08_15_04_M_roh_BELLY.jpg,10,A04_03_01_W_roh_BELLY.jpg,0.6430071592330933
A08_15_04_M_roh_BELLY.jpg,11,IMG_20250717_113156_BELLY.jpg,0.640788733959198
A08_15_04_M_roh_BELLY.jpg,12,A05_18_07_W_roh_BELLY.jpg,0.6394996643066406
A08_15_04_M_roh_BELLY.jpg,13,A08_18_06_W_roh_BELLY.jpg,0.6393276453018188
A08_15_04_M_roh_BELLY.jpg,14,IMG-20250910-WA0062_BELLY.jpg,0.6353512406349182
A08_15_04_M_roh_BELLY.jpg,15,IMG-20250626-WA0013_BELLY.jpg,0.6338180303573608
A08_15_04_M_roh_BELLY.jpg,16,A05_18_06_W_roh_BELLY.jpg,0.6337077021598816
A08_15_04_M_roh_BELLY.jpg,17,IMG-20250919-WA0012_BELLY.jpg,0.6323840618133545
A08_15_04_M_roh_BELLY.jpg,18,A05_18_04_W_roh_BELLY.jpg,0.6302741765975952
A08_15_04_M_roh_BELLY.jpg,19,A06_12_01_W_roh_BELLY.jpg,0.6252597570419312
A08_15_04_M_roh_BELLY.jpg,20,A08_18_13_W_roh_BELLY.jpg,0.6249364614486694
A08_15_05_M_roh_BELLY.jpg,1,IMG_20250717_111215_BELLY.jpg,0.8005704283714294
A08_15_05_M_roh_BELLY.jpg,2,IMG-20250910-WA0062_BELLY.jpg,0.7233700752258301
A08_15_05_M_roh_BELLY.jpg,3,A06_12_01_W_roh_BELLY.jpg,0.6370248794555664
A08_15_05_M_roh_BELLY.jpg,4,A04_12_04_W_roh_BELLY.jpg,0.6322237849235535
A08_15_05_M_roh_BELLY.jpg,5,A02_06_03_M_roh_BELLY.jpg,0.6275092959403992
A08_15_05_M_roh_BELLY.jpg,6,A01_12_01_M_roh_BELLY.jpg,0.6212837100028992
A08_15_05_M_roh_BELLY.jpg,7,A01_17_01_W_roh_BELLY.jpg,0.6202391386032104
A08_15_05_M_roh_BELLY.jpg,8,A08_15_04_M_roh_BELLY.jpg,0.6177393794059753
A08_15_05_M_roh_BELLY.jpg,9,A02_03_01_W_roh_BELLY.jpg,0.6157051920890808
A08_15_05_M_roh_BELLY.jpg,10,IMG_20250717_113844_BELLY.jpg,0.6142439842224121
A08_15_05_M_roh_BELLY.jpg,11,IMG-20250626-WA0024_BELLY.jpg,0.6068370938301086
A08_15_05_M_roh_BELLY.jpg,12,A06_15_02_W_roh_BELLY.jpg,0.6065618395805359
A08_15_05_M_roh_BELLY.jpg,13,IMG-20250626-WA0025_BELLY.jpg,0.6030346155166626
A08_15_05_M_roh_BELLY.jpg,14,IMG-20250717-WA0017_BELLY.jpg,0.6030226349830627
A08_15_05_M_roh_BELLY.jpg,15,IMG-20250607-WA0006_BELLY.jpg,0.602085530757904
A08_15_05_M_roh_BELLY.jpg,16,A04_15_06_M_roh_BELLY.jpg,0.6014049649238586
A08_15_05_M_roh_BELLY.jpg,17,A04_06_01_M_roh_BELLY.jpg,0.6010255813598633
A08_15_05_M_roh_BELLY.jpg,18,A05_18_07_W_roh_BELLY.jpg,0.5991570949554443
A08_15_05_M_roh_BELLY.jpg,19,A01_18_12_M_roh_BELLY.jpg,0.5988813042640686
A08_15_05_M_roh_BELLY.jpg,20,IMG_20250717_104652_BELLY.jpg,0.598757803440094
A08_15_06_W_roh_BELLY.jpg,1,A08_18_02_W_roh_BELLY.jpg,0.7226018309593201
A08_15_06_W_roh_BELLY.jpg,2,A05_18_07_W_roh_BELLY.jpg,0.6381696462631226
A08_15_06_W_roh_BELLY.jpg,3,A04_03_01_W_roh_BELLY.jpg,0.6369914412498474
A08_15_06_W_roh_BELLY.jpg,4,IMG_20250717_104652_BELLY.jpg,0.6209312677383423
A08_15_06_W_roh_BELLY.jpg,5,IMG_20250717_104317_BELLY.jpg,0.6084097623825073
A08_15_06_W_roh_BELLY.jpg,6,IMG-20250626-WA0014_BELLY.jpg,0.6044347286224365
A08_15_06_W_roh_BELLY.jpg,7,IMG-20250626-WA0024_BELLY.jpg,0.6036815047264099
A08_15_06_W_roh_BELLY.jpg,8,IMG-20250919-WA0012_BELLY.jpg,0.6036808490753174
A08_15_06_W_roh_BELLY.jpg,9,A08_18_20_W_roh_BELLY.jpg,0.601161539554596
A08_15_06_W_roh_BELLY.jpg,10,A08_18_13_W_roh_BELLY.jpg,0.6002655029296875
A08_15_06_W_roh_BELLY.jpg,11,IMG_20250717_104525_BELLY.jpg,0.5992059111595154
A08_15_06_W_roh_BELLY.jpg,12,A01_05_03_W_roh_BELLY.jpg,0.5967079997062683
A08_15_06_W_roh_BELLY.jpg,13,A06_12_04_W_roh_BELLY.jpg,0.5962562561035156
A08_15_06_W_roh_BELLY.jpg,14,A03_12_03_M_roh_BELLY.jpg,0.5959309339523315
A08_15_06_W_roh_BELLY.jpg,15,A08_15_04_M_roh_BELLY.jpg,0.59536212682724
A08_15_06_W_roh_BELLY.jpg,16,IMG-20250626-WA0015_BELLY.jpg,0.5887821316719055
A08_15_06_W_roh_BELLY.jpg,17,IMG-20250626-WA0013_BELLY.jpg,0.5873619318008423
A08_15_06_W_roh_BELLY.jpg,18,A01_03_07_W_roh_BELLY.jpg,0.582994818687439
A08_15_06_W_roh_BELLY.jpg,19,A08_15_14_W_roh_BELLY.jpg,0.5822169184684753
A08_15_06_W_roh_BELLY.jpg,20,IMG-20250717-WA0011_BELLY.jpg,0.5812846422195435
A08_15_07_W_roh_BELLY.jpg,1,IMG-20250910-WA0064_BELLY.jpg,0.6861329674720764
A08_15_07_W_roh_BELLY.jpg,2,A01_18_07_W_roh_BELLY.jpg,0.6752915382385254
A08_15_07_W_roh_BELLY.jpg,3,A04_15_06_M_roh_BELLY.jpg,0.6722452044487
A08_15_07_W_roh_BELLY.jpg,4,A08_18_03_W_roh_BELLY.jpg,0.6686848402023315
A08_15_07_W_roh_BELLY.jpg,5,A03_18_06_W_roh_BELLY.jpg,0.6566619277000427
A08_15_07_W_roh_BELLY.jpg,6,A03_15_04_W_roh_BELLY.jpg,0.654111921787262
A08_15_07_W_roh_BELLY.jpg,7,A08_18_21_M_roh_BELLY.jpg,0.6497048735618591
A08_15_07_W_roh_BELLY.jpg,8,IMG-20250919-WA0021_BELLY.jpg,0.6482313275337219
A08_15_07_W_roh_BELLY.jpg,9,IMG-20250910-WA0022_BELLY.jpg,0.6479412913322449
A08_15_07_W_roh_BELLY.jpg,10,A01_18_14_W_roh_BELLY.jpg,0.6465790271759033
A08_15_07_W_roh_BELLY.jpg,11,A08_15_17_M_roh_BELLY.jpg,0.6465263366699219
A08_15_07_W_roh_BELLY.jpg,12,A04_17_02_W_roh_BELLY.jpg,0.640235185623169
A08_15_07_W_roh_BELLY.jpg,13,IMG-20250910-WA0023_BELLY.jpg,0.6386708617210388
A08_15_07_W_roh_BELLY.jpg,14,A06_12_04_W_roh_BELLY.jpg,0.6363664269447327
A08_15_07_W_roh_BELLY.jpg,15,IMG_20250717_112327_BELLY.jpg,0.6353709101676941
A08_15_07_W_roh_BELLY.jpg,16,IMG_20250515_113414_BELLY.jpg,0.6340919733047485
A08_15_07_W_roh_BELLY.jpg,17,A01_08_01_W_roh_BELLY.jpg,0.6319869160652161
A08_15_07_W_roh_BELLY.jpg,18,A08_18_19_W_roh_BELLY.jpg,0.6315267086029053
A08_15_07_W_roh_BELLY.jpg,19,IMG-20250607-WA0007_BELLY.jpg,0.6302276253700256
A08_15_07_W_roh_BELLY.jpg,20,IMG_20250717_110833_BELLY.jpg,0.6238871216773987
A08_15_14_W_roh_BELLY.jpg,1,A08_12_13_W_roh_BELLY.jpg,0.8193700313568115
A08_15_14_W_roh_BELLY.jpg,2,A08_15_04_M_roh_BELLY.jpg,0.6835519075393677
A08_15_14_W_roh_BELLY.jpg,3,A04_12_04_W_roh_BELLY.jpg,0.6745445132255554
A08_15_14_W_roh_BELLY.jpg,4,IMG-20250626-WA0024_BELLY.jpg,0.6742925643920898
A08_15_14_W_roh_BELLY.jpg,5,A08_18_17_W_roh_BELLY.jpg,0.6622421145439148
A08_15_14_W_roh_BELLY.jpg,6,IMG-20250626-WA0025_BELLY.jpg,0.6570331454277039
A08_15_14_W_roh_BELLY.jpg,7,A06_12_01_W_roh_BELLY.jpg,0.6518793106079102
A08_15_14_W_roh_BELLY.jpg,8,IMG-20250910-WA0017_BELLY.jpg,0.6469870805740356
A08_15_14_W_roh_BELLY.jpg,9,IMG-20250626-WA0014_BELLY.jpg,0.6442931294441223
A08_15_14_W_roh_BELLY.jpg,10,A06_15_02_W_roh_BELLY.jpg,0.643301784992218
A08_15_14_W_roh_BELLY.jpg,11,A01_18_14_W_roh_BELLY.jpg,0.6336205005645752
A08_15_14_W_roh_BELLY.jpg,12,IMG_20250717_104652_BELLY.jpg,0.6303004622459412
A08_15_14_W_roh_BELLY.jpg,13,IMG-20250919-WA0012_BELLY.jpg,0.629063069820404
A08_15_14_W_roh_BELLY.jpg,14,IMG-20250910-WA0025_BELLY.jpg,0.6279611587524414
A08_15_14_W_roh_BELLY.jpg,15,A01_15_03_W_roh_BELLY.jpg,0.6273155212402344
A08_15_14_W_roh_BELLY.jpg,16,A08_18_20_W_roh_BELLY.jpg,0.6254646182060242
A08_15_14_W_roh_BELLY.jpg,17,A02_06_03_M_roh_BELLY.jpg,0.622150719165802
A08_15_14_W_roh_BELLY.jpg,18,A06_12_04_W_roh_BELLY.jpg,0.6210016012191772
A08_15_14_W_roh_BELLY.jpg,19,IMG_20250515_121011_BELLY.jpg,0.6204636693000793
A08_15_14_W_roh_BELLY.jpg,20,A05_15_03_W_roh_BELLY.jpg,0.6199066638946533
A08_15_17_M_roh_BELLY.jpg,1,A03_15_04_W_roh_BELLY.jpg,0.6818504929542542
A08_15_17_M_roh_BELLY.jpg,2,IMG_20250717_113844_BELLY.jpg,0.6807360053062439
A08_15_17_M_roh_BELLY.jpg,3,A04_15_06_M_roh_BELLY.jpg,0.646747350692749
A08_15_17_M_roh_BELLY.jpg,4,IMG-20250910-WA0022_BELLY.jpg,0.6466156244277954
A08_15_17_M_roh_BELLY.jpg,5,A08_18_19_W_roh_BELLY.jpg,0.6465517282485962
A08_15_17_M_roh_BELLY.jpg,6,A08_15_07_W_roh_BELLY.jpg,0.6465263366699219
A08_15_17_M_roh_BELLY.jpg,7,A01_08_01_W_roh_BELLY.jpg,0.6390637159347534
A08_15_17_M_roh_BELLY.jpg,8,A08_18_03_W_roh_BELLY.jpg,0.6330255270004272
A08_15_17_M_roh_BELLY.jpg,9,IMG-20250910-WA0029_BELLY.jpg,0.6265209317207336
A08_15_17_M_roh_BELLY.jpg,10,A06_12_01_W_roh_BELLY.jpg,0.6243866682052612
A08_15_17_M_roh_BELLY.jpg,11,A04_17_01_W_roh_BELLY.jpg,0.618874192237854
A08_15_17_M_roh_BELLY.jpg,12,IMG-20250919-WA0020_BELLY.jpg,0.6135899424552917
A08_15_17_M_roh_BELLY.jpg,13,IMG-20250919-WA0021_BELLY.jpg,0.6088013648986816
A08_15_17_M_roh_BELLY.jpg,14,A08_18_08_M_roh_BELLY.jpg,0.6079903841018677
A08_15_17_M_roh_BELLY.jpg,15,IMG_20250501_132350_BELLY.jpg,0.6061567664146423
A08_15_17_M_roh_BELLY.jpg,16,A08_17_17_W_roh_BELLY.jpg,0.6059911251068115
A08_15_17_M_roh_BELLY.jpg,17,A08_18_21_M_roh_BELLY.jpg,0.6045233607292175
A08_15_17_M_roh_BELLY.jpg,18,A07_08_03_W_roh_BELLY.jpg,0.6022766828536987
A08_15_17_M_roh_BELLY.jpg,19,A08_15_21_M_roh_BELLY.jpg,0.5989298224449158
A08_15_17_M_roh_BELLY.jpg,20,A08_18_01_M_roh_BELLY.jpg,0.5968495607376099
A08_15_19_M_roh_BELLY.jpg,1,IMG_20250807_105223_BELLY.jpg,0.8108406066894531
A08_15_19_M_roh_BELLY.jpg,2,A03_18_07_M_roh_BELLY.jpg,0.6381378173828125
A08_15_19_M_roh_BELLY.jpg,3,A08_18_23_W_roh_BELLY.jpg,0.6362194418907166
A08_15_19_M_roh_BELLY.jpg,4,A02_03_02_M_roh_BELLY.jpg,0.6294270753860474
A08_15_19_M_roh_BELLY.jpg,5,A02_06_07_M_roh_BELLY.jpg,0.6244717240333557
A08_15_19_M_roh_BELLY.jpg,6,IMG-20250910-WA0023_BELLY.jpg,0.618877112865448
A08_15_19_M_roh_BELLY.jpg,7,A08_18_03_W_roh_BELLY.jpg,0.6085094809532166
A08_15_19_M_roh_BELLY.jpg,8,A04_06_02_M_roh_BELLY.jpg,0.6035866141319275
A08_15_19_M_roh_BELLY.jpg,9,IMG-20250919-WA0016_BELLY.jpg,0.6021298766136169
A08_15_19_M_roh_BELLY.jpg,10,A08_18_04_W_roh_BELLY.jpg,0.5945945978164673
A08_15_19_M_roh_BELLY.jpg,11,IMG-20250829-WA0024_BELLY.jpg,0.5932098031044006
A08_15_19_M_roh_BELLY.jpg,12,A03_15_04_W_roh_BELLY.jpg,0.5902260541915894
A08_15_19_M_roh_BELLY.jpg,13,A05_18_06_W_roh_BELLY.jpg,0.5866807699203491
A08_15_19_M_roh_BELLY.jpg,14,IMG-20250910-WA0064_BELLY.jpg,0.5866116285324097
A08_15_19_M_roh_BELLY.jpg,15,A07_08_03_W_roh_BELLY.jpg,0.58070307970047
A08_15_19_M_roh_BELLY.jpg,16,IMG-20250919-WA0021_BELLY.jpg,0.5802691578865051
A08_15_19_M_roh_BELLY.jpg,17,A08_18_21_M_roh_BELLY.jpg,0.5736097097396851
A08_15_19_M_roh_BELLY.jpg,18,A08_18_10_W_roh_BELLY.jpg,0.5729143619537354
A08_15_19_M_roh_BELLY.jpg,19,A08_15_17_M_roh_BELLY.jpg,0.5725205540657043
A08_15_19_M_roh_BELLY.jpg,20,A01_18_04_M_roh_BELLY.jpg,0.5707767605781555
A08_15_21_M_roh_BELLY.jpg,1,IMG-20250910-WA0064_BELLY.jpg,0.6838924288749695
A08_15_21_M_roh_BELLY.jpg,2,IMG_20250717_110833_BELLY.jpg,0.649169921875
A08_15_21_M_roh_BELLY.jpg,3,A04_12_04_W_roh_BELLY.jpg,0.6268845796585083
A08_15_21_M_roh_BELLY.jpg,4,A08_18_12_W_roh_BELLY.jpg,0.6232507824897766
A08_15_21_M_roh_BELLY.jpg,5,IMG-20250626-WA0024_BELLY.jpg,0.6173161864280701
A08_15_21_M_roh_BELLY.jpg,6,A01_08_01_W_roh_BELLY.jpg,0.6117461919784546
A08_15_21_M_roh_BELLY.jpg,7,A06_12_01_W_roh_BELLY.jpg,0.6070147156715393
A08_15_21_M_roh_BELLY.jpg,8,A08_15_17_M_roh_BELLY.jpg,0.5989298224449158
A08_15_21_M_roh_BELLY.jpg,9,A01_18_01_W_roh_BELLY.jpg,0.5947887897491455
A08_15_21_M_roh_BELLY.jpg,10,A08_15_07_W_roh_BELLY.jpg,0.5932654738426208
A08_15_21_M_roh_BELLY.jpg,11,A08_18_14_M_roh_BELLY.jpg,0.5910272598266602
A08_15_21_M_roh_BELLY.jpg,12,A01_17_01_W_roh_BELLY.jpg,0.5845507383346558
A08_15_21_M_roh_BELLY.jpg,13,IMG_20250515_113414_BELLY.jpg,0.5844241380691528
A08_15_21_M_roh_BELLY.jpg,14,A08_18_13_W_roh_BELLY.jpg,0.5843340158462524
A08_15_21_M_roh_BELLY.jpg,15,A08_18_22_W_roh_BELLY.jpg,0.5832610130310059
A08_15_21_M_roh_BELLY.jpg,16,A06_17_04_W_roh_BELLY.jpg,0.5826693177223206
A08_15_21_M_roh_BELLY.jpg,17,A08_15_04_M_roh_BELLY.jpg,0.5824340581893921
A08_15_21_M_roh_BELLY.jpg,18,A01_12_01_M_roh_BELLY.jpg,0.5820658206939697
A08_15_21_M_roh_BELLY.jpg,19,A07_17_03_W_roh_BELLY.jpg,0.5818290114402771
A08_15_21_M_roh_BELLY.jpg,20,IMG-20250607-WA0007_BELLY.jpg,0.5809180736541748
A08_17_17_W_roh_BELLY.jpg,1,A08_18_23_W_roh_BELLY.jpg,0.6976913809776306
A08_17_17_W_roh_BELLY.jpg,2,A07_17_03_W_roh_BELLY.jpg,0.6498591899871826
A08_17_17_W_roh_BELLY.jpg,3,A02_03_02_M_roh_BELLY.jpg,0.6404973864555359
A08_17_17_W_roh_BELLY.jpg,4,IMG-20250910-WA0064_BELLY.jpg,0.6304037570953369
A08_17_17_W_roh_BELLY.jpg,5,IMG-20250607-WA0007_BELLY.jpg,0.6150175333023071
A08_17_17_W_roh_BELLY.jpg,6,A03_15_04_W_roh_BELLY.jpg,0.614075243473053
A08_17_17_W_roh_BELLY.jpg,7,A04_17_01_W_roh_BELLY.jpg,0.6091301441192627
A08_17_17_W_roh_BELLY.jpg,8,A08_18_03_W_roh_BELLY.jpg,0.6064963936805725
A08_17_17_W_roh_BELLY.jpg,9,A08_15_17_M_roh_BELLY.jpg,0.6059911251068115
A08_17_17_W_roh_BELLY.jpg,10,IMG-20250910-WA0022_BELLY.jpg,0.605109691619873
A08_17_17_W_roh_BELLY.jpg,11,IMG-20250626-WA0024_BELLY.jpg,0.6041845679283142
A08_17_17_W_roh_BELLY.jpg,12,IMG-20250919-WA0009_BELLY.jpg,0.6012938022613525
A08_17_17_W_roh_BELLY.jpg,13,IMG-20250919-WA0012_BELLY.jpg,0.6012758016586304
A08_17_17_W_roh_BELLY.jpg,14,IMG_20250717_112327_BELLY.jpg,0.601153552532196
A08_17_17_W_roh_BELLY.jpg,15,A08_18_12_W_roh_BELLY.jpg,0.5977995991706848
A08_17_17_W_roh_BELLY.jpg,16,A07_08_04_M_roh_BELLY.jpg,0.5935236215591431
A08_17_17_W_roh_BELLY.jpg,17,A03_18_07_M_roh_BELLY.jpg,0.5915505886077881
A08_17_17_W_roh_BELLY.jpg,18,A02_08_05_M_roh_BELLY.jpg,0.5910294055938721
A08_17_17_W_roh_BELLY.jpg,19,A08_18_19_W_roh_BELLY.jpg,0.5910124778747559
A08_17_17_W_roh_BELLY.jpg,20,IMG-20250919-WA0021_BELLY.jpg,0.5882362723350525
A08_18_01_M_roh_BELLY.jpg,1,IMG_20250717_113633_BELLY.jpg,0.7391597032546997
A08_18_01_M_roh_BELLY.jpg,2,IMG-20250910-WA0029_BELLY.jpg,0.6554729342460632
A08_18_01_M_roh_BELLY.jpg,3,IMG-20250910-WA0022_BELLY.jpg,0.6441799402236938
A08_18_01_M_roh_BELLY.jpg,4,A03_15_04_W_roh_BELLY.jpg,0.6280883550643921
A08_18_01_M_roh_BELLY.jpg,5,A04_15_06_M_roh_BELLY.jpg,0.6275544166564941
A08_18_01_M_roh_BELLY.jpg,6,IMG_20250717_113844_BELLY.jpg,0.6085218787193298
A08_18_01_M_roh_BELLY.jpg,7,A08_15_17_M_roh_BELLY.jpg,0.5968495607376099
A08_18_01_M_roh_BELLY.jpg,8,A02_06_04_M_roh_BELLY.jpg,0.5955361723899841
A08_18_01_M_roh_BELLY.jpg,9,A08_18_03_W_roh_BELLY.jpg,0.593563437461853
A08_18_01_M_roh_BELLY.jpg,10,A05_18_07_W_roh_BELLY.jpg,0.5914296507835388
A08_18_01_M_roh_BELLY.jpg,11,AT01_06_03_W_roh_BELLY.jpg,0.5818067789077759
A08_18_01_M_roh_BELLY.jpg,12,A03_12_01_M_roh_BELLY.jpg,0.5806968212127686
A08_18_01_M_roh_BELLY.jpg,13,IMG_20250717_123430_BELLY.jpg,0.5786846876144409
A08_18_01_M_roh_BELLY.jpg,14,IMG_20250501_132350_BELLY.jpg,0.5772590041160583
A08_18_01_M_roh_BELLY.jpg,15,IMG-20250919-WA0009_BELLY.jpg,0.576692521572113
A08_18_01_M_roh_BELLY.jpg,16,A08_18_08_M_roh_BELLY.jpg,0.5733932256698608
A08_18_01_M_roh_BELLY.jpg,17,A06_12_01_W_roh_BELLY.jpg,0.5731225609779358
A08_18_01_M_roh_BELLY.jpg,18,A04_03_01_W_roh_BELLY.jpg,0.5709537863731384
A08_18_01_M_roh_BELLY.jpg,19,IMG-20250919-WA0020_BELLY.jpg,0.5701155662536621
A08_18_01_M_roh_BELLY.jpg,20,A02_03_01_W_roh_BELLY.jpg,0.5686861276626587
A08_18_02_W_roh_BELLY.jpg,1,A08_15_06_W_roh_BELLY.jpg,0.7226018309593201
A08_18_02_W_roh_BELLY.jpg,2,A04_03_01_W_roh_BELLY.jpg,0.618227481842041
A08_18_02_W_roh_BELLY.jpg,3,A05_18_07_W_roh_BELLY.jpg,0.6159844994544983
A08_18_02_W_roh_BELLY.jpg,4,A08_18_13_W_roh_BELLY.jpg,0.6091407537460327
A08_18_02_W_roh_BELLY.jpg,5,IMG_20250717_111516_BELLY.jpg,0.6034621000289917
A08_18_02_W_roh_BELLY.jpg,6,A06_17_04_W_roh_BELLY.jpg,0.600623369216919
A08_18_02_W_roh_BELLY.jpg,7,A03_12_03_M_roh_BELLY.jpg,0.5926573276519775
A08_18_02_W_roh_BELLY.jpg,8,A01_03_07_W_roh_BELLY.jpg,0.5919317007064819
A08_18_02_W_roh_BELLY.jpg,9,A08_15_04_M_roh_BELLY.jpg,0.5887333750724792
A08_18_02_W_roh_BELLY.jpg,10,A08_18_22_W_roh_BELLY.jpg,0.5886669158935547
A08_18_02_W_roh_BELLY.jpg,11,A08_18_20_W_roh_BELLY.jpg,0.5871376991271973
A08_18_02_W_roh_BELLY.jpg,12,IMG_20250717_105046_BELLY.jpg,0.5868770480155945
A08_18_02_W_roh_BELLY.jpg,13,A08_06_10_M_roh_BELLY.jpg,0.5837253928184509
A08_18_02_W_roh_BELLY.jpg,14,IMG-20250626-WA0024_BELLY.jpg,0.5827054977416992
A08_18_02_W_roh_BELLY.jpg,15,A04_15_04_M_roh_BELLY.jpg,0.578789472579956
A08_18_02_W_roh_BELLY.jpg,16,IMG-20250919-WA0012_BELLY.jpg,0.5751906037330627
A08_18_02_W_roh_BELLY.jpg,17,A05_15_03_W_roh_BELLY.jpg,0.5748999714851379
A08_18_02_W_roh_BELLY.jpg,18,A08_12_13_W_roh_BELLY.jpg,0.5716646313667297
A08_18_02_W_roh_BELLY.jpg,19,A08_15_14_W_roh_BELLY.jpg,0.5659818649291992
A08_18_02_W_roh_BELLY.jpg,20,A06_15_02_W_roh_BELLY.jpg,0.5605306029319763
A08_18_03_W_roh_BELLY.jpg,1,IMG_20250717_112327_BELLY.jpg,0.7895527482032776
A08_18_03_W_roh_BELLY.jpg,2,A03_15_04_W_roh_BELLY.jpg,0.6823624968528748
A08_18_03_W_roh_BELLY.jpg,3,A03_18_07_M_roh_BELLY.jpg,0.6763745546340942
A08_18_03_W_roh_BELLY.jpg,4,A08_15_07_W_roh_BELLY.jpg,0.6686848402023315
A08_18_03_W_roh_BELLY.jpg,5,A07_08_03_W_roh_BELLY.jpg,0.6615978479385376
A08_18_03_W_roh_BELLY.jpg,6,A08_18_19_W_roh_BELLY.jpg,0.6612822413444519
A08_18_03_W_roh_BELLY.jpg,7,A08_18_21_M_roh_BELLY.jpg,0.6597509384155273
A08_18_03_W_roh_BELLY.jpg,8,A04_15_06_M_roh_BELLY.jpg,0.6579077243804932
A08_18_03_W_roh_BELLY.jpg,9,IMG-20250910-WA0064_BELLY.jpg,0.6538001298904419
A08_18_03_W_roh_BELLY.jpg,10,IMG-20250910-WA0022_BELLY.jpg,0.6511159539222717
A08_18_03_W_roh_BELLY.jpg,11,IMG-20250910-WA0023_BELLY.jpg,0.6465402245521545
A08_18_03_W_roh_BELLY.jpg,12,A05_18_06_W_roh_BELLY.jpg,0.6413131356239319
A08_18_03_W_roh_BELLY.jpg,13,IMG-20250910-WA0029_BELLY.jpg,0.6378991007804871
A08_18_03_W_roh_BELLY.jpg,14,A05_18_07_W_roh_BELLY.jpg,0.6365726590156555
A08_18_03_W_roh_BELLY.jpg,15,IMG_20250717_113844_BELLY.jpg,0.6350114345550537
A08_18_03_W_roh_BELLY.jpg,16,A08_15_17_M_roh_BELLY.jpg,0.6330255270004272
A08_18_03_W_roh_BELLY.jpg,17,IMG-20250919-WA0020_BELLY.jpg,0.6317338943481445
A08_18_03_W_roh_BELLY.jpg,18,A04_03_01_W_roh_BELLY.jpg,0.6315616369247437
A08_18_03_W_roh_BELLY.jpg,19,A04_17_01_W_roh_BELLY.jpg,0.6313210129737854
A08_18_03_W_roh_BELLY.jpg,20,IMG-20250919-WA0012_BELLY.jpg,0.6310940980911255
A08_18_04_W_roh_BELLY.jpg,1,IMG_20250501_133055_BELLY.jpg,0.7037700414657593
A08_18_04_W_roh_BELLY.jpg,2,IMG-20250919-WA0021_BELLY.jpg,0.6275025606155396
A08_18_04_W_roh_BELLY.jpg,3,A08_18_21_M_roh_BELLY.jpg,0.6258216500282288
A08_18_04_W_roh_BELLY.jpg,4,IMG-20250910-WA0023_BELLY.jpg,0.6192626953125
A08_18_04_W_roh_BELLY.jpg,5,A08_15_07_W_roh_BELLY.jpg,0.6178885102272034
A08_18_04_W_roh_BELLY.jpg,6,A04_15_06_M_roh_BELLY.jpg,0.61391282081604
A08_18_04_W_roh_BELLY.jpg,7,A03_18_07_M_roh_BELLY.jpg,0.6015151739120483
A08_18_04_W_roh_BELLY.jpg,8,A08_18_03_W_roh_BELLY.jpg,0.5981469750404358
A08_18_04_W_roh_BELLY.jpg,9,A08_15_17_M_roh_BELLY.jpg,0.5965264439582825
A08_18_04_W_roh_BELLY.jpg,10,A08_15_19_M_roh_BELLY.jpg,0.5945945978164673
A08_18_04_W_roh_BELLY.jpg,11,IMG-20250910-WA0064_BELLY.jpg,0.5919628143310547
A08_18_04_W_roh_BELLY.jpg,12,A08_12_15_W_roh_BELLY.jpg,0.5917273163795471
A08_18_04_W_roh_BELLY.jpg,13,A08_18_19_W_roh_BELLY.jpg,0.5907943844795227
A08_18_04_W_roh_BELLY.jpg,14,A03_15_04_W_roh_BELLY.jpg,0.5905984044075012
A08_18_04_W_roh_BELLY.jpg,15,A02_06_07_M_roh_BELLY.jpg,0.5865954160690308
A08_18_04_W_roh_BELLY.jpg,16,A01_18_07_W_roh_BELLY.jpg,0.5861304402351379
A08_18_04_W_roh_BELLY.jpg,17,AT01_03_02_W_roh_BELLY.jpg,0.580947756767273
A08_18_04_W_roh_BELLY.jpg,18,A03_18_06_W_roh_BELLY.jpg,0.5733948945999146
A08_18_04_W_roh_BELLY.jpg,19,A08_18_10_W_roh_BELLY.jpg,0.5702680945396423
A08_18_04_W_roh_BELLY.jpg,20,A07_08_03_W_roh_BELLY.jpg,0.568346381187439
A08_18_05_W_roh_BELLY.jpg,1,A08_09_35_W_roh_BELLY.jpg,0.701081395149231
A08_18_05_W_roh_BELLY.jpg,2,A02_03_01_W_roh_BELLY.jpg,0.6372635364532471
A08_18_05_W_roh_BELLY.jpg,3,IMG-20250919-WA0012_BELLY.jpg,0.6144736409187317
A08_18_05_W_roh_BELLY.jpg,4,A08_15_07_W_roh_BELLY.jpg,0.6089337468147278
A08_18_05_W_roh_BELLY.jpg,5,A05_18_07_W_roh_BELLY.jpg,0.6053203344345093
A08_18_05_W_roh_BELLY.jpg,6,A01_18_14_W_roh_BELLY.jpg,0.6035596132278442
A08_18_05_W_roh_BELLY.jpg,7,IMG-20250910-WA0022_BELLY.jpg,0.5984830856323242
A08_18_05_W_roh_BELLY.jpg,8,A08_18_21_M_roh_BELLY.jpg,0.5947074890136719
A08_18_05_W_roh_BELLY.jpg,9,A04_15_06_M_roh_BELLY.jpg,0.5938165783882141
A08_18_05_W_roh_BELLY.jpg,10,A08_18_06_W_roh_BELLY.jpg,0.5904785394668579
A08_18_05_W_roh_BELLY.jpg,11,A04_03_01_W_roh_BELLY.jpg,0.5894538760185242
A08_18_05_W_roh_BELLY.jpg,12,A08_18_12_W_roh_BELLY.jpg,0.586996853351593
A08_18_05_W_roh_BELLY.jpg,13,A03_18_06_W_roh_BELLY.jpg,0.5868247747421265
A08_18_05_W_roh_BELLY.jpg,14,IMG_20250717_113844_BELLY.jpg,0.5854645371437073
A08_18_05_W_roh_BELLY.jpg,15,IMG-20250910-WA0064_BELLY.jpg,0.5848384499549866
A08_18_05_W_roh_BELLY.jpg,16,IMG-20250919-WA0019_BELLY.jpg,0.5844275951385498
A08_18_05_W_roh_BELLY.jpg,17,IMG-20250626-WA0024_BELLY.jpg,0.5835733413696289
A08_18_05_W_roh_BELLY.jpg,18,IMG-20250626-WA0013_BELLY.jpg,0.5793310403823853
A08_18_05_W_roh_BELLY.jpg,19,IMG-20250919-WA0009_BELLY.jpg,0.5791476368904114
A08_18_05_W_roh_BELLY.jpg,20,IMG-20250919-WA0021_BELLY.jpg,0.5790199637413025
A08_18_06_W_roh_BELLY.jpg,1,A08_06_02_SA_roh_BELLY.jpg,0.7399714589118958
A08_18_06_W_roh_BELLY.jpg,2,A01_18_14_W_roh_BELLY.jpg,0.6559009552001953
A08_18_06_W_roh_BELLY.jpg,3,A08_15_04_M_roh_BELLY.jpg,0.6393276453018188
A08_18_06_W_roh_BELLY.jpg,4,A04_03_01_W_roh_BELLY.jpg,0.6376044750213623
A08_18_06_W_roh_BELLY.jpg,5,A06_12_01_W_roh_BELLY.jpg,0.630458414554596
A08_18_06_W_roh_BELLY.jpg,6,IMG-20250626-WA0013_BELLY.jpg,0.6283527612686157
A08_18_06_W_roh_BELLY.jpg,7,AT01_03_02_W_roh_BELLY.jpg,0.6282058358192444
A08_18_06_W_roh_BELLY.jpg,8,A04_12_04_W_roh_BELLY.jpg,0.6250948309898376
A08_18_06_W_roh_BELLY.jpg,9,A05_18_07_W_roh_BELLY.jpg,0.6236904859542847
A08_18_06_W_roh_BELLY.jpg,10,IMG_20250807_104159_BELLY.jpg,0.6209911108016968
A08_18_06_W_roh_BELLY.jpg,11,A08_15_14_W_roh_BELLY.jpg,0.6163586974143982
A08_18_06_W_roh_BELLY.jpg,12,IMG_20250717_110833_BELLY.jpg,0.6138595342636108
A08_18_06_W_roh_BELLY.jpg,13,A01_15_03_W_roh_BELLY.jpg,0.6136416792869568
A08_18_06_W_roh_BELLY.jpg,14,IMG-20250626-WA0024_BELLY.jpg,0.6099081039428711
A08_18_06_W_roh_BELLY.jpg,15,IMG-20250919-WA0012_BELLY.jpg,0.6098838448524475
A08_18_06_W_roh_BELLY.jpg,16,IMG-20250626-WA0014_BELLY.jpg,0.6085888743400574
A08_18_06_W_roh_BELLY.jpg,17,A08_18_20_W_roh_BELLY.jpg,0.6083352565765381
A08_18_06_W_roh_BELLY.jpg,18,IMG-20250910-WA0062_BELLY.jpg,0.6075116395950317
A08_18_06_W_roh_BELLY.jpg,19,A06_12_04_W_roh_BELLY.jpg,0.6051684021949768
A08_18_06_W_roh_BELLY.jpg,20,IMG-20250910-WA0025_BELLY.jpg,0.6033174991607666
A08_18_08_M_roh_BELLY.jpg,1,A04_15_06_M_roh_BELLY.jpg,0.6845317482948303
A08_18_08_M_roh_BELLY.jpg,2,IMG_20250717_113844_BELLY.jpg,0.6332893967628479
A08_18_08_M_roh_BELLY.jpg,3,A08_15_17_M_roh_BELLY.jpg,0.6079903841018677
A08_18_08_M_roh_BELLY.jpg,4,A06_17_01_M_roh_-_Kopie_BELLY.jpg,0.6076152920722961
A08_18_08_M_roh_BELLY.jpg,5,A01_08_01_W_roh_BELLY.jpg,0.5993692874908447
A08_18_08_M_roh_BELLY.jpg,6,A08_18_03_W_roh_BELLY.jpg,0.5967087149620056
A08_18_08_M_roh_BELLY.jpg,7,A02_03_01_W_roh_BELLY.jpg,0.5966434478759766
A08_18_08_M_roh_BELLY.jpg,8,A03_15_04_W_roh_BELLY.jpg,0.5938428640365601
A08_18_08_M_roh_BELLY.jpg,9,A06_12_01_W_roh_BELLY.jpg,0.5877287983894348
A08_18_08_M_roh_BELLY.jpg,10,A08_18_12_W_roh_BELLY.jpg,0.5852420330047607
A08_18_08_M_roh_BELLY.jpg,11,IMG-20250910-WA0029_BELLY.jpg,0.5825375914573669
A08_18_08_M_roh_BELLY.jpg,12,IMG-20250919-WA0012_BELLY.jpg,0.5823274850845337
A08_18_08_M_roh_BELLY.jpg,13,IMG-20250919-WA0020_BELLY.jpg,0.5805384516716003
A08_18_08_M_roh_BELLY.jpg,14,IMG_20250501_132350_BELLY.jpg,0.5781926512718201
A08_18_08_M_roh_BELLY.jpg,15,A04_17_02_W_roh_BELLY.jpg,0.5763452053070068
A08_18_08_M_roh_BELLY.jpg,16,A04_17_01_W_roh_BELLY.jpg,0.573684573173523
A08_18_08_M_roh_BELLY.jpg,17,A08_18_01_M_roh_BELLY.jpg,0.5733932256698608
A08_18_08_M_roh_BELLY.jpg,18,IMG-20250910-WA0022_BELLY.jpg,0.5731077790260315
A08_18_08_M_roh_BELLY.jpg,19,A02_06_03_M_roh_BELLY.jpg,0.5722649693489075
A08_18_08_M_roh_BELLY.jpg,20,A04_12_04_W_roh_BELLY.jpg,0.5718176364898682
A08_18_09_M_roh_BELLY.jpg,1,IMG-20250910-WA0062_BELLY.jpg,0.6353206634521484
A08_18_09_M_roh_BELLY.jpg,2,A04_17_02_W_roh_BELLY.jpg,0.6253615021705627
A08_18_09_M_roh_BELLY.jpg,3,A03_18_06_W_roh_BELLY.jpg,0.6140967607498169
A08_18_09_M_roh_BELLY.jpg,4,A04_15_06_M_roh_BELLY.jpg,0.6126534938812256
A08_18_09_M_roh_BELLY.jpg,5,A02_03_01_W_roh_BELLY.jpg,0.6113560795783997
A08_18_09_M_roh_BELLY.jpg,6,A01_18_14_W_roh_BELLY.jpg,0.6087541580200195
A08_18_09_M_roh_BELLY.jpg,7,A05_18_05_W_roh_BELLY.jpg,0.5946139097213745
A08_18_09_M_roh_BELLY.jpg,8,A08_18_21_M_roh_BELLY.jpg,0.5937864780426025
A08_18_09_M_roh_BELLY.jpg,9,IMG-20250626-WA0013_BELLY.jpg,0.5934209823608398
A08_18_09_M_roh_BELLY.jpg,10,A08_15_05_M_roh_BELLY.jpg,0.5911476612091064
A08_18_09_M_roh_BELLY.jpg,11,A05_18_07_W_roh_BELLY.jpg,0.587502121925354
A08_18_09_M_roh_BELLY.jpg,12,IMG_20250717_111215_BELLY.jpg,0.5858442783355713
A08_18_09_M_roh_BELLY.jpg,13,A08_15_04_M_roh_BELLY.jpg,0.582921028137207
A08_18_09_M_roh_BELLY.jpg,14,A08_15_07_W_roh_BELLY.jpg,0.5813736319541931
A08_18_09_M_roh_BELLY.jpg,15,IMG_20250717_113844_BELLY.jpg,0.5800985097885132
A08_18_09_M_roh_BELLY.jpg,16,A08_18_19_W_roh_BELLY.jpg,0.5784277319908142
A08_18_09_M_roh_BELLY.jpg,17,IMG-20250919-WA0021_BELLY.jpg,0.5765612721443176
A08_18_09_M_roh_BELLY.jpg,18,A01_18_07_W_roh_BELLY.jpg,0.574309766292572
A08_18_09_M_roh_BELLY.jpg,19,A04_03_01_W_roh_BELLY.jpg,0.5739676356315613
A08_18_09_M_roh_BELLY.jpg,20,A04_17_01_W_roh_BELLY.jpg,0.5738126039505005
A08_18_10_W_roh_BELLY.jpg,1,IMG-20250910-WA0061_BELLY.jpg,0.8704971075057983
A08_18_10_W_roh_BELLY.jpg,2,A08_12_15_W_roh_BELLY.jpg,0.702617883682251
A08_18_10_W_roh_BELLY.jpg,3,A08_18_21_M_roh_BELLY.jpg,0.6208025217056274
A08_18_10_W_roh_BELLY.jpg,4,IMG-20250910-WA0023_BELLY.jpg,0.6193376779556274
A08_18_10_W_roh_BELLY.jpg,5,IMG-20250919-WA0021_BELLY.jpg,0.5958122611045837
A08_18_10_W_roh_BELLY.jpg,6,A01_18_07_W_roh_BELLY.jpg,0.5823764204978943
A08_18_10_W_roh_BELLY.jpg,7,A05_18_05_W_roh_BELLY.jpg,0.5746460556983948
A08_18_10_W_roh_BELLY.jpg,8,A08_15_19_M_roh_BELLY.jpg,0.5729143619537354
A08_18_10_W_roh_BELLY.jpg,9,A08_18_04_W_roh_BELLY.jpg,0.5702680945396423
A08_18_10_W_roh_BELLY.jpg,10,A08_15_07_W_roh_BELLY.jpg,0.566486656665802
A08_18_10_W_roh_BELLY.jpg,11,IMG-20250910-WA0064_BELLY.jpg,0.5653676986694336
A08_18_10_W_roh_BELLY.jpg,12,IMG-20250919-WA0016_BELLY.jpg,0.5539383292198181
A08_18_10_W_roh_BELLY.jpg,13,A02_03_01_W_roh_BELLY.jpg,0.5538081526756287
A08_18_10_W_roh_BELLY.jpg,14,A02_06_07_M_roh_BELLY.jpg,0.5478246212005615
A08_18_10_W_roh_BELLY.jpg,15,A03_18_06_W_roh_BELLY.jpg,0.5452606678009033
A08_18_10_W_roh_BELLY.jpg,16,A08_17_17_W_roh_BELLY.jpg,0.544702410697937
A08_18_10_W_roh_BELLY.jpg,17,IMG-20250919-WA0019_BELLY.jpg,0.5420335531234741
A08_18_10_W_roh_BELLY.jpg,18,A08_18_12_W_roh_BELLY.jpg,0.5365085601806641
A08_18_10_W_roh_BELLY.jpg,19,A07_08_03_W_roh_BELLY.jpg,0.5276785492897034
A08_18_10_W_roh_BELLY.jpg,20,A08_18_03_W_roh_BELLY.jpg,0.5247110724449158
A08_18_12_W_roh_BELLY.jpg,1,IMG-20250910-WA0064_BELLY.jpg,0.659255862236023
A08_18_12_W_roh_BELLY.jpg,2,IMG_20250717_110833_BELLY.jpg,0.6418666839599609
A08_18_12_W_roh_BELLY.jpg,3,IMG-20250626-WA0024_BELLY.jpg,0.6329222917556763
A08_18_12_W_roh_BELLY.jpg,4,IMG-20250919-WA0012_BELLY.jpg,0.6232932806015015
A08_18_12_W_roh_BELLY.jpg,5,A08_15_21_M_roh_BELLY.jpg,0.6232507824897766
A08_18_12_W_roh_BELLY.jpg,6,IMG-20250626-WA0025_BELLY.jpg,0.6160550117492676
A08_18_12_W_roh_BELLY.jpg,7,A04_03_01_W_roh_BELLY.jpg,0.615925133228302
A08_18_12_W_roh_BELLY.jpg,8,IMG_20250717_113844_BELLY.jpg,0.6121762990951538
A08_18_12_W_roh_BELLY.jpg,9,A01_08_01_W_roh_BELLY.jpg,0.6118407845497131
A08_18_12_W_roh_BELLY.jpg,10,A02_03_01_W_roh_BELLY.jpg,0.6095705628395081
A08_18_12_W_roh_BELLY.jpg,11,IMG_20250717_112327_BELLY.jpg,0.6091984510421753
A08_18_12_W_roh_BELLY.jpg,12,A07_17_06_W_roh_BELLY.jpg,0.6088933348655701
A08_18_12_W_roh_BELLY.jpg,13,A08_15_07_W_roh_BELLY.jpg,0.6069375872612
A08_18_12_W_roh_BELLY.jpg,14,A08_18_03_W_roh_BELLY.jpg,0.6051669120788574
A08_18_12_W_roh_BELLY.jpg,15,A04_17_01_W_roh_BELLY.jpg,0.6047369837760925
A08_18_12_W_roh_BELLY.jpg,16,A08_15_04_M_roh_BELLY.jpg,0.5991052985191345
A08_18_12_W_roh_BELLY.jpg,17,A08_17_17_W_roh_BELLY.jpg,0.5977995991706848
A08_18_12_W_roh_BELLY.jpg,18,AT01_03_02_W_roh_BELLY.jpg,0.5968641638755798
A08_18_12_W_roh_BELLY.jpg,19,IMG_20250807_104159_BELLY.jpg,0.5945954918861389
A08_18_12_W_roh_BELLY.jpg,20,A05_18_07_W_roh_BELLY.jpg,0.5898104906082153
A08_18_13_W_roh_BELLY.jpg,1,A06_12_04_W_roh_BELLY.jpg,0.6613965630531311
A08_18_13_W_roh_BELLY.jpg,2,IMG-20250626-WA0014_BELLY.jpg,0.65989089012146
A08_18_13_W_roh_BELLY.jpg,3,IMG_20250717_105046_BELLY.jpg,0.6573777794837952
A08_18_13_W_roh_BELLY.jpg,4,A01_18_14_W_roh_BELLY.jpg,0.6498756408691406
A08_18_13_W_roh_BELLY.jpg,5,A06_17_04_W_roh_BELLY.jpg,0.6489669680595398
A08_18_13_W_roh_BELLY.jpg,6,A04_03_01_W_roh_BELLY.jpg,0.6449177265167236
A08_18_13_W_roh_BELLY.jpg,7,A06_03_01_M_roh_BELLY.jpg,0.6443705558776855
A08_18_13_W_roh_BELLY.jpg,8,A03_12_02_W_roh_BELLY.jpg,0.6408841609954834
A08_18_13_W_roh_BELLY.jpg,9,A01_18_12_M_roh_BELLY.jpg,0.6396229863166809
A08_18_13_W_roh_BELLY.jpg,10,A03_12_03_M_roh_BELLY.jpg,0.6382465362548828
A08_18_13_W_roh_BELLY.jpg,11,A05_18_07_W_roh_BELLY.jpg,0.6365875601768494
A08_18_13_W_roh_BELLY.jpg,12,IMG_20250717_104652_BELLY.jpg,0.6344690322875977
A08_18_13_W_roh_BELLY.jpg,13,IMG_20250717_113156_BELLY.jpg,0.6309787034988403
A08_18_13_W_roh_BELLY.jpg,14,IMG-20250626-WA0024_BELLY.jpg,0.6306259632110596
A08_18_13_W_roh_BELLY.jpg,15,A02_06_04_M_roh_BELLY.jpg,0.6304647922515869
A08_18_13_W_roh_BELLY.jpg,16,A04_06_01_M_roh_BELLY.jpg,0.6294012069702148
A08_18_13_W_roh_BELLY.jpg,17,A02_08_05_M_roh_BELLY.jpg,0.626815915107727
A08_18_13_W_roh_BELLY.jpg,18,IMG-20250919-WA0012_BELLY.jpg,0.6261885166168213
A08_18_13_W_roh_BELLY.jpg,19,IMG-20250626-WA0013_BELLY.jpg,0.6256479620933533
A08_18_13_W_roh_BELLY.jpg,20,A08_15_04_M_roh_BELLY.jpg,0.6249364614486694
A08_18_14_M_roh_BELLY.jpg,1,IMG_20250807_103916_BELLY.jpg,0.7553114891052246
A08_18_14_M_roh_BELLY.jpg,2,A01_17_01_W_roh_BELLY.jpg,0.628322958946228
A08_18_14_M_roh_BELLY.jpg,3,A02_03_01_W_roh_BELLY.jpg,0.6182687878608704
A08_18_14_M_roh_BELLY.jpg,4,A04_12_04_W_roh_BELLY.jpg,0.6169660091400146
A08_18_14_M_roh_BELLY.jpg,5,IMG_20250515_113414_BELLY.jpg,0.6153061389923096
A08_18_14_M_roh_BELLY.jpg,6,IMG-20250910-WA0064_BELLY.jpg,0.614287793636322
A08_18_14_M_roh_BELLY.jpg,7,IMG_20250807_104159_BELLY.jpg,0.6117053627967834
A08_18_14_M_roh_BELLY.jpg,8,A01_12_01_M_roh_BELLY.jpg,0.6114126443862915
A08_18_14_M_roh_BELLY.jpg,9,A01_15_01_W_roh_BELLY.jpg,0.61075359582901
A08_18_14_M_roh_BELLY.jpg,10,A01_18_14_W_roh_BELLY.jpg,0.6058840751647949
A08_18_14_M_roh_BELLY.jpg,11,IMG-20250626-WA0013_BELLY.jpg,0.6038556694984436
A08_18_14_M_roh_BELLY.jpg,12,A06_12_04_W_roh_BELLY.jpg,0.6015519499778748
A08_18_14_M_roh_BELLY.jpg,13,A04_15_06_M_roh_BELLY.jpg,0.6012095808982849
A08_18_14_M_roh_BELLY.jpg,14,A06_14_02_W_roh_BELLY.jpg,0.5978378653526306
A08_18_14_M_roh_BELLY.jpg,15,IMG-20250910-WA0017_BELLY.jpg,0.5974774360656738
A08_18_14_M_roh_BELLY.jpg,16,A04_06_01_M_roh_BELLY.jpg,0.5970805287361145
A08_18_14_M_roh_BELLY.jpg,17,IMG-20250919-WA0020_BELLY.jpg,0.5948432087898254
A08_18_14_M_roh_BELLY.jpg,18,IMG_20250717_113156_BELLY.jpg,0.5931893587112427
A08_18_14_M_roh_BELLY.jpg,19,IMG-20250626-WA0024_BELLY.jpg,0.5927512049674988
A08_18_14_M_roh_BELLY.jpg,20,A08_15_21_M_roh_BELLY.jpg,0.5910272598266602
A08_18_17_W_roh_BELLY.jpg,1,A08_15_14_W_roh_BELLY.jpg,0.6622421145439148
A08_18_17_W_roh_BELLY.jpg,2,A08_12_13_W_roh_BELLY.jpg,0.6368323564529419
A08_18_17_W_roh_BELLY.jpg,3,A08_18_20_W_roh_BELLY.jpg,0.6238007545471191
A08_18_17_W_roh_BELLY.jpg,4,A08_09_39_W_roh_BELLY.jpg,0.6144167184829712
A08_18_17_W_roh_BELLY.jpg,5,A06_18_04_W_roh_BELLY.jpg,0.6140730381011963
A08_18_17_W_roh_BELLY.jpg,6,IMG-20250626-WA0024_BELLY.jpg,0.6075935363769531
A08_18_17_W_roh_BELLY.jpg,7,A08_15_04_M_roh_BELLY.jpg,0.6040381193161011
A08_18_17_W_roh_BELLY.jpg,8,A04_12_04_W_roh_BELLY.jpg,0.6019404530525208
A08_18_17_W_roh_BELLY.jpg,9,A08_18_22_W_roh_BELLY.jpg,0.6012888550758362
A08_18_17_W_roh_BELLY.jpg,10,A02_06_03_M_roh_BELLY.jpg,0.5991445779800415
A08_18_17_W_roh_BELLY.jpg,11,A05_18_04_W_roh_BELLY.jpg,0.5978261828422546
A08_18_17_W_roh_BELLY.jpg,12,A03_12_03_M_roh_BELLY.jpg,0.5968929529190063
A08_18_17_W_roh_BELLY.jpg,13,IMG-20250626-WA0025_BELLY.jpg,0.5900115966796875
A08_18_17_W_roh_BELLY.jpg,14,A04_15_04_M_roh_BELLY.jpg,0.5835462808609009
A08_18_17_W_roh_BELLY.jpg,15,A06_15_03_W_roh_BELLY.jpg,0.574820876121521
A08_18_17_W_roh_BELLY.jpg,16,A04_03_01_W_roh_BELLY.jpg,0.5680635571479797
A08_18_17_W_roh_BELLY.jpg,17,A08_06_05_SA_roh_BELLY.jpg,0.5672000050544739
A08_18_17_W_roh_BELLY.jpg,18,A05_18_07_W_roh_BELLY.jpg,0.5566632747650146
A08_18_17_W_roh_BELLY.jpg,19,A08_18_02_W_roh_BELLY.jpg,0.5563530325889587
A08_18_17_W_roh_BELLY.jpg,20,IMG-20250626-WA0002_BELLY.jpg,0.5556972622871399
A08_18_18_W_roh_BELLY.jpg,1,A07_17_03_W_roh_BELLY.jpg,0.6292999386787415
A08_18_18_W_roh_BELLY.jpg,2,A08_18_13_W_roh_BELLY.jpg,0.6209444403648376
A08_18_18_W_roh_BELLY.jpg,3,A01_18_12_M_roh_BELLY.jpg,0.5944139957427979
A08_18_18_W_roh_BELLY.jpg,4,IMG_20250717_111516_BELLY.jpg,0.5921018719673157
A08_18_18_W_roh_BELLY.jpg,5,A06_03_01_M_roh_BELLY.jpg,0.5766307711601257
A08_18_18_W_roh_BELLY.jpg,6,IMG-20250626-WA0024_BELLY.jpg,0.5741268992424011
A08_18_18_W_roh_BELLY.jpg,7,IMG_20250717_123430_BELLY.jpg,0.5732424259185791
A08_18_18_W_roh_BELLY.jpg,8,IMG-20250717-WA0017_BELLY.jpg,0.572726309299469
A08_18_18_W_roh_BELLY.jpg,9,A03_12_03_M_roh_BELLY.jpg,0.5706920623779297
A08_18_18_W_roh_BELLY.jpg,10,A06_15_03_W_roh_BELLY.jpg,0.5656955242156982
A08_18_18_W_roh_BELLY.jpg,11,A07_08_04_M_roh_BELLY.jpg,0.5643006563186646
A08_18_18_W_roh_BELLY.jpg,12,A02_06_03_M_roh_BELLY.jpg,0.5639835596084595
A08_18_18_W_roh_BELLY.jpg,13,IMG_20250717_111635_BELLY.jpg,0.562411904335022
A08_18_18_W_roh_BELLY.jpg,14,IMG-20250626-WA0025_BELLY.jpg,0.5623700618743896
A08_18_18_W_roh_BELLY.jpg,15,A04_03_01_W_roh_BELLY.jpg,0.5581703186035156
A08_18_18_W_roh_BELLY.jpg,16,A08_15_04_M_roh_BELLY.jpg,0.5576451420783997
A08_18_18_W_roh_BELLY.jpg,17,A08_15_21_M_roh_BELLY.jpg,0.5547785758972168
A08_18_18_W_roh_BELLY.jpg,18,IMG-20250910-WA0064_BELLY.jpg,0.5543881058692932
A08_18_18_W_roh_BELLY.jpg,19,IMG-20250919-WA0011_BELLY.jpg,0.5539150834083557
A08_18_18_W_roh_BELLY.jpg,20,A06_15_02_W_roh_BELLY.jpg,0.5537109971046448
A08_18_19_W_roh_BELLY.jpg,1,A04_17_01_W_roh_BELLY.jpg,0.7464842796325684
A08_18_19_W_roh_BELLY.jpg,2,A08_18_21_M_roh_BELLY.jpg,0.6655234694480896
A08_18_19_W_roh_BELLY.jpg,3,A08_18_03_W_roh_BELLY.jpg,0.6612822413444519
A08_18_19_W_roh_BELLY.jpg,4,A08_15_17_M_roh_BELLY.jpg,0.6465517282485962
A08_18_19_W_roh_BELLY.jpg,5,A04_15_06_M_roh_BELLY.jpg,0.6431249976158142
A08_18_19_W_roh_BELLY.jpg,6,IMG-20250919-WA0021_BELLY.jpg,0.6405486464500427
A08_18_19_W_roh_BELLY.jpg,7,A03_15_04_W_roh_BELLY.jpg,0.6359070539474487
A08_18_19_W_roh_BELLY.jpg,8,A08_15_07_W_roh_BELLY.jpg,0.6315267086029053
A08_18_19_W_roh_BELLY.jpg,9,IMG-20250910-WA0023_BELLY.jpg,0.6224048733711243
A08_18_19_W_roh_BELLY.jpg,10,A04_17_02_W_roh_BELLY.jpg,0.6198210716247559
A08_18_19_W_roh_BELLY.jpg,11,A01_18_14_W_roh_BELLY.jpg,0.6149529218673706
A08_18_19_W_roh_BELLY.jpg,12,IMG-20250919-WA0020_BELLY.jpg,0.6119422316551208
A08_18_19_W_roh_BELLY.jpg,13,IMG-20250910-WA0064_BELLY.jpg,0.6106116771697998
A08_18_19_W_roh_BELLY.jpg,14,A06_12_04_W_roh_BELLY.jpg,0.604225754737854
A08_18_19_W_roh_BELLY.jpg,15,A05_18_05_W_roh_BELLY.jpg,0.5962313413619995
A08_18_19_W_roh_BELLY.jpg,16,IMG_20250717_112327_BELLY.jpg,0.5941517353057861
A08_18_19_W_roh_BELLY.jpg,17,A08_17_17_W_roh_BELLY.jpg,0.5910124778747559
A08_18_19_W_roh_BELLY.jpg,18,A08_18_04_W_roh_BELLY.jpg,0.5907943844795227
A08_18_19_W_roh_BELLY.jpg,19,IMG-20250910-WA0022_BELLY.jpg,0.5894976854324341
A08_18_19_W_roh_BELLY.jpg,20,IMG-20250919-WA0019_BELLY.jpg,0.587792158126831
A08_18_20_W_roh_BELLY.jpg,1,A08_12_13_W_roh_BELLY.jpg,0.6483217477798462
A08_18_20_W_roh_BELLY.jpg,2,A08_09_39_W_roh_BELLY.jpg,0.647745668888092
A08_18_20_W_roh_BELLY.jpg,3,A02_06_03_M_roh_BELLY.jpg,0.6465601921081543
A08_18_20_W_roh_BELLY.jpg,4,A01_18_12_M_roh_BELLY.jpg,0.6434026956558228
A08_18_20_W_roh_BELLY.jpg,5,IMG-20250626-WA0014_BELLY.jpg,0.6382315158843994
A08_18_20_W_roh_BELLY.jpg,6,A04_12_04_W_roh_BELLY.jpg,0.6359850764274597
A08_18_20_W_roh_BELLY.jpg,7,IMG-20250910-WA0017_BELLY.jpg,0.6294858455657959
A08_18_20_W_roh_BELLY.jpg,8,A06_18_04_W_roh_BELLY.jpg,0.6274692416191101
A08_18_20_W_roh_BELLY.jpg,9,A08_15_14_W_roh_BELLY.jpg,0.6254646182060242
A08_18_20_W_roh_BELLY.jpg,10,A08_18_17_W_roh_BELLY.jpg,0.6238007545471191
A08_18_20_W_roh_BELLY.jpg,11,IMG_20250501_132115_BELLY.jpg,0.6200380921363831
A08_18_20_W_roh_BELLY.jpg,12,A08_18_13_W_roh_BELLY.jpg,0.6179678440093994
A08_18_20_W_roh_BELLY.jpg,13,IMG_20250515_113414_BELLY.jpg,0.6175925135612488
A08_18_20_W_roh_BELLY.jpg,14,A05_18_07_W_roh_BELLY.jpg,0.6146561503410339
A08_18_20_W_roh_BELLY.jpg,15,IMG_20250515_121011_BELLY.jpg,0.6091551184654236
A08_18_20_W_roh_BELLY.jpg,16,A08_18_06_W_roh_BELLY.jpg,0.6083352565765381
A08_18_20_W_roh_BELLY.jpg,17,IMG_20250717_104652_BELLY.jpg,0.6060833930969238
A08_18_20_W_roh_BELLY.jpg,18,A08_15_04_M_roh_BELLY.jpg,0.6053234338760376
A08_18_20_W_roh_BELLY.jpg,19,A06_12_04_W_roh_BELLY.jpg,0.6051970720291138
A08_18_20_W_roh_BELLY.jpg,20,A03_12_03_M_roh_BELLY.jpg,0.6049047112464905
A08_18_21_M_roh_BELLY.jpg,1,IMG-20250919-WA0021_BELLY.jpg,0.8250316977500916
A08_18_21_M_roh_BELLY.jpg,2,A05_18_05_W_roh_BELLY.jpg,0.6934326887130737
A08_18_21_M_roh_BELLY.jpg,3,IMG-20250910-WA0023_BELLY.jpg,0.6761990785598755
A08_18_21_M_roh_BELLY.jpg,4,A08_18_19_W_roh_BELLY.jpg,0.6655234694480896
A08_18_21_M_roh_BELLY.jpg,5,A01_18_07_W_roh_BELLY.jpg,0.6607036590576172
A08_18_21_M_roh_BELLY.jpg,6,A08_18_03_W_roh_BELLY.jpg,0.6597509384155273
A08_18_21_M_roh_BELLY.jpg,7,A04_15_06_M_roh_BELLY.jpg,0.6595796942710876
A08_18_21_M_roh_BELLY.jpg,8,A08_15_07_W_roh_BELLY.jpg,0.6497048735618591
A08_18_21_M_roh_BELLY.jpg,9,IMG-20250919-WA0020_BELLY.jpg,0.6383788585662842
A08_18_21_M_roh_BELLY.jpg,10,IMG-20250919-WA0019_BELLY.jpg,0.6377802491188049
A08_18_21_M_roh_BELLY.jpg,11,IMG-20250910-WA0064_BELLY.jpg,0.6344800591468811
A08_18_21_M_roh_BELLY.jpg,12,A02_03_01_W_roh_BELLY.jpg,0.6318414807319641
A08_18_21_M_roh_BELLY.jpg,13,A04_17_02_W_roh_BELLY.jpg,0.6315134167671204
A08_18_21_M_roh_BELLY.jpg,14,A08_18_04_W_roh_BELLY.jpg,0.6258216500282288
A08_18_21_M_roh_BELLY.jpg,15,IMG_20250717_112327_BELLY.jpg,0.6214323043823242
A08_18_21_M_roh_BELLY.jpg,16,A08_18_10_W_roh_BELLY.jpg,0.6208025217056274
A08_18_21_M_roh_BELLY.jpg,17,IMG-20250626-WA0013_BELLY.jpg,0.6152316331863403
A08_18_21_M_roh_BELLY.jpg,18,IMG-20250910-WA0022_BELLY.jpg,0.6117883920669556
A08_18_21_M_roh_BELLY.jpg,19,A03_18_06_W_roh_BELLY.jpg,0.6112097501754761
A08_18_21_M_roh_BELLY.jpg,20,A01_18_14_W_roh_BELLY.jpg,0.6098015308380127
A08_18_22_W_roh_BELLY.jpg,1,IMG-20250626-WA0024_BELLY.jpg,0.7082903385162354
A08_18_22_W_roh_BELLY.jpg,2,A08_15_04_M_roh_BELLY.jpg,0.6742253303527832
A08_18_22_W_roh_BELLY.jpg,3,IMG-20250626-WA0025_BELLY.jpg,0.6510322093963623
A08_18_22_W_roh_BELLY.jpg,4,A04_12_04_W_roh_BELLY.jpg,0.6241701245307922
A08_18_22_W_roh_BELLY.jpg,5,A05_12_03_W_roh_BELLY.jpg,0.6198225021362305
A08_18_22_W_roh_BELLY.jpg,6,A08_15_14_W_roh_BELLY.jpg,0.6139344573020935
A08_18_22_W_roh_BELLY.jpg,7,A05_18_04_W_roh_BELLY.jpg,0.6069999933242798
A08_18_22_W_roh_BELLY.jpg,8,A08_18_17_W_roh_BELLY.jpg,0.6012888550758362
A08_18_22_W_roh_BELLY.jpg,9,IMG_20250717_110833_BELLY.jpg,0.6007486581802368
A08_18_22_W_roh_BELLY.jpg,10,A08_12_13_W_roh_BELLY.jpg,0.5948613882064819
A08_18_22_W_roh_BELLY.jpg,11,A05_18_07_W_roh_BELLY.jpg,0.5910395383834839
A08_18_22_W_roh_BELLY.jpg,12,A04_03_01_W_roh_BELLY.jpg,0.590415358543396
A08_18_22_W_roh_BELLY.jpg,13,A08_18_02_W_roh_BELLY.jpg,0.5886669158935547
A08_18_22_W_roh_BELLY.jpg,14,A08_18_12_W_roh_BELLY.jpg,0.5863267779350281
A08_18_22_W_roh_BELLY.jpg,15,IMG-20250919-WA0012_BELLY.jpg,0.5856711268424988
A08_18_22_W_roh_BELLY.jpg,16,IMG_20250807_104159_BELLY.jpg,0.5850820541381836
A08_18_22_W_roh_BELLY.jpg,17,A08_15_21_M_roh_BELLY.jpg,0.5832610130310059
A08_18_22_W_roh_BELLY.jpg,18,A06_12_04_W_roh_BELLY.jpg,0.5831598043441772
A08_18_22_W_roh_BELLY.jpg,19,A05_18_06_W_roh_BELLY.jpg,0.5827757716178894
A08_18_22_W_roh_BELLY.jpg,20,A03_12_03_M_roh_BELLY.jpg,0.5821816921234131
A08_18_23_W_roh_BELLY.jpg,1,IMG-20250607-WA0007_BELLY.jpg,0.715600848197937
A08_18_23_W_roh_BELLY.jpg,2,A02_03_02_M_roh_BELLY.jpg,0.7024340629577637
A08_18_23_W_roh_BELLY.jpg,3,A08_17_17_W_roh_BELLY.jpg,0.6976913809776306
A08_18_23_W_roh_BELLY.jpg,4,A03_18_07_M_roh_BELLY.jpg,0.6871071457862854
A08_18_23_W_roh_BELLY.jpg,5,A08_15_19_M_roh_BELLY.jpg,0.6362194418907166
A08_18_23_W_roh_BELLY.jpg,6,IMG_20250717_112327_BELLY.jpg,0.6234945058822632
A08_18_23_W_roh_BELLY.jpg,7,A08_18_03_W_roh_BELLY.jpg,0.6226480007171631
A08_18_23_W_roh_BELLY.jpg,8,IMG-20250919-WA0012_BELLY.jpg,0.6223212480545044
A08_18_23_W_roh_BELLY.jpg,9,A05_18_06_W_roh_BELLY.jpg,0.617942750453949
A08_18_23_W_roh_BELLY.jpg,10,A06_03_01_M_roh_BELLY.jpg,0.6128168702125549
A08_18_23_W_roh_BELLY.jpg,11,IMG-20250626-WA0013_BELLY.jpg,0.6092570424079895
A08_18_23_W_roh_BELLY.jpg,12,A08_18_13_W_roh_BELLY.jpg,0.607620120048523
A08_18_23_W_roh_BELLY.jpg,13,A06_12_04_W_roh_BELLY.jpg,0.607231616973877
A08_18_23_W_roh_BELLY.jpg,14,A03_15_04_W_roh_BELLY.jpg,0.606713593006134
A08_18_23_W_roh_BELLY.jpg,15,A01_15_03_W_roh_BELLY.jpg,0.6024357080459595
A08_18_23_W_roh_BELLY.jpg,16,IMG_20250807_105820_BELLY.jpg,0.6008265018463135
A08_18_23_W_roh_BELLY.jpg,17,IMG-20250919-WA0021_BELLY.jpg,0.6004554033279419
A08_18_23_W_roh_BELLY.jpg,18,A01_18_14_W_roh_BELLY.jpg,0.6004360914230347
A08_18_23_W_roh_BELLY.jpg,19,A04_03_01_W_roh_BELLY.jpg,0.6001213788986206
A08_18_23_W_roh_BELLY.jpg,20,A02_08_05_M_roh_BELLY.jpg,0.5982473492622375
AT01_03_01_W_roh_BELLY.jpg,1,A08_18_21_M_roh_BELLY.jpg,0.6042614579200745
AT01_03_01_W_roh_BELLY.jpg,2,IMG-20250919-WA0021_BELLY.jpg,0.6014626026153564
AT01_03_01_W_roh_BELLY.jpg,3,A08_15_07_W_roh_BELLY.jpg,0.5923658609390259
AT01_03_01_W_roh_BELLY.jpg,4,IMG-20250919-WA0012_BELLY.jpg,0.589396595954895
AT01_03_01_W_roh_BELLY.jpg,5,IMG_20250717_113844_BELLY.jpg,0.5830186605453491
AT01_03_01_W_roh_BELLY.jpg,6,A02_03_01_W_roh_BELLY.jpg,0.5817102789878845
AT01_03_01_W_roh_BELLY.jpg,7,A08_15_05_M_roh_BELLY.jpg,0.581540584564209
AT01_03_01_W_roh_BELLY.jpg,8,A05_18_05_W_roh_BELLY.jpg,0.5765489339828491
AT01_03_01_W_roh_BELLY.jpg,9,A04_15_06_M_roh_BELLY.jpg,0.575505793094635
AT01_03_01_W_roh_BELLY.jpg,10,A04_06_01_M_roh_BELLY.jpg,0.575288712978363
AT01_03_01_W_roh_BELLY.jpg,11,A01_05_03_W_roh_BELLY.jpg,0.5749676823616028
AT01_03_01_W_roh_BELLY.jpg,12,IMG-20250717-WA0013_BELLY.jpg,0.5729437470436096
AT01_03_01_W_roh_BELLY.jpg,13,IMG-20250919-WA0019_BELLY.jpg,0.5724797248840332
AT01_03_01_W_roh_BELLY.jpg,14,IMG-20250910-WA0016_BELLY.jpg,0.5702967047691345
AT01_03_01_W_roh_BELLY.jpg,15,A04_03_01_W_roh_BELLY.jpg,0.5659388899803162
AT01_03_01_W_roh_BELLY.jpg,16,A08_18_03_W_roh_BELLY.jpg,0.5621368288993835
AT01_03_01_W_roh_BELLY.jpg,17,A01_18_07_W_roh_BELLY.jpg,0.5551838278770447
AT01_03_01_W_roh_BELLY.jpg,18,IMG-20250910-WA0064_BELLY.jpg,0.5542842149734497
AT01_03_01_W_roh_BELLY.jpg,19,IMG-20250919-WA0020_BELLY.jpg,0.552876353263855
AT01_03_01_W_roh_BELLY.jpg,20,A05_18_07_W_roh_BELLY.jpg,0.5526953935623169
AT01_03_02_W_roh_BELLY.jpg,1,A08_18_06_W_roh_BELLY.jpg,0.6282058358192444
AT01_03_02_W_roh_BELLY.jpg,2,IMG_20250717_110833_BELLY.jpg,0.6128186583518982
AT01_03_02_W_roh_BELLY.jpg,3,A02_03_01_W_roh_BELLY.jpg,0.6067097187042236
AT01_03_02_W_roh_BELLY.jpg,4,A08_18_03_W_roh_BELLY.jpg,0.5988666415214539
AT01_03_02_W_roh_BELLY.jpg,5,IMG-20250919-WA0021_BELLY.jpg,0.5976484417915344
AT01_03_02_W_roh_BELLY.jpg,6,A08_18_12_W_roh_BELLY.jpg,0.5968641638755798
AT01_03_02_W_roh_BELLY.jpg,7,IMG-20250910-WA0062_BELLY.jpg,0.5949978232383728
AT01_03_02_W_roh_BELLY.jpg,8,A04_15_06_M_roh_BELLY.jpg,0.592062771320343
AT01_03_02_W_roh_BELLY.jpg,9,A03_18_07_M_roh_BELLY.jpg,0.5887218713760376
AT01_03_02_W_roh_BELLY.jpg,10,IMG-20250910-WA0023_BELLY.jpg,0.5883676409721375
AT01_03_02_W_roh_BELLY.jpg,11,A08_15_07_W_roh_BELLY.jpg,0.5875352621078491
AT01_03_02_W_roh_BELLY.jpg,12,IMG-20250910-WA0064_BELLY.jpg,0.5860834717750549
AT01_03_02_W_roh_BELLY.jpg,13,IMG-20250626-WA0013_BELLY.jpg,0.5845217108726501
AT01_03_02_W_roh_BELLY.jpg,14,A08_18_04_W_roh_BELLY.jpg,0.580947756767273
AT01_03_02_W_roh_BELLY.jpg,15,A04_12_02_M_roh_BELLY.jpg,0.5769201517105103
AT01_03_02_W_roh_BELLY.jpg,16,A05_18_07_W_roh_BELLY.jpg,0.576190710067749
AT01_03_02_W_roh_BELLY.jpg,17,A06_03_02_W_roh_BELLY.jpg,0.5761863589286804
AT01_03_02_W_roh_BELLY.jpg,18,A01_15_01_W_roh_BELLY.jpg,0.5748627781867981
AT01_03_02_W_roh_BELLY.jpg,19,IMG-20250919-WA0020_BELLY.jpg,0.5745235681533813
AT01_03_02_W_roh_BELLY.jpg,20,A04_17_01_W_roh_BELLY.jpg,0.5732800364494324
AT01_06_03_W_roh_BELLY.jpg,1,A02_03_01_W_roh_BELLY.jpg,0.6242607235908508
AT01_06_03_W_roh_BELLY.jpg,2,IMG-20250910-WA0064_BELLY.jpg,0.6129338145256042
AT01_06_03_W_roh_BELLY.jpg,3,IMG-20250626-WA0013_BELLY.jpg,0.6099098324775696
AT01_06_03_W_roh_BELLY.jpg,4,IMG_20250807_104159_BELLY.jpg,0.6073828935623169
AT01_06_03_W_roh_BELLY.jpg,5,IMG-20250626-WA0025_BELLY.jpg,0.6028656363487244
AT01_06_03_W_roh_BELLY.jpg,6,A04_15_06_M_roh_BELLY.jpg,0.6023434400558472
AT01_06_03_W_roh_BELLY.jpg,7,A01_18_14_W_roh_BELLY.jpg,0.6004807353019714
AT01_06_03_W_roh_BELLY.jpg,8,A04_06_01_M_roh_BELLY.jpg,0.5980024933815002
AT01_06_03_W_roh_BELLY.jpg,9,A02_06_04_M_roh_BELLY.jpg,0.5961783528327942
AT01_06_03_W_roh_BELLY.jpg,10,A01_17_01_W_roh_BELLY.jpg,0.5935753583908081
AT01_06_03_W_roh_BELLY.jpg,11,A08_18_03_W_roh_BELLY.jpg,0.5929030179977417
AT01_06_03_W_roh_BELLY.jpg,12,A08_18_21_M_roh_BELLY.jpg,0.5922136306762695
AT01_06_03_W_roh_BELLY.jpg,13,A04_03_01_W_roh_BELLY.jpg,0.5904243588447571
AT01_06_03_W_roh_BELLY.jpg,14,A06_15_02_W_roh_BELLY.jpg,0.5898060202598572
AT01_06_03_W_roh_BELLY.jpg,15,A01_03_07_W_roh_BELLY.jpg,0.589727520942688
AT01_06_03_W_roh_BELLY.jpg,16,A06_12_01_W_roh_BELLY.jpg,0.589717447757721
AT01_06_03_W_roh_BELLY.jpg,17,IMG_20250717_110833_BELLY.jpg,0.5895603895187378
AT01_06_03_W_roh_BELLY.jpg,18,IMG_20250717_113844_BELLY.jpg,0.5893373489379883
AT01_06_03_W_roh_BELLY.jpg,19,A01_12_01_M_roh_BELLY.jpg,0.5886174440383911
AT01_06_03_W_roh_BELLY.jpg,20,IMG-20250626-WA0024_BELLY.jpg,0.5882760882377625
IMG-20250607-WA0003_BELLY.jpg,1,IMG-20250607-WA0006_BELLY.jpg,0.9524051547050476
IMG-20250607-WA0003_BELLY.jpg,2,A06_15_02_W_roh_BELLY.jpg,0.8682453632354736
IMG-20250607-WA0003_BELLY.jpg,3,A06_12_01_W_roh_BELLY.jpg,0.823527455329895
IMG-20250607-WA0003_BELLY.jpg,4,A06_17_02_W__roh_BELLY.jpg,0.7652192711830139
IMG-20250607-WA0003_BELLY.jpg,5,IMG-20250919-WA0012_BELLY.jpg,0.6632028222084045
IMG-20250607-WA0003_BELLY.jpg,6,IMG_20250717_112327_BELLY.jpg,0.6278270483016968
IMG-20250607-WA0003_BELLY.jpg,7,IMG-20250626-WA0025_BELLY.jpg,0.6262869238853455
IMG-20250607-WA0003_BELLY.jpg,8,IMG_20250717_111215_BELLY.jpg,0.6180145740509033
IMG-20250607-WA0003_BELLY.jpg,9,A04_03_01_W_roh_BELLY.jpg,0.6138492822647095
IMG-20250607-WA0003_BELLY.jpg,10,A01_03_07_W_roh_BELLY.jpg,0.6133906245231628
IMG-20250607-WA0003_BELLY.jpg,11,A05_18_07_W_roh_BELLY.jpg,0.6092496514320374
IMG-20250607-WA0003_BELLY.jpg,12,IMG-20250910-WA0022_BELLY.jpg,0.6075071692466736
IMG-20250607-WA0003_BELLY.jpg,13,A02_03_02_M_roh_BELLY.jpg,0.6073268055915833
IMG-20250607-WA0003_BELLY.jpg,14,IMG-20250626-WA0014_BELLY.jpg,0.6064610481262207
IMG-20250607-WA0003_BELLY.jpg,15,A08_18_03_W_roh_BELLY.jpg,0.6050260066986084
IMG-20250607-WA0003_BELLY.jpg,16,A08_15_14_W_roh_BELLY.jpg,0.6021745204925537
IMG-20250607-WA0003_BELLY.jpg,17,IMG-20250626-WA0024_BELLY.jpg,0.6020382046699524
IMG-20250607-WA0003_BELLY.jpg,18,A06_03_01_M_roh_BELLY.jpg,0.6007785201072693
IMG-20250607-WA0003_BELLY.jpg,19,IMG-20250910-WA0029_BELLY.jpg,0.5968430042266846
IMG-20250607-WA0003_BELLY.jpg,20,A08_15_04_M_roh_BELLY.jpg,0.5967118740081787
IMG-20250607-WA0006_BELLY.jpg,1,IMG-20250607-WA0003_BELLY.jpg,0.9524051547050476
IMG-20250607-WA0006_BELLY.jpg,2,A06_15_02_W_roh_BELLY.jpg,0.8590607643127441
IMG-20250607-WA0006_BELLY.jpg,3,A06_12_01_W_roh_BELLY.jpg,0.8163914680480957
IMG-20250607-WA0006_BELLY.jpg,4,A06_17_02_W__roh_BELLY.jpg,0.7437517642974854
IMG-20250607-WA0006_BELLY.jpg,5,IMG-20250919-WA0012_BELLY.jpg,0.6467819809913635
IMG-20250607-WA0006_BELLY.jpg,6,IMG-20250626-WA0025_BELLY.jpg,0.6201747059822083
IMG-20250607-WA0006_BELLY.jpg,7,IMG-20250910-WA0064_BELLY.jpg,0.608772337436676
IMG-20250607-WA0006_BELLY.jpg,8,IMG-20250626-WA0024_BELLY.jpg,0.608417272567749
IMG-20250607-WA0006_BELLY.jpg,9,IMG_20250717_111215_BELLY.jpg,0.6082294583320618
IMG-20250607-WA0006_BELLY.jpg,10,A04_03_01_W_roh_BELLY.jpg,0.6057654023170471
IMG-20250607-WA0006_BELLY.jpg,11,IMG-20250910-WA0022_BELLY.jpg,0.6052489876747131
IMG-20250607-WA0006_BELLY.jpg,12,IMG-20250910-WA0062_BELLY.jpg,0.6043302416801453
IMG-20250607-WA0006_BELLY.jpg,13,A08_18_03_W_roh_BELLY.jpg,0.6035563945770264
IMG-20250607-WA0006_BELLY.jpg,14,IMG_20250717_112327_BELLY.jpg,0.6034656763076782
IMG-20250607-WA0006_BELLY.jpg,15,A05_18_07_W_roh_BELLY.jpg,0.6033678650856018
IMG-20250607-WA0006_BELLY.jpg,16,A08_15_05_M_roh_BELLY.jpg,0.602085530757904
IMG-20250607-WA0006_BELLY.jpg,17,A01_03_07_W_roh_BELLY.jpg,0.601863443851471
IMG-20250607-WA0006_BELLY.jpg,18,IMG-20250626-WA0013_BELLY.jpg,0.6015469431877136
IMG-20250607-WA0006_BELLY.jpg,19,IMG_20250717_113844_BELLY.jpg,0.6012488007545471
IMG-20250607-WA0006_BELLY.jpg,20,IMG-20250626-WA0014_BELLY.jpg,0.6004207730293274
IMG-20250607-WA0007_BELLY.jpg,1,A08_18_23_W_roh_BELLY.jpg,0.715600848197937
IMG-20250607-WA0007_BELLY.jpg,2,IMG-20250919-WA0012_BELLY.jpg,0.6727496385574341
IMG-20250607-WA0007_BELLY.jpg,3,IMG-20250626-WA0014_BELLY.jpg,0.6525040864944458
IMG-20250607-WA0007_BELLY.jpg,4,IMG_20250717_112327_BELLY.jpg,0.637763261795044
IMG-20250607-WA0007_BELLY.jpg,5,A06_12_04_W_roh_BELLY.jpg,0.6376299858093262
IMG-20250607-WA0007_BELLY.jpg,6,A04_03_01_W_roh_BELLY.jpg,0.6372405886650085
IMG-20250607-WA0007_BELLY.jpg,7,A01_18_14_W_roh_BELLY.jpg,0.6346365213394165
IMG-20250607-WA0007_BELLY.jpg,8,IMG-20250626-WA0015_BELLY.jpg,0.630845844745636
IMG-20250607-WA0007_BELLY.jpg,9,A08_15_07_W_roh_BELLY.jpg,0.6302276253700256
IMG-20250607-WA0007_BELLY.jpg,10,IMG-20250626-WA0013_BELLY.jpg,0.6294443607330322
IMG-20250607-WA0007_BELLY.jpg,11,IMG_20250717_113156_BELLY.jpg,0.6267383694648743
IMG-20250607-WA0007_BELLY.jpg,12,IMG_20250717_104652_BELLY.jpg,0.6265664100646973
IMG-20250607-WA0007_BELLY.jpg,13,A03_18_07_M_roh_BELLY.jpg,0.6264952421188354
IMG-20250607-WA0007_BELLY.jpg,14,A01_17_01_W_roh_BELLY.jpg,0.6246231198310852
IMG-20250607-WA0007_BELLY.jpg,15,A08_18_03_W_roh_BELLY.jpg,0.6229110360145569
IMG-20250607-WA0007_BELLY.jpg,16,IMG-20250910-WA0064_BELLY.jpg,0.6209824681282043
IMG-20250607-WA0007_BELLY.jpg,17,A08_18_13_W_roh_BELLY.jpg,0.6198810338973999
IMG-20250607-WA0007_BELLY.jpg,18,IMG-20250626-WA0024_BELLY.jpg,0.6173917055130005
IMG-20250607-WA0007_BELLY.jpg,19,IMG_20250807_105820_BELLY.jpg,0.6152760982513428
IMG-20250607-WA0007_BELLY.jpg,20,A08_17_17_W_roh_BELLY.jpg,0.6150175333023071
IMG-20250626-WA0002_BELLY.jpg,1,IMG-20250626-WA0004_BELLY.jpg,0.9180695414543152
IMG-20250626-WA0002_BELLY.jpg,2,A04_12_04_W_roh_BELLY.jpg,0.6175922751426697
IMG-20250626-WA0002_BELLY.jpg,3,IMG-20250910-WA0017_BELLY.jpg,0.5876715779304504
IMG-20250626-WA0002_BELLY.jpg,4,IMG_20250807_104159_BELLY.jpg,0.5783325433731079
IMG-20250626-WA0002_BELLY.jpg,5,A02_06_03_M_roh_BELLY.jpg,0.5753440260887146
IMG-20250626-WA0002_BELLY.jpg,6,IMG_20250515_121011_BELLY.jpg,0.5734356641769409
IMG-20250626-WA0002_BELLY.jpg,7,A08_18_20_W_roh_BELLY.jpg,0.573218047618866
IMG-20250626-WA0002_BELLY.jpg,8,A08_18_14_M_roh_BELLY.jpg,0.5680238008499146
IMG-20250626-WA0002_BELLY.jpg,9,IMG-20250626-WA0024_BELLY.jpg,0.5612398386001587
IMG-20250626-WA0002_BELLY.jpg,10,A01_12_01_M_roh_BELLY.jpg,0.5594825148582458
IMG-20250626-WA0002_BELLY.jpg,11,A01_17_01_W_roh_BELLY.jpg,0.5589934587478638
IMG-20250626-WA0002_BELLY.jpg,12,A08_18_17_W_roh_BELLY.jpg,0.5556972622871399
IMG-20250626-WA0002_BELLY.jpg,13,A01_18_12_M_roh_BELLY.jpg,0.5532659888267517
IMG-20250626-WA0002_BELLY.jpg,14,A08_09_39_W_roh_BELLY.jpg,0.5515053272247314
IMG-20250626-WA0002_BELLY.jpg,15,A04_03_01_W_roh_BELLY.jpg,0.548970639705658
IMG-20250626-WA0002_BELLY.jpg,16,A08_06_08_W_roh_BELLY.jpg,0.5479924082756042
IMG-20250626-WA0002_BELLY.jpg,17,A01_18_14_W_roh_BELLY.jpg,0.5468871593475342
IMG-20250626-WA0002_BELLY.jpg,18,A08_15_14_W_roh_BELLY.jpg,0.5462110042572021
IMG-20250626-WA0002_BELLY.jpg,19,A06_14_02_W_roh_BELLY.jpg,0.5449346899986267
IMG-20250626-WA0002_BELLY.jpg,20,IMG-20250910-WA0064_BELLY.jpg,0.5437574982643127
IMG-20250626-WA0003_BELLY.jpg,1,IMG-20250626-WA0021_BELLY.jpg,0.6176196336746216
IMG-20250626-WA0003_BELLY.jpg,2,IMG-20250717-WA0013_BELLY.jpg,0.6080130934715271
IMG-20250626-WA0003_BELLY.jpg,3,A05_18_08_W_roh_BELLY.jpg,0.5761207342147827
IMG-20250626-WA0003_BELLY.jpg,4,IMG_20250717_104317_BELLY.jpg,0.5719353556632996
IMG-20250626-WA0003_BELLY.jpg,5,IMG_20250717_104652_BELLY.jpg,0.5646179914474487
IMG-20250626-WA0003_BELLY.jpg,6,IMG-20250717-WA0011_BELLY.jpg,0.563024640083313
IMG-20250626-WA0003_BELLY.jpg,7,IMG_20250807_104159_BELLY.jpg,0.5530937910079956
IMG-20250626-WA0003_BELLY.jpg,8,A07_18_01_W_roh_BELLY.jpg,0.5490126609802246
IMG-20250626-WA0003_BELLY.jpg,9,IMG-20250910-WA0017_BELLY.jpg,0.5408076643943787
IMG-20250626-WA0003_BELLY.jpg,10,IMG_20250717_104525_BELLY.jpg,0.5389155149459839
IMG-20250626-WA0003_BELLY.jpg,11,A02_03_01_W_roh_BELLY.jpg,0.5373846292495728
IMG-20250626-WA0003_BELLY.jpg,12,IMG_20250717_111215_BELLY.jpg,0.536653459072113
IMG-20250626-WA0003_BELLY.jpg,13,IMG-20250626-WA0025_BELLY.jpg,0.5347293615341187
IMG-20250626-WA0003_BELLY.jpg,14,A08_15_06_W_roh_BELLY.jpg,0.5334697365760803
IMG-20250626-WA0003_BELLY.jpg,15,IMG-20250626-WA0014_BELLY.jpg,0.5295132398605347
IMG-20250626-WA0003_BELLY.jpg,16,IMG-20250626-WA0009_BELLY.jpg,0.5294779539108276
IMG-20250626-WA0003_BELLY.jpg,17,IMG-20250717-WA0009_BELLY.jpg,0.5261756181716919
IMG-20250626-WA0003_BELLY.jpg,18,IMG-20250626-WA0013_BELLY.jpg,0.5210736393928528
IMG-20250626-WA0003_BELLY.jpg,19,A01_15_03_W_roh_BELLY.jpg,0.5186475515365601
IMG-20250626-WA0003_BELLY.jpg,20,IMG-20250919-WA0019_BELLY.jpg,0.517173171043396
IMG-20250626-WA0004_BELLY.jpg,1,IMG-20250626-WA0002_BELLY.jpg,0.9180695414543152
IMG-20250626-WA0004_BELLY.jpg,2,A04_12_04_W_roh_BELLY.jpg,0.606074333190918
IMG-20250626-WA0004_BELLY.jpg,3,IMG_20250515_121011_BELLY.jpg,0.5842303037643433
IMG-20250626-WA0004_BELLY.jpg,4,IMG-20250910-WA0017_BELLY.jpg,0.5818663835525513
IMG-20250626-WA0004_BELLY.jpg,5,A02_06_03_M_roh_BELLY.jpg,0.5683130025863647
IMG-20250626-WA0004_BELLY.jpg,6,A08_18_20_W_roh_BELLY.jpg,0.5675871968269348
IMG-20250626-WA0004_BELLY.jpg,7,A08_18_14_M_roh_BELLY.jpg,0.5653759837150574
IMG-20250626-WA0004_BELLY.jpg,8,IMG_20250807_104159_BELLY.jpg,0.5603710412979126
IMG-20250626-WA0004_BELLY.jpg,9,IMG-20250626-WA0024_BELLY.jpg,0.553967297077179
IMG-20250626-WA0004_BELLY.jpg,10,A01_12_01_M_roh_BELLY.jpg,0.5510780811309814
IMG-20250626-WA0004_BELLY.jpg,11,A01_17_01_W_roh_BELLY.jpg,0.550763726234436
IMG-20250626-WA0004_BELLY.jpg,12,IMG-20250626-WA0016_BELLY.jpg,0.5498902201652527
IMG-20250626-WA0004_BELLY.jpg,13,A08_09_39_W_roh_BELLY.jpg,0.5493158102035522
IMG-20250626-WA0004_BELLY.jpg,14,IMG-20250626-WA0020_BELLY.jpg,0.5480604767799377
IMG-20250626-WA0004_BELLY.jpg,15,A08_15_14_W_roh_BELLY.jpg,0.5464634299278259
IMG-20250626-WA0004_BELLY.jpg,16,A08_18_17_W_roh_BELLY.jpg,0.5442267060279846
IMG-20250626-WA0004_BELLY.jpg,17,A01_06_01_SA_roh_BELLY.jpg,0.5433441996574402
IMG-20250626-WA0004_BELLY.jpg,18,IMG-20250829-WA0013_BELLY.jpg,0.5391235947608948
IMG-20250626-WA0004_BELLY.jpg,19,A01_18_14_W_roh_BELLY.jpg,0.53810715675354
IMG-20250626-WA0004_BELLY.jpg,20,A04_03_01_W_roh_BELLY.jpg,0.5378947854042053
IMG-20250626-WA0006_BELLY.jpg,1,A08_18_09_M_roh_BELLY.jpg,0.49149179458618164
IMG-20250626-WA0006_BELLY.jpg,2,A04_17_02_W_roh_BELLY.jpg,0.4886118471622467
IMG-20250626-WA0006_BELLY.jpg,3,IMG-20250626-WA0021_BELLY.jpg,0.48173367977142334
IMG-20250626-WA0006_BELLY.jpg,4,A06_15_03_W_roh_BELLY.jpg,0.47928664088249207
IMG-20250626-WA0006_BELLY.jpg,5,IMG_20250717_104652_BELLY.jpg,0.47601234912872314
IMG-20250626-WA0006_BELLY.jpg,6,A04_12_04_W_roh_BELLY.jpg,0.4693070650100708
IMG-20250626-WA0006_BELLY.jpg,7,A06_08_04_W_roh_BELLY.jpg,0.4669884443283081
IMG-20250626-WA0006_BELLY.jpg,8,A08_09_35_W_roh_BELLY.jpg,0.461984783411026
IMG-20250626-WA0006_BELLY.jpg,9,A07_17_06_W_roh_BELLY.jpg,0.4571066200733185
IMG-20250626-WA0006_BELLY.jpg,10,IMG-20250626-WA0003_BELLY.jpg,0.45598870515823364
IMG-20250626-WA0006_BELLY.jpg,11,IMG_20250807_104159_BELLY.jpg,0.45164740085601807
IMG-20250626-WA0006_BELLY.jpg,12,IMG_20250717_111215_BELLY.jpg,0.45074474811553955
IMG-20250626-WA0006_BELLY.jpg,13,A06_18_04_W_roh_BELLY.jpg,0.4482739567756653
IMG-20250626-WA0006_BELLY.jpg,14,IMG-20250626-WA0015_BELLY.jpg,0.4478210210800171
IMG-20250626-WA0006_BELLY.jpg,15,IMG-20250626-WA0009_BELLY.jpg,0.44658324122428894
IMG-20250626-WA0006_BELLY.jpg,16,IMG-20250626-WA0014_BELLY.jpg,0.4462290406227112
IMG-20250626-WA0006_BELLY.jpg,17,A07_09_03_W_roh_BELLY.jpg,0.44237831234931946
IMG-20250626-WA0006_BELLY.jpg,18,A08_12_15_W_roh_BELLY.jpg,0.4421805143356323
IMG-20250626-WA0006_BELLY.jpg,19,IMG-20250919-WA0012_BELLY.jpg,0.4407180845737457
IMG-20250626-WA0006_BELLY.jpg,20,A08_18_08_M_roh_BELLY.jpg,0.4405937194824219
IMG-20250626-WA0007_BELLY.jpg,1,A01_15_06_W_roh_BELLY.jpg,0.5969294309616089
IMG-20250626-WA0007_BELLY.jpg,2,A02_06_03_M_roh_BELLY.jpg,0.5934112071990967
IMG-20250626-WA0007_BELLY.jpg,3,IMG-20250919-WA0012_BELLY.jpg,0.590341329574585
IMG-20250626-WA0007_BELLY.jpg,4,A08_06_02_SA_roh_BELLY.jpg,0.58404141664505
IMG-20250626-WA0007_BELLY.jpg,5,A08_18_20_W_roh_BELLY.jpg,0.5829459428787231
IMG-20250626-WA0007_BELLY.jpg,6,IMG_20250515_121011_BELLY.jpg,0.5806061029434204
IMG-20250626-WA0007_BELLY.jpg,7,A04_12_04_W_roh_BELLY.jpg,0.5755706429481506
IMG-20250626-WA0007_BELLY.jpg,8,IMG_20250501_132115_BELLY.jpg,0.5750761032104492
IMG-20250626-WA0007_BELLY.jpg,9,A01_06_01_SA_roh_BELLY.jpg,0.5711207389831543
IMG-20250626-WA0007_BELLY.jpg,10,A05_18_07_W_roh_BELLY.jpg,0.5671082139015198
IMG-20250626-WA0007_BELLY.jpg,11,A08_09_39_W_roh_BELLY.jpg,0.5651905536651611
IMG-20250626-WA0007_BELLY.jpg,12,IMG-20250626-WA0020_BELLY.jpg,0.5641510486602783
IMG-20250626-WA0007_BELLY.jpg,13,IMG-20250910-WA0017_BELLY.jpg,0.5641467571258545
IMG-20250626-WA0007_BELLY.jpg,14,A08_15_14_W_roh_BELLY.jpg,0.563369631767273
IMG-20250626-WA0007_BELLY.jpg,15,IMG-20250626-WA0024_BELLY.jpg,0.559688150882721
IMG-20250626-WA0007_BELLY.jpg,16,A08_12_13_W_roh_BELLY.jpg,0.559133768081665
IMG-20250626-WA0007_BELLY.jpg,17,A08_15_06_W_roh_BELLY.jpg,0.5589078068733215
IMG-20250626-WA0007_BELLY.jpg,18,A04_03_01_W_roh_BELLY.jpg,0.5573980808258057
IMG-20250626-WA0007_BELLY.jpg,19,IMG-20250607-WA0007_BELLY.jpg,0.5515956878662109
IMG-20250626-WA0007_BELLY.jpg,20,A01_18_14_W_roh_BELLY.jpg,0.5483351945877075
IMG-20250626-WA0009_BELLY.jpg,1,IMG-20250626-WA0011_BELLY.jpg,0.9115745425224304
IMG-20250626-WA0009_BELLY.jpg,2,IMG-20250626-WA0016_BELLY.jpg,0.585054874420166
IMG-20250626-WA0009_BELLY.jpg,3,IMG-20250626-WA0020_BELLY.jpg,0.5799242258071899
IMG-20250626-WA0009_BELLY.jpg,4,IMG-20250626-WA0021_BELLY.jpg,0.5774651765823364
IMG-20250626-WA0009_BELLY.jpg,5,A01_06_01_SA_roh_BELLY.jpg,0.558235764503479
IMG-20250626-WA0009_BELLY.jpg,6,A06_18_04_W_roh_BELLY.jpg,0.5576464533805847
IMG-20250626-WA0009_BELLY.jpg,7,A05_18_04_W_roh_BELLY.jpg,0.5552619695663452
IMG-20250626-WA0009_BELLY.jpg,8,A08_06_05_SA_roh_BELLY.jpg,0.5527248382568359
IMG-20250626-WA0009_BELLY.jpg,9,IMG-20250626-WA0024_BELLY.jpg,0.5466594696044922
IMG-20250626-WA0009_BELLY.jpg,10,A08_15_06_W_roh_BELLY.jpg,0.5461498498916626
IMG-20250626-WA0009_BELLY.jpg,11,IMG_20250717_104652_BELLY.jpg,0.5453552007675171
IMG-20250626-WA0009_BELLY.jpg,12,A04_12_04_W_roh_BELLY.jpg,0.5450953841209412
IMG-20250626-WA0009_BELLY.jpg,13,A08_12_13_W_roh_BELLY.jpg,0.5426586866378784
IMG-20250626-WA0009_BELLY.jpg,14,A08_15_14_W_roh_BELLY.jpg,0.538337230682373
IMG-20250626-WA0009_BELLY.jpg,15,A08_18_20_W_roh_BELLY.jpg,0.5371713042259216
IMG-20250626-WA0009_BELLY.jpg,16,A08_18_06_W_roh_BELLY.jpg,0.5368154644966125
IMG-20250626-WA0009_BELLY.jpg,17,A08_15_04_M_roh_BELLY.jpg,0.5356914401054382
IMG-20250626-WA0009_BELLY.jpg,18,IMG_20250717_104525_BELLY.jpg,0.5343042612075806
IMG-20250626-WA0009_BELLY.jpg,19,IMG-20250626-WA0025_BELLY.jpg,0.5297927856445312
IMG-20250626-WA0009_BELLY.jpg,20,IMG-20250910-WA0017_BELLY.jpg,0.5297542810440063
IMG-20250626-WA0011_BELLY.jpg,1,IMG-20250626-WA0009_BELLY.jpg,0.9115745425224304
IMG-20250626-WA0011_BELLY.jpg,2,A05_18_04_W_roh_BELLY.jpg,0.566775918006897
IMG-20250626-WA0011_BELLY.jpg,3,A08_06_05_SA_roh_BELLY.jpg,0.5603742599487305
IMG-20250626-WA0011_BELLY.jpg,4,A01_06_01_SA_roh_BELLY.jpg,0.5600112676620483
IMG-20250626-WA0011_BELLY.jpg,5,IMG-20250626-WA0020_BELLY.jpg,0.559009313583374
IMG-20250626-WA0011_BELLY.jpg,6,IMG-20250626-WA0016_BELLY.jpg,0.5566655993461609
IMG-20250626-WA0011_BELLY.jpg,7,IMG-20250626-WA0024_BELLY.jpg,0.5447437763214111
IMG-20250626-WA0011_BELLY.jpg,8,A06_18_04_W_roh_BELLY.jpg,0.5444032549858093
IMG-20250626-WA0011_BELLY.jpg,9,A04_12_04_W_roh_BELLY.jpg,0.5341575741767883
IMG-20250626-WA0011_BELLY.jpg,10,A08_18_22_W_roh_BELLY.jpg,0.5340805649757385
IMG-20250626-WA0011_BELLY.jpg,11,A08_15_04_M_roh_BELLY.jpg,0.5338385701179504
IMG-20250626-WA0011_BELLY.jpg,12,A08_15_14_W_roh_BELLY.jpg,0.5320689082145691
IMG-20250626-WA0011_BELLY.jpg,13,A08_12_13_W_roh_BELLY.jpg,0.5274823307991028
IMG-20250626-WA0011_BELLY.jpg,14,IMG-20250626-WA0021_BELLY.jpg,0.524908721446991
IMG-20250626-WA0011_BELLY.jpg,15,IMG-20250626-WA0025_BELLY.jpg,0.5242031812667847
IMG-20250626-WA0011_BELLY.jpg,16,IMG-20250626-WA0007_BELLY.jpg,0.5223692059516907
IMG-20250626-WA0011_BELLY.jpg,17,A08_18_20_W_roh_BELLY.jpg,0.5177890658378601
IMG-20250626-WA0011_BELLY.jpg,18,A08_15_06_W_roh_BELLY.jpg,0.5174112319946289
IMG-20250626-WA0011_BELLY.jpg,19,IMG-20250919-WA0012_BELLY.jpg,0.5134297609329224
IMG-20250626-WA0011_BELLY.jpg,20,A08_18_06_W_roh_BELLY.jpg,0.5128477215766907
IMG-20250626-WA0013_BELLY.jpg,1,IMG_20250807_110659_BELLY.jpg,0.8502395153045654
IMG-20250626-WA0013_BELLY.jpg,2,IMG_20250807_104159_BELLY.jpg,0.6666574478149414
IMG-20250626-WA0013_BELLY.jpg,3,A02_08_05_M_roh_BELLY.jpg,0.6578930020332336
IMG-20250626-WA0013_BELLY.jpg,4,A01_18_14_W_roh_BELLY.jpg,0.6496239900588989
IMG-20250626-WA0013_BELLY.jpg,5,IMG-20250626-WA0024_BELLY.jpg,0.6473454833030701
IMG-20250626-WA0013_BELLY.jpg,6,IMG-20250910-WA0062_BELLY.jpg,0.641234278678894
IMG-20250626-WA0013_BELLY.jpg,7,IMG-20250626-WA0025_BELLY.jpg,0.6409403085708618
IMG-20250626-WA0013_BELLY.jpg,8,A02_06_04_M_roh_BELLY.jpg,0.6374761462211609
IMG-20250626-WA0013_BELLY.jpg,9,IMG-20250910-WA0064_BELLY.jpg,0.636918306350708
IMG-20250626-WA0013_BELLY.jpg,10,A01_15_03_W_roh_BELLY.jpg,0.6340958476066589
IMG-20250626-WA0013_BELLY.jpg,11,A08_15_04_M_roh_BELLY.jpg,0.6338180303573608
IMG-20250626-WA0013_BELLY.jpg,12,IMG_20250717_113156_BELLY.jpg,0.6304956078529358
IMG-20250626-WA0013_BELLY.jpg,13,IMG-20250607-WA0007_BELLY.jpg,0.6294443607330322
IMG-20250626-WA0013_BELLY.jpg,14,A08_18_06_W_roh_BELLY.jpg,0.6283527612686157
IMG-20250626-WA0013_BELLY.jpg,15,IMG_20250717_110833_BELLY.jpg,0.6262102127075195
IMG-20250626-WA0013_BELLY.jpg,16,A08_18_13_W_roh_BELLY.jpg,0.6256479620933533
IMG-20250626-WA0013_BELLY.jpg,17,IMG-20250919-WA0012_BELLY.jpg,0.6194573044776917
IMG-20250626-WA0013_BELLY.jpg,18,A08_18_21_M_roh_BELLY.jpg,0.6152316331863403
IMG-20250626-WA0013_BELLY.jpg,19,A04_03_01_W_roh_BELLY.jpg,0.6141332387924194
IMG-20250626-WA0013_BELLY.jpg,20,A04_06_01_M_roh_BELLY.jpg,0.6137837767601013
IMG-20250626-WA0014_BELLY.jpg,1,IMG_20250717_104652_BELLY.jpg,0.8869089484214783
IMG-20250626-WA0014_BELLY.jpg,2,IMG-20250626-WA0015_BELLY.jpg,0.8556045889854431
IMG-20250626-WA0014_BELLY.jpg,3,A06_12_04_W_roh_BELLY.jpg,0.8543155789375305
IMG-20250626-WA0014_BELLY.jpg,4,A01_18_14_W_roh_BELLY.jpg,0.6880931258201599
IMG-20250626-WA0014_BELLY.jpg,5,IMG_20250717_112327_BELLY.jpg,0.6663668751716614
IMG-20250626-WA0014_BELLY.jpg,6,A06_12_01_W_roh_BELLY.jpg,0.6618595719337463
IMG-20250626-WA0014_BELLY.jpg,7,A08_18_13_W_roh_BELLY.jpg,0.65989089012146
IMG-20250626-WA0014_BELLY.jpg,8,IMG-20250919-WA0012_BELLY.jpg,0.654826283454895
IMG-20250626-WA0014_BELLY.jpg,9,IMG-20250607-WA0007_BELLY.jpg,0.6525040864944458
IMG-20250626-WA0014_BELLY.jpg,10,A03_12_02_W_roh_BELLY.jpg,0.6467001438140869
IMG-20250626-WA0014_BELLY.jpg,11,A01_15_03_W_roh_BELLY.jpg,0.6465212106704712
IMG-20250626-WA0014_BELLY.jpg,12,A08_12_13_W_roh_BELLY.jpg,0.6451797485351562
IMG-20250626-WA0014_BELLY.jpg,13,IMG_20250515_113414_BELLY.jpg,0.6444929242134094
IMG-20250626-WA0014_BELLY.jpg,14,A08_15_14_W_roh_BELLY.jpg,0.6442931294441223
IMG-20250626-WA0014_BELLY.jpg,15,A07_17_06_W_roh_BELLY.jpg,0.6437063813209534
IMG-20250626-WA0014_BELLY.jpg,16,IMG-20250717-WA0013_BELLY.jpg,0.6416916847229004
IMG-20250626-WA0014_BELLY.jpg,17,A04_15_06_M_roh_BELLY.jpg,0.6403247117996216
IMG-20250626-WA0014_BELLY.jpg,18,A06_15_02_W_roh_BELLY.jpg,0.6402398347854614
IMG-20250626-WA0014_BELLY.jpg,19,A04_17_02_W_roh_BELLY.jpg,0.6386620998382568
IMG-20250626-WA0014_BELLY.jpg,20,A08_18_20_W_roh_BELLY.jpg,0.6382315158843994
IMG-20250626-WA0015_BELLY.jpg,1,IMG-20250626-WA0014_BELLY.jpg,0.8556045889854431
IMG-20250626-WA0015_BELLY.jpg,2,IMG_20250717_104652_BELLY.jpg,0.8481972217559814
IMG-20250626-WA0015_BELLY.jpg,3,A06_12_04_W_roh_BELLY.jpg,0.8122562766075134
IMG-20250626-WA0015_BELLY.jpg,4,IMG_20250717_112327_BELLY.jpg,0.6651448011398315
IMG-20250626-WA0015_BELLY.jpg,5,IMG_20250717_113156_BELLY.jpg,0.6566611528396606
IMG-20250626-WA0015_BELLY.jpg,6,A01_18_14_W_roh_BELLY.jpg,0.6355798840522766
IMG-20250626-WA0015_BELLY.jpg,7,A07_09_03_W_roh_BELLY.jpg,0.6319700479507446
IMG-20250626-WA0015_BELLY.jpg,8,IMG-20250607-WA0007_BELLY.jpg,0.630845844745636
IMG-20250626-WA0015_BELLY.jpg,9,A04_17_02_W_roh_BELLY.jpg,0.6285141706466675
IMG-20250626-WA0015_BELLY.jpg,10,A07_17_06_W_roh_BELLY.jpg,0.6252641081809998
IMG-20250626-WA0015_BELLY.jpg,11,A08_18_13_W_roh_BELLY.jpg,0.6241149306297302
IMG-20250626-WA0015_BELLY.jpg,12,A03_12_02_W_roh_BELLY.jpg,0.6203444004058838
IMG-20250626-WA0015_BELLY.jpg,13,A06_08_04_W_roh_BELLY.jpg,0.6139434576034546
IMG-20250626-WA0015_BELLY.jpg,14,A05_18_07_W_roh_BELLY.jpg,0.611664891242981
IMG-20250626-WA0015_BELLY.jpg,15,A04_15_06_M_roh_BELLY.jpg,0.6083270311355591
IMG-20250626-WA0015_BELLY.jpg,16,IMG-20250919-WA0012_BELLY.jpg,0.607866108417511
IMG-20250626-WA0015_BELLY.jpg,17,A04_03_01_W_roh_BELLY.jpg,0.6057238578796387
IMG-20250626-WA0015_BELLY.jpg,18,IMG_20250717_111215_BELLY.jpg,0.6056191921234131
IMG-20250626-WA0015_BELLY.jpg,19,A08_12_13_W_roh_BELLY.jpg,0.6053282022476196
IMG-20250626-WA0015_BELLY.jpg,20,IMG-20250717-WA0013_BELLY.jpg,0.6019641160964966
IMG-20250626-WA0016_BELLY.jpg,1,IMG-20250626-WA0020_BELLY.jpg,0.9708284139633179
IMG-20250626-WA0016_BELLY.jpg,2,A06_18_04_W_roh_BELLY.jpg,0.6565619111061096
IMG-20250626-WA0016_BELLY.jpg,3,A08_18_20_W_roh_BELLY.jpg,0.6008535623550415
IMG-20250626-WA0016_BELLY.jpg,4,A08_06_05_SA_roh_BELLY.jpg,0.5886882543563843
IMG-20250626-WA0016_BELLY.jpg,5,IMG-20250626-WA0009_BELLY.jpg,0.585054874420166
IMG-20250626-WA0016_BELLY.jpg,6,A05_18_04_W_roh_BELLY.jpg,0.5783036947250366
IMG-20250626-WA0016_BELLY.jpg,7,A04_12_04_W_roh_BELLY.jpg,0.5722602009773254
IMG-20250626-WA0016_BELLY.jpg,8,A01_06_01_SA_roh_BELLY.jpg,0.5686489939689636
IMG-20250626-WA0016_BELLY.jpg,9,A08_12_13_W_roh_BELLY.jpg,0.5678351521492004
IMG-20250626-WA0016_BELLY.jpg,10,A08_18_14_M_roh_BELLY.jpg,0.5629878044128418
IMG-20250626-WA0016_BELLY.jpg,11,IMG-20250626-WA0022_BELLY.jpg,0.5598117113113403
IMG-20250626-WA0016_BELLY.jpg,12,IMG-20250626-WA0011_BELLY.jpg,0.5566655993461609
IMG-20250626-WA0016_BELLY.jpg,13,IMG-20250910-WA0017_BELLY.jpg,0.5560327172279358
IMG-20250626-WA0016_BELLY.jpg,14,IMG_20250515_121011_BELLY.jpg,0.5538638830184937
IMG-20250626-WA0016_BELLY.jpg,15,IMG-20250626-WA0024_BELLY.jpg,0.5515167117118835
IMG-20250626-WA0016_BELLY.jpg,16,IMG-20250626-WA0004_BELLY.jpg,0.5498902201652527
IMG-20250626-WA0016_BELLY.jpg,17,IMG_20250717_104525_BELLY.jpg,0.548494815826416
IMG-20250626-WA0016_BELLY.jpg,18,IMG-20250626-WA0007_BELLY.jpg,0.5475238561630249
IMG-20250626-WA0016_BELLY.jpg,19,A08_09_39_W_roh_BELLY.jpg,0.5456849336624146
IMG-20250626-WA0016_BELLY.jpg,20,A05_18_08_W_roh_BELLY.jpg,0.5446031093597412
IMG-20250626-WA0020_BELLY.jpg,1,IMG-20250626-WA0016_BELLY.jpg,0.9708284139633179
IMG-20250626-WA0020_BELLY.jpg,2,A06_18_04_W_roh_BELLY.jpg,0.6528322100639343
IMG-20250626-WA0020_BELLY.jpg,3,A08_18_20_W_roh_BELLY.jpg,0.6031433939933777
IMG-20250626-WA0020_BELLY.jpg,4,A08_06_05_SA_roh_BELLY.jpg,0.5841037034988403
IMG-20250626-WA0020_BELLY.jpg,5,A01_06_01_SA_roh_BELLY.jpg,0.5812302231788635
IMG-20250626-WA0020_BELLY.jpg,6,IMG-20250626-WA0009_BELLY.jpg,0.5799242258071899
IMG-20250626-WA0020_BELLY.jpg,7,A05_18_04_W_roh_BELLY.jpg,0.5795766115188599
IMG-20250626-WA0020_BELLY.jpg,8,IMG_20250515_121011_BELLY.jpg,0.579027533531189
IMG-20250626-WA0020_BELLY.jpg,9,A08_12_13_W_roh_BELLY.jpg,0.5774526000022888
IMG-20250626-WA0020_BELLY.jpg,10,A04_12_04_W_roh_BELLY.jpg,0.5748081207275391
IMG-20250626-WA0020_BELLY.jpg,11,IMG-20250626-WA0022_BELLY.jpg,0.5648056268692017
IMG-20250626-WA0020_BELLY.jpg,12,IMG-20250626-WA0007_BELLY.jpg,0.5641510486602783
IMG-20250626-WA0020_BELLY.jpg,13,IMG-20250910-WA0017_BELLY.jpg,0.5640916228294373
IMG-20250626-WA0020_BELLY.jpg,14,A08_18_14_M_roh_BELLY.jpg,0.5594266653060913
IMG-20250626-WA0020_BELLY.jpg,15,IMG-20250626-WA0011_BELLY.jpg,0.559009313583374
IMG-20250626-WA0020_BELLY.jpg,16,A08_15_14_W_roh_BELLY.jpg,0.5555471181869507
IMG-20250626-WA0020_BELLY.jpg,17,A08_09_39_W_roh_BELLY.jpg,0.5554717183113098
IMG-20250626-WA0020_BELLY.jpg,18,A08_18_17_W_roh_BELLY.jpg,0.5522226691246033
IMG-20250626-WA0020_BELLY.jpg,19,IMG-20250626-WA0024_BELLY.jpg,0.5516367554664612
IMG-20250626-WA0020_BELLY.jpg,20,A02_06_03_M_roh_BELLY.jpg,0.5507253408432007
IMG-20250626-WA0021_BELLY.jpg,1,IMG-20250626-WA0003_BELLY.jpg,0.6176196336746216
IMG-20250626-WA0021_BELLY.jpg,2,IMG_20250717_104652_BELLY.jpg,0.6107433438301086
IMG-20250626-WA0021_BELLY.jpg,3,IMG-20250717-WA0013_BELLY.jpg,0.5959799289703369
IMG-20250626-WA0021_BELLY.jpg,4,IMG-20250626-WA0009_BELLY.jpg,0.5774651765823364
IMG-20250626-WA0021_BELLY.jpg,5,IMG-20250626-WA0014_BELLY.jpg,0.5744501948356628
IMG-20250626-WA0021_BELLY.jpg,6,A01_15_03_W_roh_BELLY.jpg,0.5722641348838806
IMG-20250626-WA0021_BELLY.jpg,7,IMG_20250717_104317_BELLY.jpg,0.5706877708435059
IMG-20250626-WA0021_BELLY.jpg,8,A08_15_14_W_roh_BELLY.jpg,0.5658159255981445
IMG-20250626-WA0021_BELLY.jpg,9,A07_09_03_W_roh_BELLY.jpg,0.5655010342597961
IMG-20250626-WA0021_BELLY.jpg,10,IMG-20250626-WA0015_BELLY.jpg,0.5634391903877258
IMG-20250626-WA0021_BELLY.jpg,11,A08_15_06_W_roh_BELLY.jpg,0.5617128610610962
IMG-20250626-WA0021_BELLY.jpg,12,A02_03_01_W_roh_BELLY.jpg,0.555377721786499
IMG-20250626-WA0021_BELLY.jpg,13,A06_18_04_W_roh_BELLY.jpg,0.5525169968605042
IMG-20250626-WA0021_BELLY.jpg,14,A08_12_13_W_roh_BELLY.jpg,0.5474215149879456
IMG-20250626-WA0021_BELLY.jpg,15,A03_12_02_W_roh_BELLY.jpg,0.5461815595626831
IMG-20250626-WA0021_BELLY.jpg,16,A01_18_14_W_roh_BELLY.jpg,0.5460113286972046
IMG-20250626-WA0021_BELLY.jpg,17,A05_18_04_W_roh_BELLY.jpg,0.5458101034164429
IMG-20250626-WA0021_BELLY.jpg,18,IMG_20250717_111215_BELLY.jpg,0.5447368025779724
IMG-20250626-WA0021_BELLY.jpg,19,A07_18_01_W_roh_BELLY.jpg,0.5445816516876221
IMG-20250626-WA0021_BELLY.jpg,20,A08_12_15_W_roh_BELLY.jpg,0.544083297252655
IMG-20250626-WA0022_BELLY.jpg,1,IMG-20250910-WA0064_BELLY.jpg,0.5751917362213135
IMG-20250626-WA0022_BELLY.jpg,2,IMG_20250807_104159_BELLY.jpg,0.5737149715423584
IMG-20250626-WA0022_BELLY.jpg,3,A08_06_02_SA_roh_BELLY.jpg,0.572333574295044
IMG-20250626-WA0022_BELLY.jpg,4,A02_06_04_M_roh_BELLY.jpg,0.5714523196220398
IMG-20250626-WA0022_BELLY.jpg,5,A01_15_06_W_roh_BELLY.jpg,0.5678421854972839
IMG-20250626-WA0022_BELLY.jpg,6,IMG-20250626-WA0020_BELLY.jpg,0.5648056268692017
IMG-20250626-WA0022_BELLY.jpg,7,A04_12_04_W_roh_BELLY.jpg,0.5645779967308044
IMG-20250626-WA0022_BELLY.jpg,8,IMG-20250919-WA0012_BELLY.jpg,0.5642887949943542
IMG-20250626-WA0022_BELLY.jpg,9,A05_18_07_W_roh_BELLY.jpg,0.5623555183410645
IMG-20250626-WA0022_BELLY.jpg,10,IMG_20250717_110833_BELLY.jpg,0.5621286630630493
IMG-20250626-WA0022_BELLY.jpg,11,A08_18_05_W_roh_BELLY.jpg,0.5608125329017639
IMG-20250626-WA0022_BELLY.jpg,12,IMG-20250626-WA0016_BELLY.jpg,0.5598117113113403
IMG-20250626-WA0022_BELLY.jpg,13,IMG-20250626-WA0024_BELLY.jpg,0.5586828589439392
IMG-20250626-WA0022_BELLY.jpg,14,A01_06_01_SA_roh_BELLY.jpg,0.5586013793945312
IMG-20250626-WA0022_BELLY.jpg,15,A04_03_01_W_roh_BELLY.jpg,0.5559806823730469
IMG-20250626-WA0022_BELLY.jpg,16,A05_18_04_W_roh_BELLY.jpg,0.5553904175758362
IMG-20250626-WA0022_BELLY.jpg,17,IMG_20250515_121011_BELLY.jpg,0.553554892539978
IMG-20250626-WA0022_BELLY.jpg,18,IMG-20250626-WA0013_BELLY.jpg,0.5522828698158264
IMG-20250626-WA0022_BELLY.jpg,19,A01_17_01_W_roh_BELLY.jpg,0.5497039556503296
IMG-20250626-WA0022_BELLY.jpg,20,IMG_20250807_110659_BELLY.jpg,0.5489028692245483
IMG-20250626-WA0024_BELLY.jpg,1,IMG-20250626-WA0025_BELLY.jpg,0.8851736187934875
IMG-20250626-WA0024_BELLY.jpg,2,IMG_20250807_104159_BELLY.jpg,0.8028395771980286
IMG-20250626-WA0024_BELLY.jpg,3,A08_15_04_M_roh_BELLY.jpg,0.7408122420310974
IMG-20250626-WA0024_BELLY.jpg,4,A08_18_22_W_roh_BELLY.jpg,0.7082903385162354
IMG-20250626-WA0024_BELLY.jpg,5,A08_15_14_W_roh_BELLY.jpg,0.6742925643920898
IMG-20250626-WA0024_BELLY.jpg,6,IMG-20250919-WA0012_BELLY.jpg,0.6741612553596497
IMG-20250626-WA0024_BELLY.jpg,7,IMG-20250910-WA0064_BELLY.jpg,0.6706753373146057
IMG-20250626-WA0024_BELLY.jpg,8,IMG_20250717_110833_BELLY.jpg,0.6701464056968689
IMG-20250626-WA0024_BELLY.jpg,9,A03_12_03_M_roh_BELLY.jpg,0.657494068145752
IMG-20250626-WA0024_BELLY.jpg,10,IMG-20250626-WA0013_BELLY.jpg,0.6473454833030701
IMG-20250626-WA0024_BELLY.jpg,11,A08_12_13_W_roh_BELLY.jpg,0.6434937715530396
IMG-20250626-WA0024_BELLY.jpg,12,A04_12_04_W_roh_BELLY.jpg,0.6399031281471252
IMG-20250626-WA0024_BELLY.jpg,13,A04_03_01_W_roh_BELLY.jpg,0.6394240856170654
IMG-20250626-WA0024_BELLY.jpg,14,IMG-20250910-WA0062_BELLY.jpg,0.639035701751709
IMG-20250626-WA0024_BELLY.jpg,15,A04_06_01_M_roh_BELLY.jpg,0.638454020023346
IMG-20250626-WA0024_BELLY.jpg,16,A08_18_12_W_roh_BELLY.jpg,0.6329222917556763
IMG-20250626-WA0024_BELLY.jpg,17,A08_18_13_W_roh_BELLY.jpg,0.6306259632110596
IMG-20250626-WA0024_BELLY.jpg,18,A05_18_07_W_roh_BELLY.jpg,0.6297217607498169
IMG-20250626-WA0024_BELLY.jpg,19,A01_18_14_W_roh_BELLY.jpg,0.6258384585380554
IMG-20250626-WA0024_BELLY.jpg,20,A02_06_03_M_roh_BELLY.jpg,0.6257959008216858
IMG-20250626-WA0025_BELLY.jpg,1,IMG-20250626-WA0024_BELLY.jpg,0.8851736187934875
IMG-20250626-WA0025_BELLY.jpg,2,IMG_20250807_104159_BELLY.jpg,0.7717223167419434
IMG-20250626-WA0025_BELLY.jpg,3,A08_15_04_M_roh_BELLY.jpg,0.7592300772666931
IMG-20250626-WA0025_BELLY.jpg,4,IMG-20250919-WA0012_BELLY.jpg,0.6607720255851746
IMG-20250626-WA0025_BELLY.jpg,5,A08_15_14_W_roh_BELLY.jpg,0.6570331454277039
IMG-20250626-WA0025_BELLY.jpg,6,A08_18_22_W_roh_BELLY.jpg,0.6510322093963623
IMG-20250626-WA0025_BELLY.jpg,7,IMG-20250910-WA0062_BELLY.jpg,0.6499032974243164
IMG-20250626-WA0025_BELLY.jpg,8,A03_12_03_M_roh_BELLY.jpg,0.6431851983070374
IMG-20250626-WA0025_BELLY.jpg,9,IMG-20250626-WA0013_BELLY.jpg,0.6409403085708618
IMG-20250626-WA0025_BELLY.jpg,10,IMG-20250910-WA0064_BELLY.jpg,0.6369442939758301
IMG-20250626-WA0025_BELLY.jpg,11,IMG_20250717_110833_BELLY.jpg,0.6360114216804504
IMG-20250626-WA0025_BELLY.jpg,12,A04_03_01_W_roh_BELLY.jpg,0.6345219612121582
IMG-20250626-WA0025_BELLY.jpg,13,A08_12_13_W_roh_BELLY.jpg,0.6323285102844238
IMG-20250626-WA0025_BELLY.jpg,14,IMG-20250607-WA0003_BELLY.jpg,0.6262869238853455
IMG-20250626-WA0025_BELLY.jpg,15,IMG-20250717-WA0011_BELLY.jpg,0.6244567036628723
IMG-20250626-WA0025_BELLY.jpg,16,A05_18_07_W_roh_BELLY.jpg,0.6236448884010315
IMG-20250626-WA0025_BELLY.jpg,17,IMG-20250607-WA0006_BELLY.jpg,0.6201747059822083
IMG-20250626-WA0025_BELLY.jpg,18,A08_18_13_W_roh_BELLY.jpg,0.6199294328689575
IMG-20250626-WA0025_BELLY.jpg,19,IMG_20250807_110659_BELLY.jpg,0.6186227202415466
IMG-20250626-WA0025_BELLY.jpg,20,IMG-20250626-WA0014_BELLY.jpg,0.616762101650238
IMG-20250717-WA0009_BELLY.jpg,1,IMG_20250717_105046_BELLY.jpg,0.5865778923034668
IMG-20250717-WA0009_BELLY.jpg,2,IMG_20250717_104525_BELLY.jpg,0.5791319012641907
IMG-20250717-WA0009_BELLY.jpg,3,IMG-20250626-WA0014_BELLY.jpg,0.5772079229354858
IMG-20250717-WA0009_BELLY.jpg,4,IMG_20250717_111516_BELLY.jpg,0.5741564035415649
IMG-20250717-WA0009_BELLY.jpg,5,A06_17_04_W_roh_BELLY.jpg,0.5733506679534912
IMG-20250717-WA0009_BELLY.jpg,6,IMG-20250717-WA0011_BELLY.jpg,0.5708364248275757
IMG-20250717-WA0009_BELLY.jpg,7,A08_12_13_W_roh_BELLY.jpg,0.5691471099853516
IMG-20250717-WA0009_BELLY.jpg,8,IMG_20250717_104652_BELLY.jpg,0.5670101642608643
IMG-20250717-WA0009_BELLY.jpg,9,IMG-20250717-WA0013_BELLY.jpg,0.5667504072189331
IMG-20250717-WA0009_BELLY.jpg,10,A03_12_02_W_roh_BELLY.jpg,0.5654899477958679
IMG-20250717-WA0009_BELLY.jpg,11,IMG-20250626-WA0025_BELLY.jpg,0.5598627328872681
IMG-20250717-WA0009_BELLY.jpg,12,A05_15_03_W_roh_BELLY.jpg,0.5560126900672913
IMG-20250717-WA0009_BELLY.jpg,13,A07_17_06_W_roh_BELLY.jpg,0.5540137887001038
IMG-20250717-WA0009_BELLY.jpg,14,A08_15_04_M_roh_BELLY.jpg,0.5486895442008972
IMG-20250717-WA0009_BELLY.jpg,15,A08_06_10_M_roh_BELLY.jpg,0.5441784262657166
IMG-20250717-WA0009_BELLY.jpg,16,A01_15_03_W_roh_BELLY.jpg,0.5435241460800171
IMG-20250717-WA0009_BELLY.jpg,17,A06_15_02_W_roh_BELLY.jpg,0.5430399179458618
IMG-20250717-WA0009_BELLY.jpg,18,A08_15_06_W_roh_BELLY.jpg,0.542618453502655
IMG-20250717-WA0009_BELLY.jpg,19,IMG_20250717_111635_BELLY.jpg,0.5374537110328674
IMG-20250717-WA0009_BELLY.jpg,20,A05_18_06_W_roh_BELLY.jpg,0.5374516844749451
IMG-20250717-WA0011_BELLY.jpg,1,A06_03_02_W_roh_BELLY.jpg,0.6267602443695068
IMG-20250717-WA0011_BELLY.jpg,2,IMG-20250626-WA0025_BELLY.jpg,0.6244567036628723
IMG-20250717-WA0011_BELLY.jpg,3,A08_15_04_M_roh_BELLY.jpg,0.6083868741989136
IMG-20250717-WA0011_BELLY.jpg,4,A04_12_02_M_roh_BELLY.jpg,0.6069851517677307
IMG-20250717-WA0011_BELLY.jpg,5,A08_06_10_M_roh_BELLY.jpg,0.5925437808036804
IMG-20250717-WA0011_BELLY.jpg,6,IMG_20250717_104525_BELLY.jpg,0.5892406702041626
IMG-20250717-WA0011_BELLY.jpg,7,IMG_20250717_111516_BELLY.jpg,0.5841189026832581
IMG-20250717-WA0011_BELLY.jpg,8,IMG-20250626-WA0024_BELLY.jpg,0.5832808017730713
IMG-20250717-WA0011_BELLY.jpg,9,A08_15_06_W_roh_BELLY.jpg,0.5812846422195435
IMG-20250717-WA0011_BELLY.jpg,10,A04_06_02_M_roh_BELLY.jpg,0.578066885471344
IMG-20250717-WA0011_BELLY.jpg,11,IMG-20250919-WA0012_BELLY.jpg,0.5717236995697021
IMG-20250717-WA0011_BELLY.jpg,12,IMG-20250717-WA0009_BELLY.jpg,0.5708364248275757
IMG-20250717-WA0011_BELLY.jpg,13,A03_12_03_M_roh_BELLY.jpg,0.5676368474960327
IMG-20250717-WA0011_BELLY.jpg,14,IMG-20250607-WA0003_BELLY.jpg,0.56714928150177
IMG-20250717-WA0011_BELLY.jpg,15,IMG-20250626-WA0014_BELLY.jpg,0.5635863542556763
IMG-20250717-WA0011_BELLY.jpg,16,IMG-20250626-WA0003_BELLY.jpg,0.563024640083313
IMG-20250717-WA0011_BELLY.jpg,17,IMG_20250717_104652_BELLY.jpg,0.5575349926948547
IMG-20250717-WA0011_BELLY.jpg,18,IMG-20250717-WA0013_BELLY.jpg,0.5554463863372803
IMG-20250717-WA0011_BELLY.jpg,19,A04_03_01_W_roh_BELLY.jpg,0.5537499785423279
IMG-20250717-WA0011_BELLY.jpg,20,A08_15_14_W_roh_BELLY.jpg,0.5519028902053833
IMG-20250717-WA0012_BELLY.jpg,1,IMG-20250910-WA0064_BELLY.jpg,0.5619344711303711
IMG-20250717-WA0012_BELLY.jpg,2,IMG-20250910-WA0015_BELLY.jpg,0.5601523518562317
IMG-20250717-WA0012_BELLY.jpg,3,IMG-20250919-WA0021_BELLY.jpg,0.5600721836090088
IMG-20250717-WA0012_BELLY.jpg,4,IMG_20250807_104159_BELLY.jpg,0.5578904151916504
IMG-20250717-WA0012_BELLY.jpg,5,AT01_06_03_W_roh_BELLY.jpg,0.5538641810417175
IMG-20250717-WA0012_BELLY.jpg,6,IMG-20250626-WA0013_BELLY.jpg,0.5506067872047424
IMG-20250717-WA0012_BELLY.jpg,7,IMG-20250717-WA0013_BELLY.jpg,0.5504513382911682
IMG-20250717-WA0012_BELLY.jpg,8,IMG-20250626-WA0025_BELLY.jpg,0.5467715859413147
IMG-20250717-WA0012_BELLY.jpg,9,A08_18_21_M_roh_BELLY.jpg,0.5441874265670776
IMG-20250717-WA0012_BELLY.jpg,10,A02_06_07_M_roh_BELLY.jpg,0.5438109040260315
IMG-20250717-WA0012_BELLY.jpg,11,IMG_20250717_110833_BELLY.jpg,0.5403234362602234
IMG-20250717-WA0012_BELLY.jpg,12,A04_12_02_M_roh_BELLY.jpg,0.5384501218795776
IMG-20250717-WA0012_BELLY.jpg,13,IMG-20250910-WA0062_BELLY.jpg,0.5383371114730835
IMG-20250717-WA0012_BELLY.jpg,14,A01_18_05_W_roh_BELLY.jpg,0.5380135774612427
IMG-20250717-WA0012_BELLY.jpg,15,A08_18_03_W_roh_BELLY.jpg,0.5326271057128906
IMG-20250717-WA0012_BELLY.jpg,16,A08_15_04_M_roh_BELLY.jpg,0.5299764275550842
IMG-20250717-WA0012_BELLY.jpg,17,A08_15_19_M_roh_BELLY.jpg,0.5276923775672913
IMG-20250717-WA0012_BELLY.jpg,18,A08_15_07_W_roh_BELLY.jpg,0.5275323987007141
IMG-20250717-WA0012_BELLY.jpg,19,A07_09_02_W_roh_BELLY.jpg,0.5254161357879639
IMG-20250717-WA0012_BELLY.jpg,20,A02_03_01_W_roh_BELLY.jpg,0.5239974856376648
IMG-20250717-WA0013_BELLY.jpg,1,IMG_20250717_104652_BELLY.jpg,0.6475772857666016
IMG-20250717-WA0013_BELLY.jpg,2,A01_05_03_W_roh_BELLY.jpg,0.6435341238975525
IMG-20250717-WA0013_BELLY.jpg,3,IMG-20250626-WA0014_BELLY.jpg,0.6416916847229004
IMG-20250717-WA0013_BELLY.jpg,4,IMG_20250717_104525_BELLY.jpg,0.6403903961181641
IMG-20250717-WA0013_BELLY.jpg,5,IMG_20250717_104317_BELLY.jpg,0.6388320922851562
IMG-20250717-WA0013_BELLY.jpg,6,A05_18_05_W_roh_BELLY.jpg,0.6157419681549072
IMG-20250717-WA0013_BELLY.jpg,7,A01_18_07_W_roh_BELLY.jpg,0.6151689887046814
IMG-20250717-WA0013_BELLY.jpg,8,A04_15_06_M_roh_BELLY.jpg,0.6100324988365173
IMG-20250717-WA0013_BELLY.jpg,9,IMG-20250626-WA0003_BELLY.jpg,0.6080130934715271
IMG-20250717-WA0013_BELLY.jpg,10,A08_18_21_M_roh_BELLY.jpg,0.6073894500732422
IMG-20250717-WA0013_BELLY.jpg,11,IMG-20250626-WA0015_BELLY.jpg,0.6019641160964966
IMG-20250717-WA0013_BELLY.jpg,12,A08_15_07_W_roh_BELLY.jpg,0.6004332900047302
IMG-20250717-WA0013_BELLY.jpg,13,A06_12_04_W_roh_BELLY.jpg,0.598480761051178
IMG-20250717-WA0013_BELLY.jpg,14,A02_03_01_W_roh_BELLY.jpg,0.5974168181419373
IMG-20250717-WA0013_BELLY.jpg,15,A01_18_14_W_roh_BELLY.jpg,0.5968019366264343
IMG-20250717-WA0013_BELLY.jpg,16,IMG-20250626-WA0021_BELLY.jpg,0.5959799289703369
IMG-20250717-WA0013_BELLY.jpg,17,IMG-20250919-WA0019_BELLY.jpg,0.5959182977676392
IMG-20250717-WA0013_BELLY.jpg,18,A05_18_08_W_roh_BELLY.jpg,0.5957116484642029
IMG-20250717-WA0013_BELLY.jpg,19,IMG-20250910-WA0022_BELLY.jpg,0.5949108600616455
IMG-20250717-WA0013_BELLY.jpg,20,IMG_20250717_111215_BELLY.jpg,0.5944055914878845
IMG-20250717-WA0017_BELLY.jpg,1,A01_18_12_M_roh_BELLY.jpg,0.802251935005188
IMG-20250717-WA0017_BELLY.jpg,2,A02_06_03_M_roh_BELLY.jpg,0.764728844165802
IMG-20250717-WA0017_BELLY.jpg,3,IMG-20250910-WA0017_BELLY.jpg,0.6447946429252625
IMG-20250717-WA0017_BELLY.jpg,4,IMG-20250829-WA0013_BELLY.jpg,0.6348958611488342
IMG-20250717-WA0017_BELLY.jpg,5,IMG_20250515_113414_BELLY.jpg,0.631808876991272
IMG-20250717-WA0017_BELLY.jpg,6,IMG-20250910-WA0022_BELLY.jpg,0.6235592365264893
IMG-20250717-WA0017_BELLY.jpg,7,A03_15_04_W_roh_BELLY.jpg,0.615408718585968
IMG-20250717-WA0017_BELLY.jpg,8,IMG-20250910-WA0029_BELLY.jpg,0.6153390407562256
IMG-20250717-WA0017_BELLY.jpg,9,IMG_20250717_123430_BELLY.jpg,0.6119582056999207
IMG-20250717-WA0017_BELLY.jpg,10,A08_18_13_W_roh_BELLY.jpg,0.6111785769462585
IMG-20250717-WA0017_BELLY.jpg,11,IMG_20250501_132115_BELLY.jpg,0.6103088855743408
IMG-20250717-WA0017_BELLY.jpg,12,A04_15_06_M_roh_BELLY.jpg,0.6101973652839661
IMG-20250717-WA0017_BELLY.jpg,13,IMG_20250717_113844_BELLY.jpg,0.6075466275215149
IMG-20250717-WA0017_BELLY.jpg,14,IMG-20250626-WA0024_BELLY.jpg,0.6054269075393677
IMG-20250717-WA0017_BELLY.jpg,15,A06_12_01_W_roh_BELLY.jpg,0.6042180061340332
IMG-20250717-WA0017_BELLY.jpg,16,A04_12_04_W_roh_BELLY.jpg,0.6030471324920654
IMG-20250717-WA0017_BELLY.jpg,17,A08_15_05_M_roh_BELLY.jpg,0.6030226349830627
IMG-20250717-WA0017_BELLY.jpg,18,A01_08_01_W_roh_BELLY.jpg,0.5917418003082275
IMG-20250717-WA0017_BELLY.jpg,19,A08_18_20_W_roh_BELLY.jpg,0.5905361771583557
IMG-20250717-WA0017_BELLY.jpg,20,IMG_20250501_132350_BELLY.jpg,0.5903925895690918
IMG-20250829-WA0013_BELLY.jpg,1,A01_18_12_M_roh_BELLY.jpg,0.6856299638748169
IMG-20250829-WA0013_BELLY.jpg,2,A02_06_03_M_roh_BELLY.jpg,0.6694662570953369
IMG-20250829-WA0013_BELLY.jpg,3,IMG-20250717-WA0017_BELLY.jpg,0.6348958611488342
IMG-20250829-WA0013_BELLY.jpg,4,IMG_20250501_132115_BELLY.jpg,0.5868811011314392
IMG-20250829-WA0013_BELLY.jpg,5,A04_12_04_W_roh_BELLY.jpg,0.5756101608276367
IMG-20250829-WA0013_BELLY.jpg,6,IMG-20250829-WA0015_BELLY.jpg,0.5685988664627075
IMG-20250829-WA0013_BELLY.jpg,7,IMG-20250626-WA0024_BELLY.jpg,0.5651062726974487
IMG-20250829-WA0013_BELLY.jpg,8,IMG_20250807_104159_BELLY.jpg,0.5639446377754211
IMG-20250829-WA0013_BELLY.jpg,9,A01_12_01_M_roh_BELLY.jpg,0.5628747344017029
IMG-20250829-WA0013_BELLY.jpg,10,A05_15_03_W_roh_BELLY.jpg,0.5614616274833679
IMG-20250829-WA0013_BELLY.jpg,11,A06_15_03_W_roh_BELLY.jpg,0.5586276650428772
IMG-20250829-WA0013_BELLY.jpg,12,A06_14_02_W_roh_BELLY.jpg,0.5539568662643433
IMG-20250829-WA0013_BELLY.jpg,13,A04_15_06_M_roh_BELLY.jpg,0.5514923930168152
IMG-20250829-WA0013_BELLY.jpg,14,IMG_20250807_104343_BELLY.jpg,0.5508897304534912
IMG-20250829-WA0013_BELLY.jpg,15,A05_18_07_W_roh_BELLY.jpg,0.5460765957832336
IMG-20250829-WA0013_BELLY.jpg,16,A03_15_04_W_roh_BELLY.jpg,0.5420715808868408
IMG-20250829-WA0013_BELLY.jpg,17,A08_15_05_M_roh_BELLY.jpg,0.5410867929458618
IMG-20250829-WA0013_BELLY.jpg,18,IMG-20250626-WA0002_BELLY.jpg,0.5405772924423218
IMG-20250829-WA0013_BELLY.jpg,19,A08_18_08_M_roh_BELLY.jpg,0.5404589772224426
IMG-20250829-WA0013_BELLY.jpg,20,A07_09_03_W_roh_BELLY.jpg,0.5400263667106628
IMG-20250829-WA0015_BELLY.jpg,1,IMG-20250910-WA0016_BELLY.jpg,0.7220690846443176
IMG-20250829-WA0015_BELLY.jpg,2,IMG-20250829-WA0013_BELLY.jpg,0.5685988664627075
IMG-20250829-WA0015_BELLY.jpg,3,IMG_20250807_104159_BELLY.jpg,0.5285377502441406
IMG-20250829-WA0015_BELLY.jpg,4,A08_18_03_W_roh_BELLY.jpg,0.524858832359314
IMG-20250829-WA0015_BELLY.jpg,5,A02_03_01_W_roh_BELLY.jpg,0.5238820910453796
IMG-20250829-WA0015_BELLY.jpg,6,IMG-20250910-WA0062_BELLY.jpg,0.5223348140716553
IMG-20250829-WA0015_BELLY.jpg,7,IMG_20250717_113844_BELLY.jpg,0.5217879414558411
IMG-20250829-WA0015_BELLY.jpg,8,IMG-20250829-WA0020_BELLY.jpg,0.5207308530807495
IMG-20250829-WA0015_BELLY.jpg,9,A04_15_06_M_roh_BELLY.jpg,0.5142227411270142
IMG-20250829-WA0015_BELLY.jpg,10,IMG-20250910-WA0022_BELLY.jpg,0.5116185545921326
IMG-20250829-WA0015_BELLY.jpg,11,A01_15_06_W_roh_BELLY.jpg,0.5088392496109009
IMG-20250829-WA0015_BELLY.jpg,12,IMG-20250829-WA0022_BELLY.jpg,0.5080479383468628
IMG-20250829-WA0015_BELLY.jpg,13,A08_18_19_W_roh_BELLY.jpg,0.5059396028518677
IMG-20250829-WA0015_BELLY.jpg,14,IMG_20250717_112327_BELLY.jpg,0.5040825605392456
IMG-20250829-WA0015_BELLY.jpg,15,A01_17_01_W_roh_BELLY.jpg,0.5034137964248657
IMG-20250829-WA0015_BELLY.jpg,16,A08_15_05_M_roh_BELLY.jpg,0.503280758857727
IMG-20250829-WA0015_BELLY.jpg,17,A02_06_03_M_roh_BELLY.jpg,0.5027941465377808
IMG-20250829-WA0015_BELLY.jpg,18,IMG_20250717_113633_BELLY.jpg,0.502400815486908
IMG-20250829-WA0015_BELLY.jpg,19,A03_18_06_W_roh_BELLY.jpg,0.5020972490310669
IMG-20250829-WA0015_BELLY.jpg,20,IMG_20250501_132350_BELLY.jpg,0.5016169548034668
IMG-20250829-WA0018_BELLY.jpg,1,A03_15_04_W_roh_BELLY.jpg,0.6204959750175476
IMG-20250829-WA0018_BELLY.jpg,2,IMG_20250717_113844_BELLY.jpg,0.6101232171058655
IMG-20250829-WA0018_BELLY.jpg,3,A08_15_17_M_roh_BELLY.jpg,0.5815282464027405
IMG-20250829-WA0018_BELLY.jpg,4,IMG-20250910-WA0029_BELLY.jpg,0.5629234910011292
IMG-20250829-WA0018_BELLY.jpg,5,IMG-20250910-WA0022_BELLY.jpg,0.5578192472457886
IMG-20250829-WA0018_BELLY.jpg,6,A08_18_03_W_roh_BELLY.jpg,0.5571210980415344
IMG-20250829-WA0018_BELLY.jpg,7,A08_12_15_W_roh_BELLY.jpg,0.5523363351821899
IMG-20250829-WA0018_BELLY.jpg,8,IMG_20250717_123430_BELLY.jpg,0.5489310622215271
IMG-20250829-WA0018_BELLY.jpg,9,IMG_20250501_132350_BELLY.jpg,0.5481991171836853
IMG-20250829-WA0018_BELLY.jpg,10,A01_18_04_M_roh_BELLY.jpg,0.5448436737060547
IMG-20250829-WA0018_BELLY.jpg,11,A07_08_03_W_roh_BELLY.jpg,0.5385648608207703
IMG-20250829-WA0018_BELLY.jpg,12,IMG-20250910-WA0064_BELLY.jpg,0.5353176593780518
IMG-20250829-WA0018_BELLY.jpg,13,A08_15_19_M_roh_BELLY.jpg,0.5350257158279419
IMG-20250829-WA0018_BELLY.jpg,14,A04_15_06_M_roh_BELLY.jpg,0.5347451567649841
IMG-20250829-WA0018_BELLY.jpg,15,A02_06_04_M_roh_BELLY.jpg,0.5303583741188049
IMG-20250829-WA0018_BELLY.jpg,16,IMG_20250717_112327_BELLY.jpg,0.5288805961608887
IMG-20250829-WA0018_BELLY.jpg,17,A02_06_07_M_roh_BELLY.jpg,0.5246878862380981
IMG-20250829-WA0018_BELLY.jpg,18,A08_18_08_M_roh_BELLY.jpg,0.5230149030685425
IMG-20250829-WA0018_BELLY.jpg,19,A08_18_01_M_roh_BELLY.jpg,0.5230048894882202
IMG-20250829-WA0018_BELLY.jpg,20,A05_12_03_W_roh_BELLY.jpg,0.5224640965461731
IMG-20250829-WA0020_BELLY.jpg,1,IMG-20250910-WA0015_BELLY.jpg,0.6139764785766602
IMG-20250829-WA0020_BELLY.jpg,2,IMG_20250807_104159_BELLY.jpg,0.5494545102119446
IMG-20250829-WA0020_BELLY.jpg,3,A06_14_02_W_roh_BELLY.jpg,0.5321550369262695
IMG-20250829-WA0020_BELLY.jpg,4,IMG-20250626-WA0013_BELLY.jpg,0.5308719277381897
IMG-20250829-WA0020_BELLY.jpg,5,A08_18_06_W_roh_BELLY.jpg,0.5288358330726624
IMG-20250829-WA0020_BELLY.jpg,6,AT01_03_02_W_roh_BELLY.jpg,0.5277704000473022
IMG-20250829-WA0020_BELLY.jpg,7,IMG-20250910-WA0064_BELLY.jpg,0.5259713530540466
IMG-20250829-WA0020_BELLY.jpg,8,IMG-20250829-WA0015_BELLY.jpg,0.5207308530807495
IMG-20250829-WA0020_BELLY.jpg,9,A01_12_01_M_roh_BELLY.jpg,0.5178817510604858
IMG-20250829-WA0020_BELLY.jpg,10,IMG_20250807_110659_BELLY.jpg,0.5173995494842529
IMG-20250829-WA0020_BELLY.jpg,11,A02_06_04_M_roh_BELLY.jpg,0.5163542032241821
IMG-20250829-WA0020_BELLY.jpg,12,A08_18_03_W_roh_BELLY.jpg,0.516345739364624
IMG-20250829-WA0020_BELLY.jpg,13,A01_17_01_W_roh_BELLY.jpg,0.5091992020606995
IMG-20250829-WA0020_BELLY.jpg,14,IMG_20250807_104343_BELLY.jpg,0.5090173482894897
IMG-20250829-WA0020_BELLY.jpg,15,IMG_20250717_110833_BELLY.jpg,0.5063877105712891
IMG-20250829-WA0020_BELLY.jpg,16,A02_03_01_W_roh_BELLY.jpg,0.5058826208114624
IMG-20250829-WA0020_BELLY.jpg,17,A08_18_21_M_roh_BELLY.jpg,0.505293071269989
IMG-20250829-WA0020_BELLY.jpg,18,A02_08_05_M_roh_BELLY.jpg,0.5049728751182556
IMG-20250829-WA0020_BELLY.jpg,19,A08_15_07_W_roh_BELLY.jpg,0.5038948655128479
IMG-20250829-WA0020_BELLY.jpg,20,IMG-20250829-WA0013_BELLY.jpg,0.502912163734436
IMG-20250829-WA0022_BELLY.jpg,1,A04_15_06_M_roh_BELLY.jpg,0.5723215937614441
IMG-20250829-WA0022_BELLY.jpg,2,IMG_20250717_112327_BELLY.jpg,0.5718659162521362
IMG-20250829-WA0022_BELLY.jpg,3,A08_18_03_W_roh_BELLY.jpg,0.570758581161499
IMG-20250829-WA0022_BELLY.jpg,4,IMG-20250910-WA0022_BELLY.jpg,0.5649949908256531
IMG-20250829-WA0022_BELLY.jpg,5,IMG-20250717-WA0013_BELLY.jpg,0.5645956993103027
IMG-20250829-WA0022_BELLY.jpg,6,A03_18_07_M_roh_BELLY.jpg,0.5643796324729919
IMG-20250829-WA0022_BELLY.jpg,7,A03_15_04_W_roh_BELLY.jpg,0.5579333305358887
IMG-20250829-WA0022_BELLY.jpg,8,A08_18_04_W_roh_BELLY.jpg,0.5560107231140137
IMG-20250829-WA0022_BELLY.jpg,9,IMG-20250910-WA0029_BELLY.jpg,0.555192768573761
IMG-20250829-WA0022_BELLY.jpg,10,IMG-20250919-WA0009_BELLY.jpg,0.5543889403343201
IMG-20250829-WA0022_BELLY.jpg,11,A08_06_10_M_roh_BELLY.jpg,0.5495662093162537
IMG-20250829-WA0022_BELLY.jpg,12,IMG-20250626-WA0014_BELLY.jpg,0.5461301803588867
IMG-20250829-WA0022_BELLY.jpg,13,A06_12_01_W_roh_BELLY.jpg,0.5459295511245728
IMG-20250829-WA0022_BELLY.jpg,14,A02_06_07_M_roh_BELLY.jpg,0.5452864766120911
IMG-20250829-WA0022_BELLY.jpg,15,A02_03_01_W_roh_BELLY.jpg,0.5425289869308472
IMG-20250829-WA0022_BELLY.jpg,16,IMG-20250717-WA0011_BELLY.jpg,0.5410679578781128
IMG-20250829-WA0022_BELLY.jpg,17,A08_18_21_M_roh_BELLY.jpg,0.5396299362182617
IMG-20250829-WA0022_BELLY.jpg,18,A06_15_02_W_roh_BELLY.jpg,0.5376533269882202
IMG-20250829-WA0022_BELLY.jpg,19,A04_12_02_M_roh_BELLY.jpg,0.5367236137390137
IMG-20250829-WA0022_BELLY.jpg,20,IMG_20250717_104652_BELLY.jpg,0.5350087881088257
IMG-20250829-WA0024_BELLY.jpg,1,A04_06_02_M_roh_BELLY.jpg,0.6263484954833984
IMG-20250829-WA0024_BELLY.jpg,2,IMG_20250807_105223_BELLY.jpg,0.6033673286437988
IMG-20250829-WA0024_BELLY.jpg,3,A08_15_19_M_roh_BELLY.jpg,0.5932098031044006
IMG-20250829-WA0024_BELLY.jpg,4,A08_18_23_W_roh_BELLY.jpg,0.5904904007911682
IMG-20250829-WA0024_BELLY.jpg,5,IMG-20250910-WA0027_BELLY.jpg,0.5892552733421326
IMG-20250829-WA0024_BELLY.jpg,6,A03_18_07_M_roh_BELLY.jpg,0.5890200734138489
IMG-20250829-WA0024_BELLY.jpg,7,IMG_20250807_105820_BELLY.jpg,0.585026741027832
IMG-20250829-WA0024_BELLY.jpg,8,IMG-20250910-WA0030_BELLY.jpg,0.5798859000205994
IMG-20250829-WA0024_BELLY.jpg,9,A02_03_02_M_roh_BELLY.jpg,0.579831600189209
IMG-20250829-WA0024_BELLY.jpg,10,IMG-20250910-WA0023_BELLY.jpg,0.5683269500732422
IMG-20250829-WA0024_BELLY.jpg,11,A04_15_05_W_roh_BELLY.jpg,0.5672867298126221
IMG-20250829-WA0024_BELLY.jpg,12,A05_18_06_W_roh_BELLY.jpg,0.5659112930297852
IMG-20250829-WA0024_BELLY.jpg,13,A06_03_02_W_roh_BELLY.jpg,0.5648388862609863
IMG-20250829-WA0024_BELLY.jpg,14,A07_08_03_W_roh_BELLY.jpg,0.5616215467453003
IMG-20250829-WA0024_BELLY.jpg,15,A02_06_07_M_roh_BELLY.jpg,0.5614238977432251
IMG-20250829-WA0024_BELLY.jpg,16,AT01_03_02_W_roh_BELLY.jpg,0.5591375827789307
IMG-20250829-WA0024_BELLY.jpg,17,A08_18_03_W_roh_BELLY.jpg,0.5585076808929443
IMG-20250829-WA0024_BELLY.jpg,18,A04_12_02_M_roh_BELLY.jpg,0.5569524765014648
IMG-20250829-WA0024_BELLY.jpg,19,IMG-20250607-WA0007_BELLY.jpg,0.5524609088897705
IMG-20250829-WA0024_BELLY.jpg,20,A05_12_03_W_roh_BELLY.jpg,0.5483904480934143
IMG-20250910-WA0014_BELLY.jpg,1,IMG-20250910-WA0025_BELLY.jpg,0.9341251850128174
IMG-20250910-WA0014_BELLY.jpg,2,IMG-20250919-WA0012_BELLY.jpg,0.6251491904258728
IMG-20250910-WA0014_BELLY.jpg,3,IMG-20250626-WA0024_BELLY.jpg,0.6209433078765869
IMG-20250910-WA0014_BELLY.jpg,4,A08_15_14_W_roh_BELLY.jpg,0.6192716360092163
IMG-20250910-WA0014_BELLY.jpg,5,A04_06_01_M_roh_BELLY.jpg,0.6137573719024658
IMG-20250910-WA0014_BELLY.jpg,6,IMG-20250626-WA0025_BELLY.jpg,0.6114873886108398
IMG-20250910-WA0014_BELLY.jpg,7,IMG-20250607-WA0007_BELLY.jpg,0.5958371162414551
IMG-20250910-WA0014_BELLY.jpg,8,IMG-20250626-WA0013_BELLY.jpg,0.5928491950035095
IMG-20250910-WA0014_BELLY.jpg,9,A08_15_04_M_roh_BELLY.jpg,0.5911847949028015
IMG-20250910-WA0014_BELLY.jpg,10,A08_18_06_W_roh_BELLY.jpg,0.5865387916564941
IMG-20250910-WA0014_BELLY.jpg,11,A08_12_13_W_roh_BELLY.jpg,0.5843304991722107
IMG-20250910-WA0014_BELLY.jpg,12,A04_06_02_M_roh_BELLY.jpg,0.5824968814849854
IMG-20250910-WA0014_BELLY.jpg,13,A05_15_03_W_roh_BELLY.jpg,0.5790824890136719
IMG-20250910-WA0014_BELLY.jpg,14,IMG-20250626-WA0014_BELLY.jpg,0.5772050023078918
IMG-20250910-WA0014_BELLY.jpg,15,IMG-20250910-WA0017_BELLY.jpg,0.5753767490386963
IMG-20250910-WA0014_BELLY.jpg,16,A04_03_01_W_roh_BELLY.jpg,0.574628472328186
IMG-20250910-WA0014_BELLY.jpg,17,IMG-20250910-WA0064_BELLY.jpg,0.5740659236907959
IMG-20250910-WA0014_BELLY.jpg,18,IMG_20250717_110833_BELLY.jpg,0.5722627639770508
IMG-20250910-WA0014_BELLY.jpg,19,IMG-20250910-WA0063_BELLY.jpg,0.5715450048446655
IMG-20250910-WA0014_BELLY.jpg,20,A05_18_06_W_roh_BELLY.jpg,0.5707977414131165
IMG-20250910-WA0015_BELLY.jpg,1,IMG-20250829-WA0020_BELLY.jpg,0.6139764785766602
IMG-20250910-WA0015_BELLY.jpg,2,A08_18_21_M_roh_BELLY.jpg,0.5908898711204529
IMG-20250910-WA0015_BELLY.jpg,3,IMG-20250919-WA0021_BELLY.jpg,0.5735509991645813
IMG-20250910-WA0015_BELLY.jpg,4,A02_03_01_W_roh_BELLY.jpg,0.5654493570327759
IMG-20250910-WA0015_BELLY.jpg,5,IMG-20250919-WA0019_BELLY.jpg,0.5608602166175842
IMG-20250910-WA0015_BELLY.jpg,6,IMG-20250717-WA0012_BELLY.jpg,0.5601523518562317
IMG-20250910-WA0015_BELLY.jpg,7,IMG-20250910-WA0016_BELLY.jpg,0.5600568056106567
IMG-20250910-WA0015_BELLY.jpg,8,IMG_20250717_113633_BELLY.jpg,0.5426779389381409
IMG-20250910-WA0015_BELLY.jpg,9,IMG_20250807_104159_BELLY.jpg,0.5426216125488281
IMG-20250910-WA0015_BELLY.jpg,10,A05_18_05_W_roh_BELLY.jpg,0.542551577091217
IMG-20250910-WA0015_BELLY.jpg,11,IMG-20250919-WA0020_BELLY.jpg,0.5415045022964478
IMG-20250910-WA0015_BELLY.jpg,12,IMG-20250910-WA0023_BELLY.jpg,0.5385477542877197
IMG-20250910-WA0015_BELLY.jpg,13,IMG-20250626-WA0013_BELLY.jpg,0.5368528366088867
IMG-20250910-WA0015_BELLY.jpg,14,A08_18_01_M_roh_BELLY.jpg,0.5364033579826355
IMG-20250910-WA0015_BELLY.jpg,15,AT01_06_03_W_roh_BELLY.jpg,0.5352237820625305
IMG-20250910-WA0015_BELLY.jpg,16,IMG_20250807_110659_BELLY.jpg,0.5348138809204102
IMG-20250910-WA0015_BELLY.jpg,17,A01_17_01_W_roh_BELLY.jpg,0.5342298746109009
IMG-20250910-WA0015_BELLY.jpg,18,IMG-20250910-WA0064_BELLY.jpg,0.5284219980239868
IMG-20250910-WA0015_BELLY.jpg,19,A08_18_19_W_roh_BELLY.jpg,0.5255497694015503
IMG-20250910-WA0015_BELLY.jpg,20,A08_18_10_W_roh_BELLY.jpg,0.5194904804229736
IMG-20250910-WA0016_BELLY.jpg,1,IMG-20250829-WA0015_BELLY.jpg,0.7220690846443176
IMG-20250910-WA0016_BELLY.jpg,2,A02_03_01_W_roh_BELLY.jpg,0.6165180206298828
IMG-20250910-WA0016_BELLY.jpg,3,IMG-20250910-WA0022_BELLY.jpg,0.598106861114502
IMG-20250910-WA0016_BELLY.jpg,4,IMG_20250717_113633_BELLY.jpg,0.5930382609367371
IMG-20250910-WA0016_BELLY.jpg,5,IMG-20250919-WA0009_BELLY.jpg,0.5924891233444214
IMG-20250910-WA0016_BELLY.jpg,6,A04_06_01_M_roh_BELLY.jpg,0.5836018919944763
IMG-20250910-WA0016_BELLY.jpg,7,A08_18_21_M_roh_BELLY.jpg,0.5818901658058167
IMG-20250910-WA0016_BELLY.jpg,8,IMG-20250910-WA0062_BELLY.jpg,0.5797119140625
IMG-20250910-WA0016_BELLY.jpg,9,IMG_20250717_113844_BELLY.jpg,0.5788146257400513
IMG-20250910-WA0016_BELLY.jpg,10,A05_18_05_W_roh_BELLY.jpg,0.5782496929168701
IMG-20250910-WA0016_BELLY.jpg,11,IMG-20250717-WA0013_BELLY.jpg,0.5768150687217712
IMG-20250910-WA0016_BELLY.jpg,12,IMG-20250919-WA0019_BELLY.jpg,0.5733354091644287
IMG-20250910-WA0016_BELLY.jpg,13,AT01_03_01_W_roh_BELLY.jpg,0.5702967047691345
IMG-20250910-WA0016_BELLY.jpg,14,IMG-20250919-WA0021_BELLY.jpg,0.5677571296691895
IMG-20250910-WA0016_BELLY.jpg,15,A07_18_01_W_roh_BELLY.jpg,0.566535234451294
IMG-20250910-WA0016_BELLY.jpg,16,IMG-20250919-WA0012_BELLY.jpg,0.5641202330589294
IMG-20250910-WA0016_BELLY.jpg,17,A04_15_06_M_roh_BELLY.jpg,0.5630760788917542
IMG-20250910-WA0016_BELLY.jpg,18,IMG-20250910-WA0029_BELLY.jpg,0.5619103908538818
IMG-20250910-WA0016_BELLY.jpg,19,IMG-20250910-WA0015_BELLY.jpg,0.5600568056106567
IMG-20250910-WA0016_BELLY.jpg,20,A08_18_05_W_roh_BELLY.jpg,0.5593982934951782
IMG-20250910-WA0017_BELLY.jpg,1,IMG_20250515_121011_BELLY.jpg,0.7182929515838623
IMG-20250910-WA0017_BELLY.jpg,2,A04_12_04_W_roh_BELLY.jpg,0.6561053991317749
IMG-20250910-WA0017_BELLY.jpg,3,A08_15_14_W_roh_BELLY.jpg,0.6469870805740356
IMG-20250910-WA0017_BELLY.jpg,4,IMG-20250717-WA0017_BELLY.jpg,0.6447946429252625
IMG-20250910-WA0017_BELLY.jpg,5,A06_12_01_W_roh_BELLY.jpg,0.6427633762359619
IMG-20250910-WA0017_BELLY.jpg,6,IMG_20250515_113414_BELLY.jpg,0.6403585076332092
IMG-20250910-WA0017_BELLY.jpg,7,A01_18_12_M_roh_BELLY.jpg,0.6379040479660034
IMG-20250910-WA0017_BELLY.jpg,8,IMG-20250919-WA0012_BELLY.jpg,0.6316415667533875
IMG-20250910-WA0017_BELLY.jpg,9,A08_18_20_W_roh_BELLY.jpg,0.6294858455657959
IMG-20250910-WA0017_BELLY.jpg,10,IMG-20250626-WA0024_BELLY.jpg,0.6257283687591553
IMG-20250910-WA0017_BELLY.jpg,11,A05_18_07_W_roh_BELLY.jpg,0.6228792667388916
IMG-20250910-WA0017_BELLY.jpg,12,A08_12_13_W_roh_BELLY.jpg,0.6200973391532898
IMG-20250910-WA0017_BELLY.jpg,13,A02_06_03_M_roh_BELLY.jpg,0.6192477345466614
IMG-20250910-WA0017_BELLY.jpg,14,A04_15_06_M_roh_BELLY.jpg,0.6154929399490356
IMG-20250910-WA0017_BELLY.jpg,15,IMG-20250626-WA0014_BELLY.jpg,0.6136868596076965
IMG-20250910-WA0017_BELLY.jpg,16,A01_08_01_W_roh_BELLY.jpg,0.612808346748352
IMG-20250910-WA0017_BELLY.jpg,17,IMG_20250501_132350_BELLY.jpg,0.6099483966827393
IMG-20250910-WA0017_BELLY.jpg,18,A01_05_03_W_roh_BELLY.jpg,0.6098124980926514
IMG-20250910-WA0017_BELLY.jpg,19,IMG-20250910-WA0064_BELLY.jpg,0.6041222810745239
IMG-20250910-WA0017_BELLY.jpg,20,A04_03_01_W_roh_BELLY.jpg,0.6025068163871765
IMG-20250910-WA0018_BELLY.jpg,1,A01_15_07_W_roh_BELLY.jpg,0.8907586336135864
IMG-20250910-WA0018_BELLY.jpg,2,A01_18_03_W_roh_BELLY.jpg,0.8886553645133972
IMG-20250910-WA0018_BELLY.jpg,3,A01_05_03_W_roh_BELLY.jpg,0.610696017742157
IMG-20250910-WA0018_BELLY.jpg,4,IMG-20250717-WA0013_BELLY.jpg,0.5564894080162048
IMG-20250910-WA0018_BELLY.jpg,5,IMG_20250717_104525_BELLY.jpg,0.556358814239502
IMG-20250910-WA0018_BELLY.jpg,6,A03_18_06_W_roh_BELLY.jpg,0.5501996278762817
IMG-20250910-WA0018_BELLY.jpg,7,A01_18_07_W_roh_BELLY.jpg,0.5395835638046265
IMG-20250910-WA0018_BELLY.jpg,8,A04_15_03_M_roh_BELLY.jpg,0.5327408313751221
IMG-20250910-WA0018_BELLY.jpg,9,A08_18_03_W_roh_BELLY.jpg,0.5279291272163391
IMG-20250910-WA0018_BELLY.jpg,10,A08_15_06_W_roh_BELLY.jpg,0.5273695588111877
IMG-20250910-WA0018_BELLY.jpg,11,IMG_20250717_104317_BELLY.jpg,0.5262513160705566
IMG-20250910-WA0018_BELLY.jpg,12,IMG_20250717_111635_BELLY.jpg,0.5255816578865051
IMG-20250910-WA0018_BELLY.jpg,13,IMG-20250919-WA0012_BELLY.jpg,0.5223839282989502
IMG-20250910-WA0018_BELLY.jpg,14,A06_03_02_W_roh_BELLY.jpg,0.5222653150558472
IMG-20250910-WA0018_BELLY.jpg,15,A06_03_01_M_roh_BELLY.jpg,0.5208508372306824
IMG-20250910-WA0018_BELLY.jpg,16,A05_15_03_W_roh_BELLY.jpg,0.5188541412353516
IMG-20250910-WA0018_BELLY.jpg,17,A08_15_07_W_roh_BELLY.jpg,0.5173487067222595
IMG-20250910-WA0018_BELLY.jpg,18,IMG_20250717_112327_BELLY.jpg,0.5167974829673767
IMG-20250910-WA0018_BELLY.jpg,19,A05_18_07_W_roh_BELLY.jpg,0.5145390033721924
IMG-20250910-WA0018_BELLY.jpg,20,A01_08_01_W_roh_BELLY.jpg,0.5136745572090149
IMG-20250910-WA0022_BELLY.jpg,1,IMG-20250910-WA0029_BELLY.jpg,0.9443472623825073
IMG-20250910-WA0022_BELLY.jpg,2,IMG-20250919-WA0009_BELLY.jpg,0.8378999829292297
IMG-20250910-WA0022_BELLY.jpg,3,IMG_20250717_123430_BELLY.jpg,0.8019672632217407
IMG-20250910-WA0022_BELLY.jpg,4,A03_15_04_W_roh_BELLY.jpg,0.6868956089019775
IMG-20250910-WA0022_BELLY.jpg,5,A04_15_06_M_roh_BELLY.jpg,0.6637175679206848
IMG-20250910-WA0022_BELLY.jpg,6,IMG_20250515_113414_BELLY.jpg,0.6543854475021362
IMG-20250910-WA0022_BELLY.jpg,7,A08_18_03_W_roh_BELLY.jpg,0.6511159539222717
IMG-20250910-WA0022_BELLY.jpg,8,A08_15_07_W_roh_BELLY.jpg,0.6479412913322449
IMG-20250910-WA0022_BELLY.jpg,9,IMG_20250717_113844_BELLY.jpg,0.6472053527832031
IMG-20250910-WA0022_BELLY.jpg,10,A08_15_17_M_roh_BELLY.jpg,0.6466156244277954
IMG-20250910-WA0022_BELLY.jpg,11,IMG_20250717_112327_BELLY.jpg,0.6446374654769897
IMG-20250910-WA0022_BELLY.jpg,12,A08_18_01_M_roh_BELLY.jpg,0.6441799402236938
IMG-20250910-WA0022_BELLY.jpg,13,IMG-20250910-WA0064_BELLY.jpg,0.6384778618812561
IMG-20250910-WA0022_BELLY.jpg,14,IMG-20250919-WA0012_BELLY.jpg,0.6323272585868835
IMG-20250910-WA0022_BELLY.jpg,15,A06_12_01_W_roh_BELLY.jpg,0.6316813230514526
IMG-20250910-WA0022_BELLY.jpg,16,IMG_20250501_132350_BELLY.jpg,0.6252243518829346
IMG-20250910-WA0022_BELLY.jpg,17,A01_18_07_W_roh_BELLY.jpg,0.6242436170578003
IMG-20250910-WA0022_BELLY.jpg,18,IMG-20250717-WA0017_BELLY.jpg,0.6235592365264893
IMG-20250910-WA0022_BELLY.jpg,19,A05_18_07_W_roh_BELLY.jpg,0.6144511699676514
IMG-20250910-WA0022_BELLY.jpg,20,A06_15_02_W_roh_BELLY.jpg,0.6139603853225708
IMG-20250910-WA0023_BELLY.jpg,1,IMG-20250919-WA0021_BELLY.jpg,0.6796534657478333
IMG-20250910-WA0023_BELLY.jpg,2,A08_18_21_M_roh_BELLY.jpg,0.6761990785598755
IMG-20250910-WA0023_BELLY.jpg,3,A08_18_03_W_roh_BELLY.jpg,0.6465402245521545
IMG-20250910-WA0023_BELLY.jpg,4,A03_18_07_M_roh_BELLY.jpg,0.64034104347229
IMG-20250910-WA0023_BELLY.jpg,5,IMG-20250919-WA0016_BELLY.jpg,0.6395598649978638
IMG-20250910-WA0023_BELLY.jpg,6,A08_15_07_W_roh_BELLY.jpg,0.6386708617210388
IMG-20250910-WA0023_BELLY.jpg,7,A07_08_03_W_roh_BELLY.jpg,0.6330825090408325
IMG-20250910-WA0023_BELLY.jpg,8,IMG-20250919-WA0020_BELLY.jpg,0.6241027116775513
IMG-20250910-WA0023_BELLY.jpg,9,A08_18_19_W_roh_BELLY.jpg,0.6224048733711243
IMG-20250910-WA0023_BELLY.jpg,10,A08_18_10_W_roh_BELLY.jpg,0.6193376779556274
IMG-20250910-WA0023_BELLY.jpg,11,A08_18_04_W_roh_BELLY.jpg,0.6192626953125
IMG-20250910-WA0023_BELLY.jpg,12,A08_15_19_M_roh_BELLY.jpg,0.618877112865448
IMG-20250910-WA0023_BELLY.jpg,13,A01_18_07_W_roh_BELLY.jpg,0.6103813648223877
IMG-20250910-WA0023_BELLY.jpg,14,A02_06_07_M_roh_BELLY.jpg,0.6068580746650696
IMG-20250910-WA0023_BELLY.jpg,15,IMG-20250919-WA0019_BELLY.jpg,0.605663001537323
IMG-20250910-WA0023_BELLY.jpg,16,IMG_20250717_112327_BELLY.jpg,0.6010644435882568
IMG-20250910-WA0023_BELLY.jpg,17,A03_15_04_W_roh_BELLY.jpg,0.598639190196991
IMG-20250910-WA0023_BELLY.jpg,18,A02_03_02_M_roh_BELLY.jpg,0.5950071811676025
IMG-20250910-WA0023_BELLY.jpg,19,A08_18_23_W_roh_BELLY.jpg,0.590466320514679
IMG-20250910-WA0023_BELLY.jpg,20,AT01_03_02_W_roh_BELLY.jpg,0.5883676409721375
IMG-20250910-WA0025_BELLY.jpg,1,IMG-20250910-WA0014_BELLY.jpg,0.9341251850128174
IMG-20250910-WA0025_BELLY.jpg,2,IMG-20250919-WA0012_BELLY.jpg,0.6288840770721436
IMG-20250910-WA0025_BELLY.jpg,3,A08_15_14_W_roh_BELLY.jpg,0.6279611587524414
IMG-20250910-WA0025_BELLY.jpg,4,IMG-20250626-WA0024_BELLY.jpg,0.6243122816085815
IMG-20250910-WA0025_BELLY.jpg,5,A08_15_04_M_roh_BELLY.jpg,0.6124498844146729
IMG-20250910-WA0025_BELLY.jpg,6,IMG-20250607-WA0007_BELLY.jpg,0.6068189144134521
IMG-20250910-WA0025_BELLY.jpg,7,IMG-20250626-WA0013_BELLY.jpg,0.6052077412605286
IMG-20250910-WA0025_BELLY.jpg,8,IMG-20250626-WA0025_BELLY.jpg,0.6043516397476196
IMG-20250910-WA0025_BELLY.jpg,9,A08_18_06_W_roh_BELLY.jpg,0.6033174991607666
IMG-20250910-WA0025_BELLY.jpg,10,A08_18_13_W_roh_BELLY.jpg,0.5933371782302856
IMG-20250910-WA0025_BELLY.jpg,11,A06_15_02_W_roh_BELLY.jpg,0.5887288451194763
IMG-20250910-WA0025_BELLY.jpg,12,A08_12_13_W_roh_BELLY.jpg,0.5872107744216919
IMG-20250910-WA0025_BELLY.jpg,13,A05_18_06_W_roh_BELLY.jpg,0.5867522358894348
IMG-20250910-WA0025_BELLY.jpg,14,A06_12_01_W_roh_BELLY.jpg,0.5845644474029541
IMG-20250910-WA0025_BELLY.jpg,15,A04_03_01_W_roh_BELLY.jpg,0.5832717418670654
IMG-20250910-WA0025_BELLY.jpg,16,A04_06_01_M_roh_BELLY.jpg,0.5825157165527344
IMG-20250910-WA0025_BELLY.jpg,17,IMG-20250626-WA0014_BELLY.jpg,0.5823764204978943
IMG-20250910-WA0025_BELLY.jpg,18,A01_15_03_W_roh_BELLY.jpg,0.5811585187911987
IMG-20250910-WA0025_BELLY.jpg,19,IMG-20250910-WA0017_BELLY.jpg,0.5808848142623901
IMG-20250910-WA0025_BELLY.jpg,20,IMG_20250717_113156_BELLY.jpg,0.5807996988296509
IMG-20250910-WA0027_BELLY.jpg,1,IMG-20250910-WA0030_BELLY.jpg,0.951040506362915
IMG-20250910-WA0027_BELLY.jpg,2,A04_15_05_W_roh_BELLY.jpg,0.8285300731658936
IMG-20250910-WA0027_BELLY.jpg,3,A05_12_03_W_roh_BELLY.jpg,0.8042035102844238
IMG-20250910-WA0027_BELLY.jpg,4,A05_18_06_W_roh_BELLY.jpg,0.7868618369102478
IMG-20250910-WA0027_BELLY.jpg,5,A08_18_03_W_roh_BELLY.jpg,0.6280381679534912
IMG-20250910-WA0027_BELLY.jpg,6,A06_03_01_M_roh_BELLY.jpg,0.6163685321807861
IMG-20250910-WA0027_BELLY.jpg,7,IMG-20250910-WA0064_BELLY.jpg,0.6125649809837341
IMG-20250910-WA0027_BELLY.jpg,8,IMG-20250626-WA0013_BELLY.jpg,0.6058468818664551
IMG-20250910-WA0027_BELLY.jpg,9,IMG_20250807_105820_BELLY.jpg,0.5996314883232117
IMG-20250910-WA0027_BELLY.jpg,10,A03_18_07_M_roh_BELLY.jpg,0.597476065158844
IMG-20250910-WA0027_BELLY.jpg,11,A03_15_04_W_roh_BELLY.jpg,0.5963957905769348
IMG-20250910-WA0027_BELLY.jpg,12,A08_15_07_W_roh_BELLY.jpg,0.5961416959762573
IMG-20250910-WA0027_BELLY.jpg,13,IMG_20250717_112327_BELLY.jpg,0.5961157083511353
IMG-20250910-WA0027_BELLY.jpg,14,IMG_20250717_110833_BELLY.jpg,0.5946565866470337
IMG-20250910-WA0027_BELLY.jpg,15,A04_15_06_M_roh_BELLY.jpg,0.59446781873703
IMG-20250910-WA0027_BELLY.jpg,16,IMG-20250829-WA0024_BELLY.jpg,0.5892552733421326
IMG-20250910-WA0027_BELLY.jpg,17,A01_18_07_W_roh_BELLY.jpg,0.5837564468383789
IMG-20250910-WA0027_BELLY.jpg,18,A08_18_23_W_roh_BELLY.jpg,0.5817070007324219
IMG-20250910-WA0027_BELLY.jpg,19,A08_18_13_W_roh_BELLY.jpg,0.5805495977401733
IMG-20250910-WA0027_BELLY.jpg,20,IMG-20250910-WA0062_BELLY.jpg,0.5802483558654785
IMG-20250910-WA0029_BELLY.jpg,1,IMG-20250910-WA0022_BELLY.jpg,0.9443472623825073
IMG-20250910-WA0029_BELLY.jpg,2,IMG-20250919-WA0009_BELLY.jpg,0.8224995136260986
IMG-20250910-WA0029_BELLY.jpg,3,IMG_20250717_123430_BELLY.jpg,0.7982277870178223
IMG-20250910-WA0029_BELLY.jpg,4,A03_15_04_W_roh_BELLY.jpg,0.6804273128509521
IMG-20250910-WA0029_BELLY.jpg,5,A08_18_01_M_roh_BELLY.jpg,0.6554729342460632
IMG-20250910-WA0029_BELLY.jpg,6,A04_15_06_M_roh_BELLY.jpg,0.6552651524543762
IMG-20250910-WA0029_BELLY.jpg,7,IMG_20250717_113844_BELLY.jpg,0.6428658366203308
IMG-20250910-WA0029_BELLY.jpg,8,IMG_20250515_113414_BELLY.jpg,0.6388344764709473
IMG-20250910-WA0029_BELLY.jpg,9,A08_18_03_W_roh_BELLY.jpg,0.6378991007804871
IMG-20250910-WA0029_BELLY.jpg,10,A08_15_17_M_roh_BELLY.jpg,0.6265209317207336
IMG-20250910-WA0029_BELLY.jpg,11,A08_15_07_W_roh_BELLY.jpg,0.6230519413948059
IMG-20250910-WA0029_BELLY.jpg,12,A06_12_01_W_roh_BELLY.jpg,0.6200205087661743
IMG-20250910-WA0029_BELLY.jpg,13,IMG_20250717_112327_BELLY.jpg,0.6165801286697388
IMG-20250910-WA0029_BELLY.jpg,14,IMG-20250717-WA0017_BELLY.jpg,0.6153390407562256
IMG-20250910-WA0029_BELLY.jpg,15,IMG-20250919-WA0012_BELLY.jpg,0.6142972707748413
IMG-20250910-WA0029_BELLY.jpg,16,IMG_20250717_113633_BELLY.jpg,0.6079995036125183
IMG-20250910-WA0029_BELLY.jpg,17,IMG-20250910-WA0064_BELLY.jpg,0.6073725819587708
IMG-20250910-WA0029_BELLY.jpg,18,IMG_20250501_132115_BELLY.jpg,0.6067951917648315
IMG-20250910-WA0029_BELLY.jpg,19,IMG_20250501_132350_BELLY.jpg,0.6036025881767273
IMG-20250910-WA0029_BELLY.jpg,20,A06_15_02_W_roh_BELLY.jpg,0.6025485992431641
IMG-20250910-WA0030_BELLY.jpg,1,IMG-20250910-WA0027_BELLY.jpg,0.951040506362915
IMG-20250910-WA0030_BELLY.jpg,2,A04_15_05_W_roh_BELLY.jpg,0.8278114199638367
IMG-20250910-WA0030_BELLY.jpg,3,A05_12_03_W_roh_BELLY.jpg,0.8113236427307129
IMG-20250910-WA0030_BELLY.jpg,4,A05_18_06_W_roh_BELLY.jpg,0.7956663966178894
IMG-20250910-WA0030_BELLY.jpg,5,A08_18_03_W_roh_BELLY.jpg,0.6198434829711914
IMG-20250910-WA0030_BELLY.jpg,6,A06_03_01_M_roh_BELLY.jpg,0.6082091927528381
IMG-20250910-WA0030_BELLY.jpg,7,IMG_20250717_112327_BELLY.jpg,0.5966570377349854
IMG-20250910-WA0030_BELLY.jpg,8,A03_18_07_M_roh_BELLY.jpg,0.5957262516021729
IMG-20250910-WA0030_BELLY.jpg,9,IMG_20250807_105820_BELLY.jpg,0.5952571630477905
IMG-20250910-WA0030_BELLY.jpg,10,IMG-20250626-WA0013_BELLY.jpg,0.5932629704475403
IMG-20250910-WA0030_BELLY.jpg,11,IMG-20250910-WA0064_BELLY.jpg,0.592823326587677
IMG-20250910-WA0030_BELLY.jpg,12,A03_15_04_W_roh_BELLY.jpg,0.585822343826294
IMG-20250910-WA0030_BELLY.jpg,13,A04_12_02_M_roh_BELLY.jpg,0.5831555724143982
IMG-20250910-WA0030_BELLY.jpg,14,IMG-20250919-WA0012_BELLY.jpg,0.5826241970062256
IMG-20250910-WA0030_BELLY.jpg,15,A06_03_02_W_roh_BELLY.jpg,0.580707848072052
IMG-20250910-WA0030_BELLY.jpg,16,IMG-20250829-WA0024_BELLY.jpg,0.5798859000205994
IMG-20250910-WA0030_BELLY.jpg,17,IMG_20250717_110833_BELLY.jpg,0.5785755515098572
IMG-20250910-WA0030_BELLY.jpg,18,A02_03_02_M_roh_BELLY.jpg,0.5778173804283142
IMG-20250910-WA0030_BELLY.jpg,19,IMG-20250626-WA0025_BELLY.jpg,0.574234664440155
IMG-20250910-WA0030_BELLY.jpg,20,A04_06_02_M_roh_BELLY.jpg,0.5742120742797852
IMG-20250910-WA0061_BELLY.jpg,1,A08_18_10_W_roh_BELLY.jpg,0.8704971075057983
IMG-20250910-WA0061_BELLY.jpg,2,A08_12_15_W_roh_BELLY.jpg,0.6845591068267822
IMG-20250910-WA0061_BELLY.jpg,3,IMG-20250910-WA0023_BELLY.jpg,0.5763067603111267
IMG-20250910-WA0061_BELLY.jpg,4,IMG-20250919-WA0021_BELLY.jpg,0.5735235214233398
IMG-20250910-WA0061_BELLY.jpg,5,A01_18_07_W_roh_BELLY.jpg,0.5682500600814819
IMG-20250910-WA0061_BELLY.jpg,6,A08_18_21_M_roh_BELLY.jpg,0.5631972551345825
IMG-20250910-WA0061_BELLY.jpg,7,IMG-20250910-WA0064_BELLY.jpg,0.5530480742454529
IMG-20250910-WA0061_BELLY.jpg,8,A08_15_07_W_roh_BELLY.jpg,0.5461037755012512
IMG-20250910-WA0061_BELLY.jpg,9,A08_18_12_W_roh_BELLY.jpg,0.540979266166687
IMG-20250910-WA0061_BELLY.jpg,10,A08_17_17_W_roh_BELLY.jpg,0.5405959486961365
IMG-20250910-WA0061_BELLY.jpg,11,A08_15_19_M_roh_BELLY.jpg,0.5405522584915161
IMG-20250910-WA0061_BELLY.jpg,12,A03_18_06_W_roh_BELLY.jpg,0.5352567434310913
IMG-20250910-WA0061_BELLY.jpg,13,A05_18_05_W_roh_BELLY.jpg,0.5255907773971558
IMG-20250910-WA0061_BELLY.jpg,14,A02_03_01_W_roh_BELLY.jpg,0.5230430960655212
IMG-20250910-WA0061_BELLY.jpg,15,A08_18_04_W_roh_BELLY.jpg,0.522587776184082
IMG-20250910-WA0061_BELLY.jpg,16,IMG-20250919-WA0019_BELLY.jpg,0.5216435790061951
IMG-20250910-WA0061_BELLY.jpg,17,A01_08_01_W_roh_BELLY.jpg,0.5212242603302002
IMG-20250910-WA0061_BELLY.jpg,18,A07_08_03_W_roh_BELLY.jpg,0.5170862078666687
IMG-20250910-WA0061_BELLY.jpg,19,A02_06_07_M_roh_BELLY.jpg,0.5108722448348999
IMG-20250910-WA0061_BELLY.jpg,20,IMG-20250919-WA0020_BELLY.jpg,0.509116530418396
IMG-20250910-WA0062_BELLY.jpg,1,A08_15_05_M_roh_BELLY.jpg,0.7233700752258301
IMG-20250910-WA0062_BELLY.jpg,2,IMG_20250717_111215_BELLY.jpg,0.7151614427566528
IMG-20250910-WA0062_BELLY.jpg,3,IMG-20250626-WA0025_BELLY.jpg,0.6499032974243164
IMG-20250910-WA0062_BELLY.jpg,4,IMG-20250626-WA0013_BELLY.jpg,0.641234278678894
IMG-20250910-WA0062_BELLY.jpg,5,IMG-20250626-WA0024_BELLY.jpg,0.639035701751709
IMG-20250910-WA0062_BELLY.jpg,6,A08_15_04_M_roh_BELLY.jpg,0.6353512406349182
IMG-20250910-WA0062_BELLY.jpg,7,A08_18_09_M_roh_BELLY.jpg,0.6353206634521484
IMG-20250910-WA0062_BELLY.jpg,8,A02_03_01_W_roh_BELLY.jpg,0.6261922121047974
IMG-20250910-WA0062_BELLY.jpg,9,IMG-20250910-WA0064_BELLY.jpg,0.6194913387298584
IMG-20250910-WA0062_BELLY.jpg,10,IMG_20250717_113844_BELLY.jpg,0.616631031036377
IMG-20250910-WA0062_BELLY.jpg,11,IMG_20250807_104159_BELLY.jpg,0.6135584115982056
IMG-20250910-WA0062_BELLY.jpg,12,A06_12_01_W_roh_BELLY.jpg,0.6127666234970093
IMG-20250910-WA0062_BELLY.jpg,13,A08_18_06_W_roh_BELLY.jpg,0.6075116395950317
IMG-20250910-WA0062_BELLY.jpg,14,IMG_20250807_110659_BELLY.jpg,0.6053222417831421
IMG-20250910-WA0062_BELLY.jpg,15,IMG-20250607-WA0006_BELLY.jpg,0.6043302416801453
IMG-20250910-WA0062_BELLY.jpg,16,A04_12_04_W_roh_BELLY.jpg,0.6017668843269348
IMG-20250910-WA0062_BELLY.jpg,17,IMG_20250717_110833_BELLY.jpg,0.5995838046073914
IMG-20250910-WA0062_BELLY.jpg,18,A04_03_01_W_roh_BELLY.jpg,0.5955606698989868
IMG-20250910-WA0062_BELLY.jpg,19,AT01_03_02_W_roh_BELLY.jpg,0.5949978232383728
IMG-20250910-WA0062_BELLY.jpg,20,A01_18_05_W_roh_BELLY.jpg,0.5922369360923767
IMG-20250910-WA0063_BELLY.jpg,1,A08_06_05_SA_roh_BELLY.jpg,0.7295975089073181
IMG-20250910-WA0063_BELLY.jpg,2,A05_18_04_W_roh_BELLY.jpg,0.6925346255302429
IMG-20250910-WA0063_BELLY.jpg,3,IMG-20250626-WA0024_BELLY.jpg,0.5948636531829834
IMG-20250910-WA0063_BELLY.jpg,4,IMG-20250626-WA0025_BELLY.jpg,0.584256112575531
IMG-20250910-WA0063_BELLY.jpg,5,A08_15_04_M_roh_BELLY.jpg,0.5792608261108398
IMG-20250910-WA0063_BELLY.jpg,6,IMG-20250910-WA0014_BELLY.jpg,0.5715450048446655
IMG-20250910-WA0063_BELLY.jpg,7,A04_12_04_W_roh_BELLY.jpg,0.5612404346466064
IMG-20250910-WA0063_BELLY.jpg,8,IMG-20250910-WA0025_BELLY.jpg,0.5600402355194092
IMG-20250910-WA0063_BELLY.jpg,9,A01_05_03_W_roh_BELLY.jpg,0.5572729706764221
IMG-20250910-WA0063_BELLY.jpg,10,A08_15_14_W_roh_BELLY.jpg,0.5540632605552673
IMG-20250910-WA0063_BELLY.jpg,11,IMG_20250717_104525_BELLY.jpg,0.5512633919715881
IMG-20250910-WA0063_BELLY.jpg,12,IMG-20250919-WA0012_BELLY.jpg,0.5474675297737122
IMG-20250910-WA0063_BELLY.jpg,13,A08_12_13_W_roh_BELLY.jpg,0.542812705039978
IMG-20250910-WA0063_BELLY.jpg,14,A03_12_03_M_roh_BELLY.jpg,0.5424505472183228
IMG-20250910-WA0063_BELLY.jpg,15,A02_06_06_M_roh_BELLY.jpg,0.542083203792572
IMG-20250910-WA0063_BELLY.jpg,16,A08_18_22_W_roh_BELLY.jpg,0.5404220819473267
IMG-20250910-WA0063_BELLY.jpg,17,IMG_20250515_114220_BELLY.jpg,0.5387809872627258
IMG-20250910-WA0063_BELLY.jpg,18,A01_06_01_SA_roh_BELLY.jpg,0.5379518866539001
IMG-20250910-WA0063_BELLY.jpg,19,A08_15_05_M_roh_BELLY.jpg,0.5325849056243896
IMG-20250910-WA0063_BELLY.jpg,20,IMG_20250717_123656_BELLY.jpg,0.5316569209098816
IMG-20250910-WA0064_BELLY.jpg,1,IMG_20250717_110833_BELLY.jpg,0.8486295938491821
IMG-20250910-WA0064_BELLY.jpg,2,A08_15_07_W_roh_BELLY.jpg,0.6861329674720764
IMG-20250910-WA0064_BELLY.jpg,3,A08_15_21_M_roh_BELLY.jpg,0.6838924288749695
IMG-20250910-WA0064_BELLY.jpg,4,IMG-20250626-WA0024_BELLY.jpg,0.6706753373146057
IMG-20250910-WA0064_BELLY.jpg,5,A08_18_12_W_roh_BELLY.jpg,0.659255862236023
IMG-20250910-WA0064_BELLY.jpg,6,A08_18_03_W_roh_BELLY.jpg,0.6538001298904419
IMG-20250910-WA0064_BELLY.jpg,7,IMG_20250807_104159_BELLY.jpg,0.6523244380950928
IMG-20250910-WA0064_BELLY.jpg,8,A03_15_04_W_roh_BELLY.jpg,0.6435258388519287
IMG-20250910-WA0064_BELLY.jpg,9,A01_17_01_W_roh_BELLY.jpg,0.6434913873672485
IMG-20250910-WA0064_BELLY.jpg,10,IMG-20250910-WA0022_BELLY.jpg,0.6384778618812561
IMG-20250910-WA0064_BELLY.jpg,11,IMG-20250626-WA0025_BELLY.jpg,0.6369442939758301
IMG-20250910-WA0064_BELLY.jpg,12,IMG-20250626-WA0013_BELLY.jpg,0.636918306350708
IMG-20250910-WA0064_BELLY.jpg,13,A04_15_06_M_roh_BELLY.jpg,0.634523332118988
IMG-20250910-WA0064_BELLY.jpg,14,A08_18_21_M_roh_BELLY.jpg,0.6344800591468811
IMG-20250910-WA0064_BELLY.jpg,15,A02_03_02_M_roh_BELLY.jpg,0.6305457949638367
IMG-20250910-WA0064_BELLY.jpg,16,A08_17_17_W_roh_BELLY.jpg,0.6304037570953369
IMG-20250910-WA0064_BELLY.jpg,17,A02_06_04_M_roh_BELLY.jpg,0.6299570202827454
IMG-20250910-WA0064_BELLY.jpg,18,IMG_20250515_113414_BELLY.jpg,0.6284740567207336
IMG-20250910-WA0064_BELLY.jpg,19,IMG_20250717_113844_BELLY.jpg,0.6274940967559814
IMG-20250910-WA0064_BELLY.jpg,20,A01_12_01_M_roh_BELLY.jpg,0.6263360381126404
IMG-20250919-WA0009_BELLY.jpg,1,IMG-20250910-WA0022_BELLY.jpg,0.8378999829292297
IMG-20250919-WA0009_BELLY.jpg,2,IMG-20250910-WA0029_BELLY.jpg,0.8224995136260986
IMG-20250919-WA0009_BELLY.jpg,3,IMG_20250717_123430_BELLY.jpg,0.7430763244628906
IMG-20250919-WA0009_BELLY.jpg,4,A03_15_04_W_roh_BELLY.jpg,0.6092357039451599
IMG-20250919-WA0009_BELLY.jpg,5,IMG_20250717_113844_BELLY.jpg,0.6072749495506287
IMG-20250919-WA0009_BELLY.jpg,6,A08_18_03_W_roh_BELLY.jpg,0.605022668838501
IMG-20250919-WA0009_BELLY.jpg,7,IMG-20250919-WA0012_BELLY.jpg,0.6049196720123291
IMG-20250919-WA0009_BELLY.jpg,8,IMG-20250910-WA0064_BELLY.jpg,0.6015030741691589
IMG-20250919-WA0009_BELLY.jpg,9,A08_17_17_W_roh_BELLY.jpg,0.6012938022613525
IMG-20250919-WA0009_BELLY.jpg,10,A08_18_21_M_roh_BELLY.jpg,0.6012364625930786
IMG-20250919-WA0009_BELLY.jpg,11,IMG_20250717_112327_BELLY.jpg,0.5979721546173096
IMG-20250919-WA0009_BELLY.jpg,12,A07_08_04_M_roh_BELLY.jpg,0.5971068739891052
IMG-20250919-WA0009_BELLY.jpg,13,IMG-20250910-WA0016_BELLY.jpg,0.5924891233444214
IMG-20250919-WA0009_BELLY.jpg,14,A03_18_06_W_roh_BELLY.jpg,0.5907635688781738
IMG-20250919-WA0009_BELLY.jpg,15,IMG-20250607-WA0003_BELLY.jpg,0.589896023273468
IMG-20250919-WA0009_BELLY.jpg,16,IMG-20250919-WA0021_BELLY.jpg,0.5892977118492126
IMG-20250919-WA0009_BELLY.jpg,17,A04_15_06_M_roh_BELLY.jpg,0.5869328379631042
IMG-20250919-WA0009_BELLY.jpg,18,IMG_20250717_113633_BELLY.jpg,0.5855907201766968
IMG-20250919-WA0009_BELLY.jpg,19,IMG-20250607-WA0006_BELLY.jpg,0.5813858509063721
IMG-20250919-WA0009_BELLY.jpg,20,A08_18_05_W_roh_BELLY.jpg,0.5791476368904114
IMG-20250919-WA0011_BELLY.jpg,1,IMG-20250919-WA0014_BELLY.jpg,0.8985656499862671
IMG-20250919-WA0011_BELLY.jpg,2,IMG_20250717_111635_BELLY.jpg,0.8441920280456543
IMG-20250919-WA0011_BELLY.jpg,3,IMG_20250717_111516_BELLY.jpg,0.5968407988548279
IMG-20250919-WA0011_BELLY.jpg,4,A06_03_01_M_roh_BELLY.jpg,0.5914157629013062
IMG-20250919-WA0011_BELLY.jpg,5,IMG-20250910-WA0064_BELLY.jpg,0.5740533471107483
IMG-20250919-WA0011_BELLY.jpg,6,A08_15_21_M_roh_BELLY.jpg,0.5719577670097351
IMG-20250919-WA0011_BELLY.jpg,7,A01_18_04_M_roh_BELLY.jpg,0.5634699463844299
IMG-20250919-WA0011_BELLY.jpg,8,A02_06_07_M_roh_BELLY.jpg,0.5570866465568542
IMG-20250919-WA0011_BELLY.jpg,9,IMG-20250607-WA0003_BELLY.jpg,0.5570645332336426
IMG-20250919-WA0011_BELLY.jpg,10,A08_06_10_M_roh_BELLY.jpg,0.5552127957344055
IMG-20250919-WA0011_BELLY.jpg,11,A08_18_18_W_roh_BELLY.jpg,0.5539150834083557
IMG-20250919-WA0011_BELLY.jpg,12,A01_17_01_W_roh_BELLY.jpg,0.5533393621444702
IMG-20250919-WA0011_BELLY.jpg,13,A02_03_02_M_roh_BELLY.jpg,0.5525768399238586
IMG-20250919-WA0011_BELLY.jpg,14,A06_17_04_W_roh_BELLY.jpg,0.5490960478782654
IMG-20250919-WA0011_BELLY.jpg,15,A06_15_02_W_roh_BELLY.jpg,0.5486104488372803
IMG-20250919-WA0011_BELLY.jpg,16,A07_08_04_M_roh_BELLY.jpg,0.5441659688949585
IMG-20250919-WA0011_BELLY.jpg,17,IMG-20250626-WA0024_BELLY.jpg,0.5418826341629028
IMG-20250919-WA0011_BELLY.jpg,18,A04_06_02_M_roh_BELLY.jpg,0.5409366488456726
IMG-20250919-WA0011_BELLY.jpg,19,A07_17_03_W_roh_BELLY.jpg,0.5398176312446594
IMG-20250919-WA0011_BELLY.jpg,20,A04_06_01_M_roh_BELLY.jpg,0.5373393893241882
IMG-20250919-WA0012_BELLY.jpg,1,A05_18_07_W_roh_BELLY.jpg,0.7980629205703735
IMG-20250919-WA0012_BELLY.jpg,2,A04_03_01_W_roh_BELLY.jpg,0.7934896349906921
IMG-20250919-WA0012_BELLY.jpg,3,A06_12_01_W_roh_BELLY.jpg,0.6830003261566162
IMG-20250919-WA0012_BELLY.jpg,4,IMG-20250626-WA0024_BELLY.jpg,0.6741612553596497
IMG-20250919-WA0012_BELLY.jpg,5,IMG-20250607-WA0007_BELLY.jpg,0.6727496385574341
IMG-20250919-WA0012_BELLY.jpg,6,IMG_20250717_112327_BELLY.jpg,0.666968584060669
IMG-20250919-WA0012_BELLY.jpg,7,A06_15_02_W_roh_BELLY.jpg,0.6658287644386292
IMG-20250919-WA0012_BELLY.jpg,8,IMG-20250607-WA0003_BELLY.jpg,0.6632028222084045
IMG-20250919-WA0012_BELLY.jpg,9,IMG-20250626-WA0025_BELLY.jpg,0.6607720255851746
IMG-20250919-WA0012_BELLY.jpg,10,IMG-20250626-WA0014_BELLY.jpg,0.654826283454895
IMG-20250919-WA0012_BELLY.jpg,11,IMG-20250607-WA0006_BELLY.jpg,0.6467819809913635
IMG-20250919-WA0012_BELLY.jpg,12,IMG_20250501_132115_BELLY.jpg,0.639812707901001
IMG-20250919-WA0012_BELLY.jpg,13,A05_15_03_W_roh_BELLY.jpg,0.6358051896095276
IMG-20250919-WA0012_BELLY.jpg,14,A08_15_04_M_roh_BELLY.jpg,0.6323840618133545
IMG-20250919-WA0012_BELLY.jpg,15,IMG-20250910-WA0022_BELLY.jpg,0.6323272585868835
IMG-20250919-WA0012_BELLY.jpg,16,A04_06_01_M_roh_BELLY.jpg,0.6320574283599854
IMG-20250919-WA0012_BELLY.jpg,17,IMG-20250910-WA0017_BELLY.jpg,0.6316415667533875
IMG-20250919-WA0012_BELLY.jpg,18,A08_18_03_W_roh_BELLY.jpg,0.6310940980911255
IMG-20250919-WA0012_BELLY.jpg,19,IMG_20250717_104652_BELLY.jpg,0.6297463774681091
IMG-20250919-WA0012_BELLY.jpg,20,A08_15_14_W_roh_BELLY.jpg,0.629063069820404
IMG-20250919-WA0014_BELLY.jpg,1,IMG-20250919-WA0011_BELLY.jpg,0.8985656499862671
IMG-20250919-WA0014_BELLY.jpg,2,IMG_20250717_111635_BELLY.jpg,0.8330909013748169
IMG-20250919-WA0014_BELLY.jpg,3,A01_18_04_M_roh_BELLY.jpg,0.5853500962257385
IMG-20250919-WA0014_BELLY.jpg,4,A06_03_01_M_roh_BELLY.jpg,0.5680347681045532
IMG-20250919-WA0014_BELLY.jpg,5,IMG-20250910-WA0064_BELLY.jpg,0.5625245571136475
IMG-20250919-WA0014_BELLY.jpg,6,IMG_20250717_111516_BELLY.jpg,0.5570511817932129
IMG-20250919-WA0014_BELLY.jpg,7,A02_06_07_M_roh_BELLY.jpg,0.5490583181381226
IMG-20250919-WA0014_BELLY.jpg,8,A08_15_21_M_roh_BELLY.jpg,0.5482734441757202
IMG-20250919-WA0014_BELLY.jpg,9,A02_03_02_M_roh_BELLY.jpg,0.5464115142822266
IMG-20250919-WA0014_BELLY.jpg,10,A04_06_02_M_roh_BELLY.jpg,0.5436848998069763
IMG-20250919-WA0014_BELLY.jpg,11,A08_18_18_W_roh_BELLY.jpg,0.5388993620872498
IMG-20250919-WA0014_BELLY.jpg,12,A08_06_10_M_roh_BELLY.jpg,0.5362609028816223
IMG-20250919-WA0014_BELLY.jpg,13,A07_17_03_W_roh_BELLY.jpg,0.5357215404510498
IMG-20250919-WA0014_BELLY.jpg,14,A06_15_02_W_roh_BELLY.jpg,0.5342168211936951
IMG-20250919-WA0014_BELLY.jpg,15,A01_17_01_W_roh_BELLY.jpg,0.5316915512084961
IMG-20250919-WA0014_BELLY.jpg,16,A04_06_01_M_roh_BELLY.jpg,0.5312795639038086
IMG-20250919-WA0014_BELLY.jpg,17,IMG-20250607-WA0003_BELLY.jpg,0.5277179479598999
IMG-20250919-WA0014_BELLY.jpg,18,A07_08_04_M_roh_BELLY.jpg,0.5265738368034363
IMG-20250919-WA0014_BELLY.jpg,19,IMG-20250626-WA0024_BELLY.jpg,0.5239768624305725
IMG-20250919-WA0014_BELLY.jpg,20,A08_18_12_W_roh_BELLY.jpg,0.5201010704040527
IMG-20250919-WA0016_BELLY.jpg,1,IMG-20250910-WA0023_BELLY.jpg,0.6395598649978638
IMG-20250919-WA0016_BELLY.jpg,2,A08_15_19_M_roh_BELLY.jpg,0.6021298766136169
IMG-20250919-WA0016_BELLY.jpg,3,A08_18_10_W_roh_BELLY.jpg,0.5539383292198181
IMG-20250919-WA0016_BELLY.jpg,4,A08_18_04_W_roh_BELLY.jpg,0.5388224720954895
IMG-20250919-WA0016_BELLY.jpg,5,IMG-20250919-WA0021_BELLY.jpg,0.5330426692962646
IMG-20250919-WA0016_BELLY.jpg,6,A02_03_02_M_roh_BELLY.jpg,0.5091773271560669
IMG-20250919-WA0016_BELLY.jpg,7,A07_08_03_W_roh_BELLY.jpg,0.5084318518638611
IMG-20250919-WA0016_BELLY.jpg,8,IMG_20250807_105223_BELLY.jpg,0.5083538293838501
IMG-20250919-WA0016_BELLY.jpg,9,A03_18_07_M_roh_BELLY.jpg,0.5058588981628418
IMG-20250919-WA0016_BELLY.jpg,10,A02_06_07_M_roh_BELLY.jpg,0.5044315457344055
IMG-20250919-WA0016_BELLY.jpg,11,A03_15_04_W_roh_BELLY.jpg,0.503720223903656
IMG-20250919-WA0016_BELLY.jpg,12,A08_18_21_M_roh_BELLY.jpg,0.5028343200683594
IMG-20250919-WA0016_BELLY.jpg,13,A08_17_17_W_roh_BELLY.jpg,0.5011606216430664
IMG-20250919-WA0016_BELLY.jpg,14,A08_18_03_W_roh_BELLY.jpg,0.4993753731250763
IMG-20250919-WA0016_BELLY.jpg,15,IMG-20250910-WA0061_BELLY.jpg,0.4993365406990051
IMG-20250919-WA0016_BELLY.jpg,16,A08_18_19_W_roh_BELLY.jpg,0.49158549308776855
IMG-20250919-WA0016_BELLY.jpg,17,A08_18_23_W_roh_BELLY.jpg,0.4887109100818634
IMG-20250919-WA0016_BELLY.jpg,18,IMG-20250919-WA0012_BELLY.jpg,0.4728711247444153
IMG-20250919-WA0016_BELLY.jpg,19,IMG-20250607-WA0003_BELLY.jpg,0.4721880555152893
IMG-20250919-WA0016_BELLY.jpg,20,A08_15_17_M_roh_BELLY.jpg,0.4714786410331726
IMG-20250919-WA0019_BELLY.jpg,1,IMG-20250919-WA0020_BELLY.jpg,0.8955453634262085
IMG-20250919-WA0019_BELLY.jpg,2,A08_18_21_M_roh_BELLY.jpg,0.6377802491188049
IMG-20250919-WA0019_BELLY.jpg,3,IMG-20250919-WA0021_BELLY.jpg,0.6339389681816101
IMG-20250919-WA0019_BELLY.jpg,4,A02_03_01_W_roh_BELLY.jpg,0.621513307094574
IMG-20250919-WA0019_BELLY.jpg,5,A08_15_07_W_roh_BELLY.jpg,0.6104477047920227
IMG-20250919-WA0019_BELLY.jpg,6,IMG-20250910-WA0023_BELLY.jpg,0.605663001537323
IMG-20250919-WA0019_BELLY.jpg,7,A04_15_06_M_roh_BELLY.jpg,0.6033122539520264
IMG-20250919-WA0019_BELLY.jpg,8,IMG-20250626-WA0013_BELLY.jpg,0.6007509231567383
IMG-20250919-WA0019_BELLY.jpg,9,A05_18_05_W_roh_BELLY.jpg,0.5974690318107605
IMG-20250919-WA0019_BELLY.jpg,10,A01_18_14_W_roh_BELLY.jpg,0.5968705415725708
IMG-20250919-WA0019_BELLY.jpg,11,A08_18_03_W_roh_BELLY.jpg,0.5965249538421631
IMG-20250919-WA0019_BELLY.jpg,12,IMG-20250717-WA0013_BELLY.jpg,0.5959182977676392
IMG-20250919-WA0019_BELLY.jpg,13,IMG_20250515_113414_BELLY.jpg,0.5922094583511353
IMG-20250919-WA0019_BELLY.jpg,14,IMG_20250717_104652_BELLY.jpg,0.5921547412872314
IMG-20250919-WA0019_BELLY.jpg,15,A08_18_19_W_roh_BELLY.jpg,0.587792158126831
IMG-20250919-WA0019_BELLY.jpg,16,IMG-20250910-WA0064_BELLY.jpg,0.5858577489852905
IMG-20250919-WA0019_BELLY.jpg,17,A08_18_05_W_roh_BELLY.jpg,0.5844275951385498
IMG-20250919-WA0019_BELLY.jpg,18,IMG-20250626-WA0014_BELLY.jpg,0.5837643146514893
IMG-20250919-WA0019_BELLY.jpg,19,IMG-20250919-WA0012_BELLY.jpg,0.5808441638946533
IMG-20250919-WA0019_BELLY.jpg,20,A08_18_14_M_roh_BELLY.jpg,0.5780181884765625
IMG-20250919-WA0020_BELLY.jpg,1,IMG-20250919-WA0019_BELLY.jpg,0.8955453634262085
IMG-20250919-WA0020_BELLY.jpg,2,A02_03_01_W_roh_BELLY.jpg,0.6390168070793152
IMG-20250919-WA0020_BELLY.jpg,3,A08_18_21_M_roh_BELLY.jpg,0.6383788585662842
IMG-20250919-WA0020_BELLY.jpg,4,IMG-20250919-WA0021_BELLY.jpg,0.6340463161468506
IMG-20250919-WA0020_BELLY.jpg,5,A04_15_06_M_roh_BELLY.jpg,0.6336926221847534
IMG-20250919-WA0020_BELLY.jpg,6,A08_18_03_W_roh_BELLY.jpg,0.6317338943481445
IMG-20250919-WA0020_BELLY.jpg,7,IMG-20250910-WA0023_BELLY.jpg,0.6241027116775513
IMG-20250919-WA0020_BELLY.jpg,8,A08_15_07_W_roh_BELLY.jpg,0.6218475699424744
IMG-20250919-WA0020_BELLY.jpg,9,A08_15_17_M_roh_BELLY.jpg,0.6135899424552917
IMG-20250919-WA0020_BELLY.jpg,10,A08_18_19_W_roh_BELLY.jpg,0.6119422316551208
IMG-20250919-WA0020_BELLY.jpg,11,IMG-20250626-WA0013_BELLY.jpg,0.6102807521820068
IMG-20250919-WA0020_BELLY.jpg,12,A01_18_14_W_roh_BELLY.jpg,0.6070252060890198
IMG-20250919-WA0020_BELLY.jpg,13,A05_18_05_W_roh_BELLY.jpg,0.6020664572715759
IMG-20250919-WA0020_BELLY.jpg,14,IMG-20250910-WA0064_BELLY.jpg,0.6018210053443909
IMG-20250919-WA0020_BELLY.jpg,15,IMG_20250515_113414_BELLY.jpg,0.6014773845672607
IMG-20250919-WA0020_BELLY.jpg,16,IMG_20250717_113844_BELLY.jpg,0.6013739705085754
IMG-20250919-WA0020_BELLY.jpg,17,A04_17_02_W_roh_BELLY.jpg,0.6006945967674255
IMG-20250919-WA0020_BELLY.jpg,18,IMG-20250919-WA0012_BELLY.jpg,0.5965617895126343
IMG-20250919-WA0020_BELLY.jpg,19,A06_12_01_W_roh_BELLY.jpg,0.5961400270462036
IMG-20250919-WA0020_BELLY.jpg,20,IMG_20250717_112327_BELLY.jpg,0.5961233973503113
IMG-20250919-WA0021_BELLY.jpg,1,A08_18_21_M_roh_BELLY.jpg,0.8250316977500916
IMG-20250919-WA0021_BELLY.jpg,2,IMG-20250910-WA0023_BELLY.jpg,0.6796534657478333
IMG-20250919-WA0021_BELLY.jpg,3,A08_15_07_W_roh_BELLY.jpg,0.6482313275337219
IMG-20250919-WA0021_BELLY.jpg,4,A05_18_05_W_roh_BELLY.jpg,0.6456465721130371
IMG-20250919-WA0021_BELLY.jpg,5,A01_18_07_W_roh_BELLY.jpg,0.6413553357124329
IMG-20250919-WA0021_BELLY.jpg,6,A08_18_19_W_roh_BELLY.jpg,0.6405486464500427
IMG-20250919-WA0021_BELLY.jpg,7,IMG-20250919-WA0020_BELLY.jpg,0.6340463161468506
IMG-20250919-WA0021_BELLY.jpg,8,IMG-20250919-WA0019_BELLY.jpg,0.6339389681816101
IMG-20250919-WA0021_BELLY.jpg,9,A08_18_03_W_roh_BELLY.jpg,0.6291966438293457
IMG-20250919-WA0021_BELLY.jpg,10,A08_18_04_W_roh_BELLY.jpg,0.6275025606155396
IMG-20250919-WA0021_BELLY.jpg,11,A04_15_06_M_roh_BELLY.jpg,0.6230219006538391
IMG-20250919-WA0021_BELLY.jpg,12,IMG-20250910-WA0064_BELLY.jpg,0.6136635541915894
IMG-20250919-WA0021_BELLY.jpg,13,A07_08_03_W_roh_BELLY.jpg,0.611396849155426
IMG-20250919-WA0021_BELLY.jpg,14,A08_15_17_M_roh_BELLY.jpg,0.6088013648986816
IMG-20250919-WA0021_BELLY.jpg,15,A03_18_07_M_roh_BELLY.jpg,0.6038673520088196
IMG-20250919-WA0021_BELLY.jpg,16,AT01_03_01_W_roh_BELLY.jpg,0.6014626026153564
IMG-20250919-WA0021_BELLY.jpg,17,IMG-20250919-WA0012_BELLY.jpg,0.6006919741630554
IMG-20250919-WA0021_BELLY.jpg,18,A08_18_23_W_roh_BELLY.jpg,0.6004554033279419
IMG-20250919-WA0021_BELLY.jpg,19,IMG_20250717_112327_BELLY.jpg,0.5982126593589783
IMG-20250919-WA0021_BELLY.jpg,20,AT01_03_02_W_roh_BELLY.jpg,0.5976484417915344
IMG_20250501_132115_BELLY.jpg,1,IMG-20250919-WA0012_BELLY.jpg,0.639812707901001
IMG_20250501_132115_BELLY.jpg,2,A02_06_03_M_roh_BELLY.jpg,0.6260738372802734
IMG_20250501_132115_BELLY.jpg,3,A08_18_20_W_roh_BELLY.jpg,0.6200380921363831
IMG_20250501_132115_BELLY.jpg,4,A01_18_12_M_roh_BELLY.jpg,0.6187698245048523
IMG_20250501_132115_BELLY.jpg,5,IMG-20250626-WA0024_BELLY.jpg,0.6176292300224304
IMG_20250501_132115_BELLY.jpg,6,IMG-20250717-WA0017_BELLY.jpg,0.6103088855743408
IMG_20250501_132115_BELLY.jpg,7,IMG-20250910-WA0029_BELLY.jpg,0.6067951917648315
IMG_20250501_132115_BELLY.jpg,8,IMG-20250910-WA0022_BELLY.jpg,0.6022154092788696
IMG_20250501_132115_BELLY.jpg,9,A05_15_03_W_roh_BELLY.jpg,0.6001018285751343
IMG_20250501_132115_BELLY.jpg,10,A08_18_13_W_roh_BELLY.jpg,0.5996251702308655
IMG_20250501_132115_BELLY.jpg,11,A08_12_13_W_roh_BELLY.jpg,0.5941144227981567
IMG_20250501_132115_BELLY.jpg,12,A08_15_14_W_roh_BELLY.jpg,0.5934410691261292
IMG_20250501_132115_BELLY.jpg,13,A05_18_07_W_roh_BELLY.jpg,0.590740978717804
IMG_20250501_132115_BELLY.jpg,14,A06_12_01_W_roh_BELLY.jpg,0.5891431570053101
IMG_20250501_132115_BELLY.jpg,15,A04_03_01_W_roh_BELLY.jpg,0.5882266759872437
IMG_20250501_132115_BELLY.jpg,16,IMG-20250829-WA0013_BELLY.jpg,0.5868811011314392
IMG_20250501_132115_BELLY.jpg,17,IMG_20250717_123430_BELLY.jpg,0.5850896239280701
IMG_20250501_132115_BELLY.jpg,18,A04_06_01_M_roh_BELLY.jpg,0.5846551060676575
IMG_20250501_132115_BELLY.jpg,19,IMG-20250626-WA0014_BELLY.jpg,0.5808444023132324
IMG_20250501_132115_BELLY.jpg,20,IMG-20250910-WA0017_BELLY.jpg,0.579403281211853
IMG_20250501_132350_BELLY.jpg,1,IMG_20250717_113844_BELLY.jpg,0.6427371501922607
IMG_20250501_132350_BELLY.jpg,2,IMG-20250910-WA0022_BELLY.jpg,0.6252243518829346
IMG_20250501_132350_BELLY.jpg,3,IMG_20250515_113414_BELLY.jpg,0.614456295967102
IMG_20250501_132350_BELLY.jpg,4,IMG-20250910-WA0017_BELLY.jpg,0.6099483966827393
IMG_20250501_132350_BELLY.jpg,5,A04_15_06_M_roh_BELLY.jpg,0.6097089052200317
IMG_20250501_132350_BELLY.jpg,6,A03_15_04_W_roh_BELLY.jpg,0.6070699691772461
IMG_20250501_132350_BELLY.jpg,7,A08_15_17_M_roh_BELLY.jpg,0.6061567664146423
IMG_20250501_132350_BELLY.jpg,8,IMG-20250910-WA0029_BELLY.jpg,0.6036025881767273
IMG_20250501_132350_BELLY.jpg,9,A05_18_05_W_roh_BELLY.jpg,0.5989453792572021
IMG_20250501_132350_BELLY.jpg,10,A04_17_01_W_roh_BELLY.jpg,0.5976163148880005
IMG_20250501_132350_BELLY.jpg,11,A01_08_01_W_roh_BELLY.jpg,0.595835268497467
IMG_20250501_132350_BELLY.jpg,12,IMG-20250717-WA0017_BELLY.jpg,0.5903925895690918
IMG_20250501_132350_BELLY.jpg,13,A06_12_01_W_roh_BELLY.jpg,0.5871538519859314
IMG_20250501_132350_BELLY.jpg,14,A08_18_03_W_roh_BELLY.jpg,0.5851762294769287
IMG_20250501_132350_BELLY.jpg,15,A01_18_12_M_roh_BELLY.jpg,0.5829078555107117
IMG_20250501_132350_BELLY.jpg,16,A02_03_01_W_roh_BELLY.jpg,0.5798724889755249
IMG_20250501_132350_BELLY.jpg,17,A01_05_03_W_roh_BELLY.jpg,0.5785409212112427
IMG_20250501_132350_BELLY.jpg,18,A08_18_08_M_roh_BELLY.jpg,0.5781926512718201
IMG_20250501_132350_BELLY.jpg,19,IMG_20250717_113633_BELLY.jpg,0.5775843858718872
IMG_20250501_132350_BELLY.jpg,20,A08_18_01_M_roh_BELLY.jpg,0.5772590041160583
IMG_20250501_133055_BELLY.jpg,1,A08_18_04_W_roh_BELLY.jpg,0.7037700414657593
IMG_20250501_133055_BELLY.jpg,2,A03_18_06_W_roh_BELLY.jpg,0.579250693321228
IMG_20250501_133055_BELLY.jpg,3,A08_15_07_W_roh_BELLY.jpg,0.5722020268440247
IMG_20250501_133055_BELLY.jpg,4,IMG-20250626-WA0024_BELLY.jpg,0.55718594789505
IMG_20250501_133055_BELLY.jpg,5,A04_15_06_M_roh_BELLY.jpg,0.557029664516449
IMG_20250501_133055_BELLY.jpg,6,A01_17_01_W_roh_BELLY.jpg,0.5569766163825989
IMG_20250501_133055_BELLY.jpg,7,A08_18_06_W_roh_BELLY.jpg,0.5569690465927124
IMG_20250501_133055_BELLY.jpg,8,A08_18_03_W_roh_BELLY.jpg,0.5552923679351807
IMG_20250501_133055_BELLY.jpg,9,IMG-20250910-WA0064_BELLY.jpg,0.5544068217277527
IMG_20250501_133055_BELLY.jpg,10,AT01_06_03_W_roh_BELLY.jpg,0.553795337677002
IMG_20250501_133055_BELLY.jpg,11,IMG-20250910-WA0022_BELLY.jpg,0.553424596786499
IMG_20250501_133055_BELLY.jpg,12,A01_12_01_M_roh_BELLY.jpg,0.5509439706802368
IMG_20250501_133055_BELLY.jpg,13,A08_18_14_M_roh_BELLY.jpg,0.5501640439033508
IMG_20250501_133055_BELLY.jpg,14,IMG-20250919-WA0012_BELLY.jpg,0.5473600029945374
IMG_20250501_133055_BELLY.jpg,15,A01_18_14_W_roh_BELLY.jpg,0.5473378896713257
IMG_20250501_133055_BELLY.jpg,16,A08_18_23_W_roh_BELLY.jpg,0.5472425818443298
IMG_20250501_133055_BELLY.jpg,17,IMG_20250807_104159_BELLY.jpg,0.5456706285476685
IMG_20250501_133055_BELLY.jpg,18,A04_03_01_W_roh_BELLY.jpg,0.5454893112182617
IMG_20250501_133055_BELLY.jpg,19,IMG_20250501_132350_BELLY.jpg,0.5448423624038696
IMG_20250501_133055_BELLY.jpg,20,A08_17_17_W_roh_BELLY.jpg,0.5425205230712891
IMG_20250515_113414_BELLY.jpg,1,A01_18_12_M_roh_BELLY.jpg,0.6658951640129089
IMG_20250515_113414_BELLY.jpg,2,IMG-20250910-WA0022_BELLY.jpg,0.6543854475021362
IMG_20250515_113414_BELLY.jpg,3,A01_18_14_W_roh_BELLY.jpg,0.6501582860946655
IMG_20250515_113414_BELLY.jpg,4,A04_15_06_M_roh_BELLY.jpg,0.6477597951889038
IMG_20250515_113414_BELLY.jpg,5,IMG-20250626-WA0014_BELLY.jpg,0.6444929242134094
IMG_20250515_113414_BELLY.jpg,6,IMG-20250910-WA0017_BELLY.jpg,0.6403585076332092
IMG_20250515_113414_BELLY.jpg,7,IMG-20250910-WA0029_BELLY.jpg,0.6388344764709473
IMG_20250515_113414_BELLY.jpg,8,A08_15_07_W_roh_BELLY.jpg,0.6340919733047485
IMG_20250515_113414_BELLY.jpg,9,A06_12_04_W_roh_BELLY.jpg,0.6326442360877991
IMG_20250515_113414_BELLY.jpg,10,IMG-20250717-WA0017_BELLY.jpg,0.631808876991272
IMG_20250515_113414_BELLY.jpg,11,IMG_20250717_104652_BELLY.jpg,0.6289808750152588
IMG_20250515_113414_BELLY.jpg,12,IMG-20250910-WA0064_BELLY.jpg,0.6284740567207336
IMG_20250515_113414_BELLY.jpg,13,A06_15_02_W_roh_BELLY.jpg,0.6236634254455566
IMG_20250515_113414_BELLY.jpg,14,A06_12_01_W_roh_BELLY.jpg,0.6209125518798828
IMG_20250515_113414_BELLY.jpg,15,A08_18_13_W_roh_BELLY.jpg,0.6198558211326599
IMG_20250515_113414_BELLY.jpg,16,A08_18_20_W_roh_BELLY.jpg,0.6175925135612488
IMG_20250515_113414_BELLY.jpg,17,A04_17_02_W_roh_BELLY.jpg,0.6159549355506897
IMG_20250515_113414_BELLY.jpg,18,A08_18_14_M_roh_BELLY.jpg,0.6153061389923096
IMG_20250515_113414_BELLY.jpg,19,IMG_20250501_132350_BELLY.jpg,0.614456295967102
IMG_20250515_113414_BELLY.jpg,20,A02_03_01_W_roh_BELLY.jpg,0.612358033657074
IMG_20250515_114220_BELLY.jpg,1,IMG-20250626-WA0024_BELLY.jpg,0.6083682775497437
IMG_20250515_114220_BELLY.jpg,2,A03_12_03_M_roh_BELLY.jpg,0.5922384858131409
IMG_20250515_114220_BELLY.jpg,3,A08_15_06_W_roh_BELLY.jpg,0.5787678360939026
IMG_20250515_114220_BELLY.jpg,4,A08_12_13_W_roh_BELLY.jpg,0.5708000063896179
IMG_20250515_114220_BELLY.jpg,5,IMG_20250717_104525_BELLY.jpg,0.570297122001648
IMG_20250515_114220_BELLY.jpg,6,IMG-20250919-WA0012_BELLY.jpg,0.5681598782539368
IMG_20250515_114220_BELLY.jpg,7,IMG-20250626-WA0025_BELLY.jpg,0.5678602457046509
IMG_20250515_114220_BELLY.jpg,8,A01_08_01_W_roh_BELLY.jpg,0.5660486221313477
IMG_20250515_114220_BELLY.jpg,9,A01_05_03_W_roh_BELLY.jpg,0.562483012676239
IMG_20250515_114220_BELLY.jpg,10,IMG_20250717_104317_BELLY.jpg,0.5623554587364197
IMG_20250515_114220_BELLY.jpg,11,A05_18_04_W_roh_BELLY.jpg,0.5585131049156189
IMG_20250515_114220_BELLY.jpg,12,IMG_20250717_123430_BELLY.jpg,0.5578218698501587
IMG_20250515_114220_BELLY.jpg,13,A01_18_07_W_roh_BELLY.jpg,0.5566515922546387
IMG_20250515_114220_BELLY.jpg,14,IMG_20250717_104652_BELLY.jpg,0.5495259761810303
IMG_20250515_114220_BELLY.jpg,15,A05_15_03_W_roh_BELLY.jpg,0.5493577122688293
IMG_20250515_114220_BELLY.jpg,16,A08_15_14_W_roh_BELLY.jpg,0.5484763383865356
IMG_20250515_114220_BELLY.jpg,17,A03_12_02_W_roh_BELLY.jpg,0.5473213195800781
IMG_20250515_114220_BELLY.jpg,18,A08_18_22_W_roh_BELLY.jpg,0.5471574068069458
IMG_20250515_114220_BELLY.jpg,19,IMG-20250717-WA0011_BELLY.jpg,0.5466311573982239
IMG_20250515_114220_BELLY.jpg,20,IMG-20250910-WA0022_BELLY.jpg,0.5453255772590637
IMG_20250515_121011_BELLY.jpg,1,IMG-20250910-WA0017_BELLY.jpg,0.7182929515838623
IMG_20250515_121011_BELLY.jpg,2,A08_15_14_W_roh_BELLY.jpg,0.6204636693000793
IMG_20250515_121011_BELLY.jpg,3,A08_12_13_W_roh_BELLY.jpg,0.6124221086502075
IMG_20250515_121011_BELLY.jpg,4,A08_18_20_W_roh_BELLY.jpg,0.6091551184654236
IMG_20250515_121011_BELLY.jpg,5,A04_12_04_W_roh_BELLY.jpg,0.5931837558746338
IMG_20250515_121011_BELLY.jpg,6,A02_06_03_M_roh_BELLY.jpg,0.5916813015937805
IMG_20250515_121011_BELLY.jpg,7,IMG-20250626-WA0004_BELLY.jpg,0.5842303037643433
IMG_20250515_121011_BELLY.jpg,8,A08_09_39_W_roh_BELLY.jpg,0.5824357867240906
IMG_20250515_121011_BELLY.jpg,9,IMG-20250626-WA0007_BELLY.jpg,0.5806061029434204
IMG_20250515_121011_BELLY.jpg,10,IMG-20250626-WA0020_BELLY.jpg,0.579027533531189
IMG_20250515_121011_BELLY.jpg,11,IMG-20250626-WA0002_BELLY.jpg,0.5734356641769409
IMG_20250515_121011_BELLY.jpg,12,A01_06_01_SA_roh_BELLY.jpg,0.572968602180481
IMG_20250515_121011_BELLY.jpg,13,IMG-20250919-WA0012_BELLY.jpg,0.5670015811920166
IMG_20250515_121011_BELLY.jpg,14,A01_18_12_M_roh_BELLY.jpg,0.5659996867179871
IMG_20250515_121011_BELLY.jpg,15,A05_15_03_W_roh_BELLY.jpg,0.564624011516571
IMG_20250515_121011_BELLY.jpg,16,IMG_20250501_132115_BELLY.jpg,0.5634639859199524
IMG_20250515_121011_BELLY.jpg,17,IMG-20250626-WA0014_BELLY.jpg,0.5580189228057861
IMG_20250515_121011_BELLY.jpg,18,A01_15_06_W_roh_BELLY.jpg,0.5574138760566711
IMG_20250515_121011_BELLY.jpg,19,IMG-20250626-WA0024_BELLY.jpg,0.5568904876708984
IMG_20250515_121011_BELLY.jpg,20,IMG-20250626-WA0016_BELLY.jpg,0.5538638830184937
IMG_20250717_104317_BELLY.jpg,1,IMG-20250717-WA0013_BELLY.jpg,0.6388320922851562
IMG_20250717_104317_BELLY.jpg,2,IMG_20250717_104525_BELLY.jpg,0.6294785141944885
IMG_20250717_104317_BELLY.jpg,3,IMG_20250717_104652_BELLY.jpg,0.6231099963188171
IMG_20250717_104317_BELLY.jpg,4,A01_05_03_W_roh_BELLY.jpg,0.6140249967575073
IMG_20250717_104317_BELLY.jpg,5,A08_15_06_W_roh_BELLY.jpg,0.6084097623825073
IMG_20250717_104317_BELLY.jpg,6,A05_15_03_W_roh_BELLY.jpg,0.6050492525100708
IMG_20250717_104317_BELLY.jpg,7,IMG-20250910-WA0017_BELLY.jpg,0.5933323502540588
IMG_20250717_104317_BELLY.jpg,8,A07_18_01_W_roh_BELLY.jpg,0.5930359959602356
IMG_20250717_104317_BELLY.jpg,9,IMG_20250515_113414_BELLY.jpg,0.5923720598220825
IMG_20250717_104317_BELLY.jpg,10,IMG-20250626-WA0014_BELLY.jpg,0.5921555161476135
IMG_20250717_104317_BELLY.jpg,11,A01_03_07_W_roh_BELLY.jpg,0.5808687806129456
IMG_20250717_104317_BELLY.jpg,12,IMG_20250717_112327_BELLY.jpg,0.578794538974762
IMG_20250717_104317_BELLY.jpg,13,A02_03_01_W_roh_BELLY.jpg,0.5778794288635254
IMG_20250717_104317_BELLY.jpg,14,A06_12_04_W_roh_BELLY.jpg,0.576210081577301
IMG_20250717_104317_BELLY.jpg,15,IMG-20250626-WA0015_BELLY.jpg,0.5749834179878235
IMG_20250717_104317_BELLY.jpg,16,IMG-20250626-WA0024_BELLY.jpg,0.5735698342323303
IMG_20250717_104317_BELLY.jpg,17,IMG-20250626-WA0003_BELLY.jpg,0.5719353556632996
IMG_20250717_104317_BELLY.jpg,18,A08_12_13_W_roh_BELLY.jpg,0.570868968963623
IMG_20250717_104317_BELLY.jpg,19,IMG-20250626-WA0021_BELLY.jpg,0.5706877708435059
IMG_20250717_104317_BELLY.jpg,20,A05_18_07_W_roh_BELLY.jpg,0.5691574811935425
IMG_20250717_104525_BELLY.jpg,1,A01_05_03_W_roh_BELLY.jpg,0.8380411863327026
IMG_20250717_104525_BELLY.jpg,2,IMG-20250717-WA0013_BELLY.jpg,0.6403903961181641
IMG_20250717_104525_BELLY.jpg,3,IMG_20250717_104317_BELLY.jpg,0.6294785141944885
IMG_20250717_104525_BELLY.jpg,4,IMG_20250717_104652_BELLY.jpg,0.6260233521461487
IMG_20250717_104525_BELLY.jpg,5,IMG-20250626-WA0014_BELLY.jpg,0.6188996434211731
IMG_20250717_104525_BELLY.jpg,6,IMG-20250626-WA0025_BELLY.jpg,0.6088849902153015
IMG_20250717_104525_BELLY.jpg,7,IMG-20250919-WA0012_BELLY.jpg,0.6082388162612915
IMG_20250717_104525_BELLY.jpg,8,IMG-20250626-WA0024_BELLY.jpg,0.605073094367981
IMG_20250717_104525_BELLY.jpg,9,IMG_20250717_112327_BELLY.jpg,0.5994758009910583
IMG_20250717_104525_BELLY.jpg,10,A08_15_06_W_roh_BELLY.jpg,0.5992059111595154
IMG_20250717_104525_BELLY.jpg,11,A01_15_03_W_roh_BELLY.jpg,0.5956819653511047
IMG_20250717_104525_BELLY.jpg,12,IMG-20250717-WA0011_BELLY.jpg,0.5892406702041626
IMG_20250717_104525_BELLY.jpg,13,A08_18_13_W_roh_BELLY.jpg,0.5891843438148499
IMG_20250717_104525_BELLY.jpg,14,A08_15_04_M_roh_BELLY.jpg,0.5889257192611694
IMG_20250717_104525_BELLY.jpg,15,A05_15_03_W_roh_BELLY.jpg,0.5868865251541138
IMG_20250717_104525_BELLY.jpg,16,A08_12_13_W_roh_BELLY.jpg,0.5862289071083069
IMG_20250717_104525_BELLY.jpg,17,A03_12_03_M_roh_BELLY.jpg,0.5813406109809875
IMG_20250717_104525_BELLY.jpg,18,IMG-20250717-WA0009_BELLY.jpg,0.5791319012641907
IMG_20250717_104525_BELLY.jpg,19,A08_15_14_W_roh_BELLY.jpg,0.5766474604606628
IMG_20250717_104525_BELLY.jpg,20,A04_03_01_W_roh_BELLY.jpg,0.5765737891197205
IMG_20250717_104652_BELLY.jpg,1,IMG-20250626-WA0014_BELLY.jpg,0.8869089484214783
IMG_20250717_104652_BELLY.jpg,2,IMG-20250626-WA0015_BELLY.jpg,0.8481972217559814
IMG_20250717_104652_BELLY.jpg,3,A06_12_04_W_roh_BELLY.jpg,0.81099933385849
IMG_20250717_104652_BELLY.jpg,4,A01_18_14_W_roh_BELLY.jpg,0.663517415523529
IMG_20250717_104652_BELLY.jpg,5,IMG_20250717_112327_BELLY.jpg,0.6494104266166687
IMG_20250717_104652_BELLY.jpg,6,IMG-20250717-WA0013_BELLY.jpg,0.6475772857666016
IMG_20250717_104652_BELLY.jpg,7,IMG_20250717_111215_BELLY.jpg,0.6452220678329468
IMG_20250717_104652_BELLY.jpg,8,A08_18_13_W_roh_BELLY.jpg,0.6344690322875977
IMG_20250717_104652_BELLY.jpg,9,A06_12_01_W_roh_BELLY.jpg,0.6333139538764954
IMG_20250717_104652_BELLY.jpg,10,A04_17_02_W_roh_BELLY.jpg,0.6329637169837952
IMG_20250717_104652_BELLY.jpg,11,A08_15_14_W_roh_BELLY.jpg,0.6303004622459412
IMG_20250717_104652_BELLY.jpg,12,A01_15_03_W_roh_BELLY.jpg,0.6302333474159241
IMG_20250717_104652_BELLY.jpg,13,A07_17_06_W_roh_BELLY.jpg,0.6299492716789246
IMG_20250717_104652_BELLY.jpg,14,IMG-20250919-WA0012_BELLY.jpg,0.6297463774681091
IMG_20250717_104652_BELLY.jpg,15,IMG_20250515_113414_BELLY.jpg,0.6289808750152588
IMG_20250717_104652_BELLY.jpg,16,A08_12_13_W_roh_BELLY.jpg,0.6287205219268799
IMG_20250717_104652_BELLY.jpg,17,IMG-20250607-WA0007_BELLY.jpg,0.6265664100646973
IMG_20250717_104652_BELLY.jpg,18,IMG_20250717_104525_BELLY.jpg,0.6260233521461487
IMG_20250717_104652_BELLY.jpg,19,A03_12_02_W_roh_BELLY.jpg,0.6251168251037598
IMG_20250717_104652_BELLY.jpg,20,IMG_20250717_104317_BELLY.jpg,0.6231099963188171
IMG_20250717_105046_BELLY.jpg,1,A06_17_04_W_roh_BELLY.jpg,0.8064926862716675
IMG_20250717_105046_BELLY.jpg,2,IMG_20250717_113156_BELLY.jpg,0.667559802532196
IMG_20250717_105046_BELLY.jpg,3,A08_18_13_W_roh_BELLY.jpg,0.6573777794837952
IMG_20250717_105046_BELLY.jpg,4,A03_12_02_W_roh_BELLY.jpg,0.6275022029876709
IMG_20250717_105046_BELLY.jpg,5,A07_17_06_W_roh_BELLY.jpg,0.6242014765739441
IMG_20250717_105046_BELLY.jpg,6,A02_03_02_M_roh_BELLY.jpg,0.6041017770767212
IMG_20250717_105046_BELLY.jpg,7,IMG_20250717_112327_BELLY.jpg,0.6029803156852722
IMG_20250717_105046_BELLY.jpg,8,A04_03_01_W_roh_BELLY.jpg,0.6003328561782837
IMG_20250717_105046_BELLY.jpg,9,A06_03_01_M_roh_BELLY.jpg,0.598042368888855
IMG_20250717_105046_BELLY.jpg,10,IMG-20250626-WA0015_BELLY.jpg,0.5921024084091187
IMG_20250717_105046_BELLY.jpg,11,IMG-20250626-WA0014_BELLY.jpg,0.5893985629081726
IMG_20250717_105046_BELLY.jpg,12,A08_18_02_W_roh_BELLY.jpg,0.5868770480155945
IMG_20250717_105046_BELLY.jpg,13,IMG-20250717-WA0009_BELLY.jpg,0.5865778923034668
IMG_20250717_105046_BELLY.jpg,14,IMG-20250919-WA0012_BELLY.jpg,0.5849007368087769
IMG_20250717_105046_BELLY.jpg,15,IMG-20250626-WA0024_BELLY.jpg,0.5846881866455078
IMG_20250717_105046_BELLY.jpg,16,IMG-20250626-WA0025_BELLY.jpg,0.583071768283844
IMG_20250717_105046_BELLY.jpg,17,A08_15_04_M_roh_BELLY.jpg,0.5814136862754822
IMG_20250717_105046_BELLY.jpg,18,A05_12_03_W_roh_BELLY.jpg,0.5797668099403381
IMG_20250717_105046_BELLY.jpg,19,A08_18_23_W_roh_BELLY.jpg,0.5767285227775574
IMG_20250717_105046_BELLY.jpg,20,A05_18_06_W_roh_BELLY.jpg,0.5761678218841553
IMG_20250717_110833_BELLY.jpg,1,IMG-20250910-WA0064_BELLY.jpg,0.8486295938491821
IMG_20250717_110833_BELLY.jpg,2,IMG-20250626-WA0024_BELLY.jpg,0.6701464056968689
IMG_20250717_110833_BELLY.jpg,3,A08_15_21_M_roh_BELLY.jpg,0.649169921875
IMG_20250717_110833_BELLY.jpg,4,IMG_20250807_104159_BELLY.jpg,0.6449680328369141
IMG_20250717_110833_BELLY.jpg,5,A08_15_04_M_roh_BELLY.jpg,0.6443523168563843
IMG_20250717_110833_BELLY.jpg,6,A08_18_12_W_roh_BELLY.jpg,0.6418666839599609
IMG_20250717_110833_BELLY.jpg,7,IMG-20250626-WA0025_BELLY.jpg,0.6360114216804504
IMG_20250717_110833_BELLY.jpg,8,IMG_20250717_113156_BELLY.jpg,0.6325128078460693
IMG_20250717_110833_BELLY.jpg,9,IMG-20250626-WA0013_BELLY.jpg,0.6262102127075195
IMG_20250717_110833_BELLY.jpg,10,A05_12_03_W_roh_BELLY.jpg,0.6245785355567932
IMG_20250717_110833_BELLY.jpg,11,A08_15_07_W_roh_BELLY.jpg,0.6238871216773987
IMG_20250717_110833_BELLY.jpg,12,A08_18_06_W_roh_BELLY.jpg,0.6138595342636108
IMG_20250717_110833_BELLY.jpg,13,AT01_03_02_W_roh_BELLY.jpg,0.6128186583518982
IMG_20250717_110833_BELLY.jpg,14,IMG_20250717_112327_BELLY.jpg,0.6119438409805298
IMG_20250717_110833_BELLY.jpg,15,A05_18_06_W_roh_BELLY.jpg,0.6115398406982422
IMG_20250717_110833_BELLY.jpg,16,A04_03_01_W_roh_BELLY.jpg,0.608123779296875
IMG_20250717_110833_BELLY.jpg,17,IMG_20250807_104343_BELLY.jpg,0.603138267993927
IMG_20250717_110833_BELLY.jpg,18,A08_18_22_W_roh_BELLY.jpg,0.6007486581802368
IMG_20250717_110833_BELLY.jpg,19,IMG-20250910-WA0062_BELLY.jpg,0.5995838046073914
IMG_20250717_110833_BELLY.jpg,20,A04_12_02_M_roh_BELLY.jpg,0.5992797613143921
IMG_20250717_111215_BELLY.jpg,1,A08_15_05_M_roh_BELLY.jpg,0.8005704283714294
IMG_20250717_111215_BELLY.jpg,2,IMG-20250910-WA0062_BELLY.jpg,0.7151614427566528
IMG_20250717_111215_BELLY.jpg,3,A06_12_01_W_roh_BELLY.jpg,0.6563464403152466
IMG_20250717_111215_BELLY.jpg,4,IMG_20250717_104652_BELLY.jpg,0.6452220678329468
IMG_20250717_111215_BELLY.jpg,5,A06_17_02_W__roh_BELLY.jpg,0.6268559694290161
IMG_20250717_111215_BELLY.jpg,6,A08_15_04_M_roh_BELLY.jpg,0.6208727955818176
IMG_20250717_111215_BELLY.jpg,7,IMG-20250919-WA0012_BELLY.jpg,0.618238091468811
IMG_20250717_111215_BELLY.jpg,8,IMG-20250626-WA0014_BELLY.jpg,0.6181182861328125
IMG_20250717_111215_BELLY.jpg,9,IMG-20250607-WA0003_BELLY.jpg,0.6180145740509033
IMG_20250717_111215_BELLY.jpg,10,A06_15_02_W_roh_BELLY.jpg,0.6131414175033569
IMG_20250717_111215_BELLY.jpg,11,IMG_20250717_112327_BELLY.jpg,0.6091341972351074
IMG_20250717_111215_BELLY.jpg,12,IMG-20250607-WA0006_BELLY.jpg,0.6082294583320618
IMG_20250717_111215_BELLY.jpg,13,A01_17_01_W_roh_BELLY.jpg,0.6066464781761169
IMG_20250717_111215_BELLY.jpg,14,IMG-20250626-WA0015_BELLY.jpg,0.6056191921234131
IMG_20250717_111215_BELLY.jpg,15,IMG-20250626-WA0024_BELLY.jpg,0.6055647134780884
IMG_20250717_111215_BELLY.jpg,16,A04_12_04_W_roh_BELLY.jpg,0.6048485040664673
IMG_20250717_111215_BELLY.jpg,17,A01_15_03_W_roh_BELLY.jpg,0.6033783555030823
IMG_20250717_111215_BELLY.jpg,18,IMG-20250626-WA0025_BELLY.jpg,0.6027847528457642
IMG_20250717_111215_BELLY.jpg,19,IMG-20250626-WA0013_BELLY.jpg,0.600848376750946
IMG_20250717_111215_BELLY.jpg,20,IMG_20250717_113844_BELLY.jpg,0.5987226366996765
IMG_20250717_111516_BELLY.jpg,1,IMG_20250717_123656_BELLY.jpg,0.6346240639686584
IMG_20250717_111516_BELLY.jpg,2,IMG_20250717_111635_BELLY.jpg,0.6252498626708984
IMG_20250717_111516_BELLY.jpg,3,IMG-20250919-WA0012_BELLY.jpg,0.6169460415840149
IMG_20250717_111516_BELLY.jpg,4,A06_15_02_W_roh_BELLY.jpg,0.6102722883224487
IMG_20250717_111516_BELLY.jpg,5,A06_03_01_M_roh_BELLY.jpg,0.6054592132568359
IMG_20250717_111516_BELLY.jpg,6,IMG-20250626-WA0025_BELLY.jpg,0.6048906445503235
IMG_20250717_111516_BELLY.jpg,7,A08_18_02_W_roh_BELLY.jpg,0.6034621000289917
IMG_20250717_111516_BELLY.jpg,8,IMG-20250626-WA0024_BELLY.jpg,0.6018444299697876
IMG_20250717_111516_BELLY.jpg,9,A08_15_04_M_roh_BELLY.jpg,0.6015145182609558
IMG_20250717_111516_BELLY.jpg,10,A01_03_07_W_roh_BELLY.jpg,0.6012020707130432
IMG_20250717_111516_BELLY.jpg,11,A07_17_06_W_roh_BELLY.jpg,0.5985291004180908
IMG_20250717_111516_BELLY.jpg,12,A05_15_03_W_roh_BELLY.jpg,0.597292423248291
IMG_20250717_111516_BELLY.jpg,13,IMG-20250919-WA0011_BELLY.jpg,0.5968407988548279
IMG_20250717_111516_BELLY.jpg,14,A04_03_01_W_roh_BELLY.jpg,0.5955986380577087
IMG_20250717_111516_BELLY.jpg,15,A08_18_13_W_roh_BELLY.jpg,0.593373715877533
IMG_20250717_111516_BELLY.jpg,16,A08_18_18_W_roh_BELLY.jpg,0.5921018719673157
IMG_20250717_111516_BELLY.jpg,17,IMG-20250607-WA0003_BELLY.jpg,0.5896860361099243
IMG_20250717_111516_BELLY.jpg,18,A03_12_03_M_roh_BELLY.jpg,0.5880770087242126
IMG_20250717_111516_BELLY.jpg,19,A06_17_04_W_roh_BELLY.jpg,0.5861378908157349
IMG_20250717_111516_BELLY.jpg,20,IMG-20250717-WA0011_BELLY.jpg,0.5841189026832581
IMG_20250717_111635_BELLY.jpg,1,IMG-20250919-WA0011_BELLY.jpg,0.8441920280456543
IMG_20250717_111635_BELLY.jpg,2,IMG-20250919-WA0014_BELLY.jpg,0.8330909013748169
IMG_20250717_111635_BELLY.jpg,3,IMG_20250717_111516_BELLY.jpg,0.6252498626708984
IMG_20250717_111635_BELLY.jpg,4,A08_06_10_M_roh_BELLY.jpg,0.6158439517021179
IMG_20250717_111635_BELLY.jpg,5,A06_03_01_M_roh_BELLY.jpg,0.6099979877471924
IMG_20250717_111635_BELLY.jpg,6,IMG_20250717_123430_BELLY.jpg,0.5994081497192383
IMG_20250717_111635_BELLY.jpg,7,A01_18_04_M_roh_BELLY.jpg,0.5990464687347412
IMG_20250717_111635_BELLY.jpg,8,A06_15_02_W_roh_BELLY.jpg,0.5881710648536682
IMG_20250717_111635_BELLY.jpg,9,A07_08_04_M_roh_BELLY.jpg,0.5797895789146423
IMG_20250717_111635_BELLY.jpg,10,A02_06_07_M_roh_BELLY.jpg,0.5797703266143799
IMG_20250717_111635_BELLY.jpg,11,A02_03_02_M_roh_BELLY.jpg,0.5790440440177917
IMG_20250717_111635_BELLY.jpg,12,A04_06_02_M_roh_BELLY.jpg,0.5787422060966492
IMG_20250717_111635_BELLY.jpg,13,A06_12_01_W_roh_BELLY.jpg,0.5767413973808289
IMG_20250717_111635_BELLY.jpg,14,IMG-20250607-WA0003_BELLY.jpg,0.5755902528762817
IMG_20250717_111635_BELLY.jpg,15,IMG-20250626-WA0024_BELLY.jpg,0.5740754008293152
IMG_20250717_111635_BELLY.jpg,16,A07_17_03_W_roh_BELLY.jpg,0.5708733201026917
IMG_20250717_111635_BELLY.jpg,17,IMG_20250717_112327_BELLY.jpg,0.5706280469894409
IMG_20250717_111635_BELLY.jpg,18,A04_06_01_M_roh_BELLY.jpg,0.5695773363113403
IMG_20250717_111635_BELLY.jpg,19,A01_17_01_W_roh_BELLY.jpg,0.5680704116821289
IMG_20250717_111635_BELLY.jpg,20,IMG-20250910-WA0022_BELLY.jpg,0.5650514960289001
IMG_20250717_112327_BELLY.jpg,1,A08_18_03_W_roh_BELLY.jpg,0.7895527482032776
IMG_20250717_112327_BELLY.jpg,2,A03_18_07_M_roh_BELLY.jpg,0.6743541359901428
IMG_20250717_112327_BELLY.jpg,3,IMG-20250919-WA0012_BELLY.jpg,0.666968584060669
IMG_20250717_112327_BELLY.jpg,4,IMG-20250626-WA0014_BELLY.jpg,0.6663668751716614
IMG_20250717_112327_BELLY.jpg,5,IMG-20250626-WA0015_BELLY.jpg,0.6651448011398315
IMG_20250717_112327_BELLY.jpg,6,A06_12_04_W_roh_BELLY.jpg,0.6597237586975098
IMG_20250717_112327_BELLY.jpg,7,A06_12_01_W_roh_BELLY.jpg,0.6518723368644714
IMG_20250717_112327_BELLY.jpg,8,A05_18_07_W_roh_BELLY.jpg,0.6494104862213135
IMG_20250717_112327_BELLY.jpg,9,IMG_20250717_104652_BELLY.jpg,0.6494104266166687
IMG_20250717_112327_BELLY.jpg,10,IMG-20250910-WA0022_BELLY.jpg,0.6446374654769897
IMG_20250717_112327_BELLY.jpg,11,IMG_20250717_113156_BELLY.jpg,0.6414893865585327
IMG_20250717_112327_BELLY.jpg,12,IMG-20250607-WA0007_BELLY.jpg,0.637763261795044
IMG_20250717_112327_BELLY.jpg,13,A08_15_07_W_roh_BELLY.jpg,0.6353709101676941
IMG_20250717_112327_BELLY.jpg,14,A05_18_06_W_roh_BELLY.jpg,0.6334534287452698
IMG_20250717_112327_BELLY.jpg,15,A05_12_03_W_roh_BELLY.jpg,0.6316790580749512
IMG_20250717_112327_BELLY.jpg,16,IMG-20250607-WA0003_BELLY.jpg,0.6278270483016968
IMG_20250717_112327_BELLY.jpg,17,A07_17_06_W_roh_BELLY.jpg,0.6257129907608032
IMG_20250717_112327_BELLY.jpg,18,A08_18_23_W_roh_BELLY.jpg,0.6234945058822632
IMG_20250717_112327_BELLY.jpg,19,A01_15_03_W_roh_BELLY.jpg,0.6220837235450745
IMG_20250717_112327_BELLY.jpg,20,A03_15_04_W_roh_BELLY.jpg,0.6217046976089478
IMG_20250717_113156_BELLY.jpg,1,IMG_20250807_104343_BELLY.jpg,0.8250698447227478
IMG_20250717_113156_BELLY.jpg,2,IMG_20250717_105046_BELLY.jpg,0.667559802532196
IMG_20250717_113156_BELLY.jpg,3,IMG-20250626-WA0015_BELLY.jpg,0.6566611528396606
IMG_20250717_113156_BELLY.jpg,4,IMG_20250717_112327_BELLY.jpg,0.6414893865585327
IMG_20250717_113156_BELLY.jpg,5,A08_15_04_M_roh_BELLY.jpg,0.640788733959198
IMG_20250717_113156_BELLY.jpg,6,A04_03_01_W_roh_BELLY.jpg,0.639848530292511
IMG_20250717_113156_BELLY.jpg,7,IMG-20250626-WA0014_BELLY.jpg,0.6344565153121948
IMG_20250717_113156_BELLY.jpg,8,IMG_20250717_110833_BELLY.jpg,0.6325128078460693
IMG_20250717_113156_BELLY.jpg,9,A08_18_13_W_roh_BELLY.jpg,0.6309787034988403
IMG_20250717_113156_BELLY.jpg,10,IMG-20250626-WA0013_BELLY.jpg,0.6304956078529358
IMG_20250717_113156_BELLY.jpg,11,A05_18_07_W_roh_BELLY.jpg,0.6279041171073914
IMG_20250717_113156_BELLY.jpg,12,IMG-20250607-WA0007_BELLY.jpg,0.6267383694648743
IMG_20250717_113156_BELLY.jpg,13,A06_12_04_W_roh_BELLY.jpg,0.6150100231170654
IMG_20250717_113156_BELLY.jpg,14,IMG-20250919-WA0012_BELLY.jpg,0.6077424883842468
IMG_20250717_113156_BELLY.jpg,15,IMG-20250626-WA0024_BELLY.jpg,0.6066163778305054
IMG_20250717_113156_BELLY.jpg,16,A07_17_06_W_roh_BELLY.jpg,0.6065673828125
IMG_20250717_113156_BELLY.jpg,17,A04_12_02_M_roh_BELLY.jpg,0.6041315197944641
IMG_20250717_113156_BELLY.jpg,18,A03_12_03_M_roh_BELLY.jpg,0.5990277528762817
IMG_20250717_113156_BELLY.jpg,19,A01_15_03_W_roh_BELLY.jpg,0.5962173342704773
IMG_20250717_113156_BELLY.jpg,20,IMG_20250807_104159_BELLY.jpg,0.5946560502052307
IMG_20250717_113633_BELLY.jpg,1,A08_18_01_M_roh_BELLY.jpg,0.7391597032546997
IMG_20250717_113633_BELLY.jpg,2,IMG_20250717_113844_BELLY.jpg,0.6239418983459473
IMG_20250717_113633_BELLY.jpg,3,IMG-20250910-WA0022_BELLY.jpg,0.6090191006660461
IMG_20250717_113633_BELLY.jpg,4,IMG-20250910-WA0029_BELLY.jpg,0.6079995036125183
IMG_20250717_113633_BELLY.jpg,5,IMG-20250910-WA0016_BELLY.jpg,0.5930382609367371
IMG_20250717_113633_BELLY.jpg,6,IMG-20250919-WA0009_BELLY.jpg,0.5855907201766968
IMG_20250717_113633_BELLY.jpg,7,IMG-20250717-WA0013_BELLY.jpg,0.579872727394104
IMG_20250717_113633_BELLY.jpg,8,IMG_20250717_123430_BELLY.jpg,0.5786759853363037
IMG_20250717_113633_BELLY.jpg,9,IMG_20250501_132350_BELLY.jpg,0.5775843858718872
IMG_20250717_113633_BELLY.jpg,10,A02_03_01_W_roh_BELLY.jpg,0.5767651796340942
IMG_20250717_113633_BELLY.jpg,11,A01_18_14_W_roh_BELLY.jpg,0.5707247853279114
IMG_20250717_113633_BELLY.jpg,12,IMG_20250515_113414_BELLY.jpg,0.5686073303222656
IMG_20250717_113633_BELLY.jpg,13,IMG-20250919-WA0019_BELLY.jpg,0.5651910305023193
IMG_20250717_113633_BELLY.jpg,14,A08_18_21_M_roh_BELLY.jpg,0.5642732381820679
IMG_20250717_113633_BELLY.jpg,15,A03_15_04_W_roh_BELLY.jpg,0.5634687542915344
IMG_20250717_113633_BELLY.jpg,16,A02_06_04_M_roh_BELLY.jpg,0.5621774792671204
IMG_20250717_113633_BELLY.jpg,17,A04_15_06_M_roh_BELLY.jpg,0.5607595443725586
IMG_20250717_113633_BELLY.jpg,18,A08_18_09_M_roh_BELLY.jpg,0.5588544011116028
IMG_20250717_113633_BELLY.jpg,19,IMG-20250919-WA0020_BELLY.jpg,0.5569352507591248
IMG_20250717_113633_BELLY.jpg,20,A08_15_17_M_roh_BELLY.jpg,0.5567407011985779
IMG_20250717_113844_BELLY.jpg,1,A08_15_17_M_roh_BELLY.jpg,0.6807360053062439
IMG_20250717_113844_BELLY.jpg,2,A03_15_04_W_roh_BELLY.jpg,0.6667009592056274
IMG_20250717_113844_BELLY.jpg,3,A02_03_01_W_roh_BELLY.jpg,0.6506103277206421
IMG_20250717_113844_BELLY.jpg,4,IMG-20250910-WA0022_BELLY.jpg,0.6472053527832031
IMG_20250717_113844_BELLY.jpg,5,IMG-20250910-WA0029_BELLY.jpg,0.6428658366203308
IMG_20250717_113844_BELLY.jpg,6,IMG_20250501_132350_BELLY.jpg,0.6427371501922607
IMG_20250717_113844_BELLY.jpg,7,A08_18_03_W_roh_BELLY.jpg,0.6350114345550537
IMG_20250717_113844_BELLY.jpg,8,A06_12_01_W_roh_BELLY.jpg,0.6347786784172058
IMG_20250717_113844_BELLY.jpg,9,A08_18_08_M_roh_BELLY.jpg,0.6332893967628479
IMG_20250717_113844_BELLY.jpg,10,A04_15_06_M_roh_BELLY.jpg,0.6282532811164856
IMG_20250717_113844_BELLY.jpg,11,IMG-20250910-WA0064_BELLY.jpg,0.6274940967559814
IMG_20250717_113844_BELLY.jpg,12,IMG_20250717_113633_BELLY.jpg,0.6239418983459473
IMG_20250717_113844_BELLY.jpg,13,A03_18_06_W_roh_BELLY.jpg,0.6237021088600159
IMG_20250717_113844_BELLY.jpg,14,IMG_20250717_123430_BELLY.jpg,0.6236523985862732
IMG_20250717_113844_BELLY.jpg,15,A01_17_01_W_roh_BELLY.jpg,0.6229763031005859
IMG_20250717_113844_BELLY.jpg,16,IMG-20250919-WA0012_BELLY.jpg,0.6213291883468628
IMG_20250717_113844_BELLY.jpg,17,IMG-20250910-WA0062_BELLY.jpg,0.616631031036377
IMG_20250717_113844_BELLY.jpg,18,A08_15_05_M_roh_BELLY.jpg,0.6142439842224121
IMG_20250717_113844_BELLY.jpg,19,A08_18_12_W_roh_BELLY.jpg,0.6121762990951538
IMG_20250717_113844_BELLY.jpg,20,A06_15_02_W_roh_BELLY.jpg,0.6115796566009521
IMG_20250717_123430_BELLY.jpg,1,IMG-20250910-WA0022_BELLY.jpg,0.8019672632217407
IMG_20250717_123430_BELLY.jpg,2,IMG-20250910-WA0029_BELLY.jpg,0.7982277870178223
IMG_20250717_123430_BELLY.jpg,3,IMG-20250919-WA0009_BELLY.jpg,0.7430763244628906
IMG_20250717_123430_BELLY.jpg,4,A03_15_04_W_roh_BELLY.jpg,0.625087320804596
IMG_20250717_123430_BELLY.jpg,5,IMG_20250717_113844_BELLY.jpg,0.6236523985862732
IMG_20250717_123430_BELLY.jpg,6,A05_15_03_W_roh_BELLY.jpg,0.6205699443817139
IMG_20250717_123430_BELLY.jpg,7,A01_18_12_M_roh_BELLY.jpg,0.6134873032569885
IMG_20250717_123430_BELLY.jpg,8,IMG-20250717-WA0017_BELLY.jpg,0.6119582056999207
IMG_20250717_123430_BELLY.jpg,9,A04_15_06_M_roh_BELLY.jpg,0.6075430512428284
IMG_20250717_123430_BELLY.jpg,10,A08_06_10_M_roh_BELLY.jpg,0.6023889183998108
IMG_20250717_123430_BELLY.jpg,11,IMG_20250515_113414_BELLY.jpg,0.6021531820297241
IMG_20250717_123430_BELLY.jpg,12,IMG_20250717_111635_BELLY.jpg,0.5994081497192383
IMG_20250717_123430_BELLY.jpg,13,A08_18_13_W_roh_BELLY.jpg,0.5946983695030212
IMG_20250717_123430_BELLY.jpg,14,A03_12_03_M_roh_BELLY.jpg,0.5932509303092957
IMG_20250717_123430_BELLY.jpg,15,A03_12_02_W_roh_BELLY.jpg,0.5915004014968872
IMG_20250717_123430_BELLY.jpg,16,A08_18_20_W_roh_BELLY.jpg,0.5870180130004883
IMG_20250717_123430_BELLY.jpg,17,IMG_20250717_112327_BELLY.jpg,0.5861566662788391
IMG_20250717_123430_BELLY.jpg,18,IMG_20250501_132115_BELLY.jpg,0.5850896239280701
IMG_20250717_123430_BELLY.jpg,19,A08_18_01_M_roh_BELLY.jpg,0.5786846876144409
IMG_20250717_123430_BELLY.jpg,20,IMG_20250717_113633_BELLY.jpg,0.5786759853363037
IMG_20250717_123656_BELLY.jpg,1,A05_15_03_W_roh_BELLY.jpg,0.6415389180183411
IMG_20250717_123656_BELLY.jpg,2,IMG_20250717_111516_BELLY.jpg,0.6346240639686584
IMG_20250717_123656_BELLY.jpg,3,IMG-20250919-WA0012_BELLY.jpg,0.6089661121368408
IMG_20250717_123656_BELLY.jpg,4,IMG_20250501_132115_BELLY.jpg,0.5705353617668152
IMG_20250717_123656_BELLY.jpg,5,A06_15_02_W_roh_BELLY.jpg,0.568874180316925
IMG_20250717_123656_BELLY.jpg,6,IMG_20250717_104525_BELLY.jpg,0.5677762031555176
IMG_20250717_123656_BELLY.jpg,7,IMG_20250717_123430_BELLY.jpg,0.5645716786384583
IMG_20250717_123656_BELLY.jpg,8,A06_12_01_W_roh_BELLY.jpg,0.562470555305481
IMG_20250717_123656_BELLY.jpg,9,IMG-20250910-WA0014_BELLY.jpg,0.5578967332839966
IMG_20250717_123656_BELLY.jpg,10,IMG-20250607-WA0003_BELLY.jpg,0.55605149269104
IMG_20250717_123656_BELLY.jpg,11,A08_15_06_W_roh_BELLY.jpg,0.5536580085754395
IMG_20250717_123656_BELLY.jpg,12,A08_15_14_W_roh_BELLY.jpg,0.5514552593231201
IMG_20250717_123656_BELLY.jpg,13,IMG-20250910-WA0025_BELLY.jpg,0.5511572957038879
IMG_20250717_123656_BELLY.jpg,14,A01_05_03_W_roh_BELLY.jpg,0.5493600368499756
IMG_20250717_123656_BELLY.jpg,15,A01_03_07_W_roh_BELLY.jpg,0.547810435295105
IMG_20250717_123656_BELLY.jpg,16,A05_18_07_W_roh_BELLY.jpg,0.5443251132965088
IMG_20250717_123656_BELLY.jpg,17,A01_18_12_M_roh_BELLY.jpg,0.5428009629249573
IMG_20250717_123656_BELLY.jpg,18,IMG-20250910-WA0029_BELLY.jpg,0.5425421595573425
IMG_20250717_123656_BELLY.jpg,19,IMG_20250717_113844_BELLY.jpg,0.5421556234359741
IMG_20250717_123656_BELLY.jpg,20,A08_18_13_W_roh_BELLY.jpg,0.541745662689209
IMG_20250807_103916_BELLY.jpg,1,A08_18_14_M_roh_BELLY.jpg,0.7553114891052246
IMG_20250807_103916_BELLY.jpg,2,A01_15_01_W_roh_BELLY.jpg,0.5601031184196472
IMG_20250807_103916_BELLY.jpg,3,A06_14_02_W_roh_BELLY.jpg,0.5560662150382996
IMG_20250807_103916_BELLY.jpg,4,IMG_20250807_104159_BELLY.jpg,0.5456557869911194
IMG_20250807_103916_BELLY.jpg,5,A04_17_02_W_roh_BELLY.jpg,0.5340542793273926
IMG_20250807_103916_BELLY.jpg,6,A08_12_15_W_roh_BELLY.jpg,0.5236649513244629
IMG_20250807_103916_BELLY.jpg,7,A02_03_01_W_roh_BELLY.jpg,0.5219258666038513
IMG_20250807_103916_BELLY.jpg,8,IMG-20250626-WA0022_BELLY.jpg,0.517308235168457
IMG_20250807_103916_BELLY.jpg,9,IMG_20250807_110659_BELLY.jpg,0.5132398009300232
IMG_20250807_103916_BELLY.jpg,10,IMG-20250626-WA0013_BELLY.jpg,0.5096213221549988
IMG_20250807_103916_BELLY.jpg,11,A01_15_03_W_roh_BELLY.jpg,0.5078526735305786
IMG_20250807_103916_BELLY.jpg,12,A04_12_04_W_roh_BELLY.jpg,0.5052657723426819
IMG_20250807_103916_BELLY.jpg,13,IMG-20250919-WA0020_BELLY.jpg,0.5036854147911072
IMG_20250807_103916_BELLY.jpg,14,IMG-20250626-WA0021_BELLY.jpg,0.5033146142959595
IMG_20250807_103916_BELLY.jpg,15,IMG-20250626-WA0024_BELLY.jpg,0.5025532245635986
IMG_20250807_103916_BELLY.jpg,16,A06_15_03_W_roh_BELLY.jpg,0.5001459121704102
IMG_20250807_103916_BELLY.jpg,17,A08_18_12_W_roh_BELLY.jpg,0.4984804391860962
IMG_20250807_103916_BELLY.jpg,18,IMG_20250717_110833_BELLY.jpg,0.49785929918289185
IMG_20250807_103916_BELLY.jpg,19,IMG-20250626-WA0004_BELLY.jpg,0.49680548906326294
IMG_20250807_103916_BELLY.jpg,20,IMG_20250807_104343_BELLY.jpg,0.49612975120544434
IMG_20250807_104159_BELLY.jpg,1,IMG-20250626-WA0024_BELLY.jpg,0.8028395771980286
IMG_20250807_104159_BELLY.jpg,2,IMG-20250626-WA0025_BELLY.jpg,0.7717223167419434
IMG_20250807_104159_BELLY.jpg,3,A08_15_04_M_roh_BELLY.jpg,0.6688892841339111
IMG_20250807_104159_BELLY.jpg,4,IMG-20250626-WA0013_BELLY.jpg,0.6666574478149414
IMG_20250807_104159_BELLY.jpg,5,IMG-20250910-WA0064_BELLY.jpg,0.6523244380950928
IMG_20250807_104159_BELLY.jpg,6,IMG_20250717_110833_BELLY.jpg,0.6449680328369141
IMG_20250807_104159_BELLY.jpg,7,A01_18_14_W_roh_BELLY.jpg,0.6446194648742676
IMG_20250807_104159_BELLY.jpg,8,IMG_20250807_110659_BELLY.jpg,0.6405292749404907
IMG_20250807_104159_BELLY.jpg,9,A04_12_04_W_roh_BELLY.jpg,0.6363877654075623
IMG_20250807_104159_BELLY.jpg,10,IMG_20250807_104343_BELLY.jpg,0.6349800229072571
IMG_20250807_104159_BELLY.jpg,11,A08_18_06_W_roh_BELLY.jpg,0.6209911108016968
IMG_20250807_104159_BELLY.jpg,12,A02_03_01_W_roh_BELLY.jpg,0.6176502108573914
IMG_20250807_104159_BELLY.jpg,13,A04_06_01_M_roh_BELLY.jpg,0.6148670315742493
IMG_20250807_104159_BELLY.jpg,14,A02_06_04_M_roh_BELLY.jpg,0.6147102117538452
IMG_20250807_104159_BELLY.jpg,15,IMG-20250910-WA0062_BELLY.jpg,0.6135584115982056
IMG_20250807_104159_BELLY.jpg,16,A08_18_14_M_roh_BELLY.jpg,0.6117053627967834
IMG_20250807_104159_BELLY.jpg,17,IMG_20250515_113414_BELLY.jpg,0.6113167405128479
IMG_20250807_104159_BELLY.jpg,18,AT01_06_03_W_roh_BELLY.jpg,0.6073828935623169
IMG_20250807_104159_BELLY.jpg,19,A01_17_01_W_roh_BELLY.jpg,0.6072267889976501
IMG_20250807_104159_BELLY.jpg,20,A08_15_14_W_roh_BELLY.jpg,0.6064805388450623
IMG_20250807_104343_BELLY.jpg,1,IMG_20250717_113156_BELLY.jpg,0.8250698447227478
IMG_20250807_104343_BELLY.jpg,2,IMG_20250807_104159_BELLY.jpg,0.6349800229072571
IMG_20250807_104343_BELLY.jpg,3,IMG-20250626-WA0013_BELLY.jpg,0.6079331040382385
IMG_20250807_104343_BELLY.jpg,4,IMG_20250717_110833_BELLY.jpg,0.603138267993927
IMG_20250807_104343_BELLY.jpg,5,IMG-20250607-WA0007_BELLY.jpg,0.5999972224235535
IMG_20250807_104343_BELLY.jpg,6,IMG_20250717_112327_BELLY.jpg,0.5909186601638794
IMG_20250807_104343_BELLY.jpg,7,IMG-20250626-WA0015_BELLY.jpg,0.5881260633468628
IMG_20250807_104343_BELLY.jpg,8,IMG-20250626-WA0024_BELLY.jpg,0.5875577926635742
IMG_20250807_104343_BELLY.jpg,9,A06_14_02_W_roh_BELLY.jpg,0.5861715078353882
IMG_20250807_104343_BELLY.jpg,10,A08_15_04_M_roh_BELLY.jpg,0.5840093493461609
IMG_20250807_104343_BELLY.jpg,11,A08_18_14_M_roh_BELLY.jpg,0.5818856954574585
IMG_20250807_104343_BELLY.jpg,12,IMG-20250910-WA0064_BELLY.jpg,0.572717547416687
IMG_20250807_104343_BELLY.jpg,13,A04_12_04_W_roh_BELLY.jpg,0.5716122984886169
IMG_20250807_104343_BELLY.jpg,14,A01_18_14_W_roh_BELLY.jpg,0.5714340806007385
IMG_20250807_104343_BELLY.jpg,15,A08_15_07_W_roh_BELLY.jpg,0.569250762462616
IMG_20250807_104343_BELLY.jpg,16,A08_18_13_W_roh_BELLY.jpg,0.5657912492752075
IMG_20250807_104343_BELLY.jpg,17,IMG_20250717_105046_BELLY.jpg,0.5639678239822388
IMG_20250807_104343_BELLY.jpg,18,A04_03_01_W_roh_BELLY.jpg,0.5618586540222168
IMG_20250807_104343_BELLY.jpg,19,A05_18_07_W_roh_BELLY.jpg,0.561756432056427
IMG_20250807_104343_BELLY.jpg,20,IMG-20250626-WA0014_BELLY.jpg,0.5604999661445618
IMG_20250807_105223_BELLY.jpg,1,A08_15_19_M_roh_BELLY.jpg,0.8108406066894531
IMG_20250807_105223_BELLY.jpg,2,IMG-20250829-WA0024_BELLY.jpg,0.6033673286437988
IMG_20250807_105223_BELLY.jpg,3,IMG-20250910-WA0023_BELLY.jpg,0.5802353024482727
IMG_20250807_105223_BELLY.jpg,4,A02_06_07_M_roh_BELLY.jpg,0.5795425176620483
IMG_20250807_105223_BELLY.jpg,5,A02_03_02_M_roh_BELLY.jpg,0.566638708114624
IMG_20250807_105223_BELLY.jpg,6,A08_18_04_W_roh_BELLY.jpg,0.5662549734115601
IMG_20250807_105223_BELLY.jpg,7,A08_18_03_W_roh_BELLY.jpg,0.5598594546318054
IMG_20250807_105223_BELLY.jpg,8,A03_18_07_M_roh_BELLY.jpg,0.5585863590240479
IMG_20250807_105223_BELLY.jpg,9,A04_12_02_M_roh_BELLY.jpg,0.5574541091918945
IMG_20250807_105223_BELLY.jpg,10,A04_06_02_M_roh_BELLY.jpg,0.5546450018882751
IMG_20250807_105223_BELLY.jpg,11,A08_18_23_W_roh_BELLY.jpg,0.5449132919311523
IMG_20250807_105223_BELLY.jpg,12,IMG-20250910-WA0064_BELLY.jpg,0.5430476069450378
IMG_20250807_105223_BELLY.jpg,13,IMG_20250717_112327_BELLY.jpg,0.5426571369171143
IMG_20250807_105223_BELLY.jpg,14,A08_17_17_W_roh_BELLY.jpg,0.5382825136184692
IMG_20250807_105223_BELLY.jpg,15,IMG-20250919-WA0021_BELLY.jpg,0.5367013216018677
IMG_20250807_105223_BELLY.jpg,16,A08_15_17_M_roh_BELLY.jpg,0.5352461934089661
IMG_20250807_105223_BELLY.jpg,17,A08_15_07_W_roh_BELLY.jpg,0.5341696739196777
IMG_20250807_105223_BELLY.jpg,18,IMG_20250807_105820_BELLY.jpg,0.5245246887207031
IMG_20250807_105223_BELLY.jpg,19,A03_15_04_W_roh_BELLY.jpg,0.5229236483573914
IMG_20250807_105223_BELLY.jpg,20,IMG-20250717-WA0012_BELLY.jpg,0.5221695303916931
IMG_20250807_105820_BELLY.jpg,1,A06_03_01_M_roh_BELLY.jpg,0.7582211494445801
IMG_20250807_105820_BELLY.jpg,2,IMG-20250607-WA0007_BELLY.jpg,0.6152760982513428
IMG_20250807_105820_BELLY.jpg,3,A05_18_06_W_roh_BELLY.jpg,0.6107938885688782
IMG_20250807_105820_BELLY.jpg,4,A08_18_23_W_roh_BELLY.jpg,0.6008265018463135
IMG_20250807_105820_BELLY.jpg,5,IMG-20250910-WA0027_BELLY.jpg,0.5996314883232117
IMG_20250807_105820_BELLY.jpg,6,IMG_20250717_112327_BELLY.jpg,0.5989275574684143
IMG_20250807_105820_BELLY.jpg,7,IMG-20250910-WA0030_BELLY.jpg,0.5952571630477905
IMG_20250807_105820_BELLY.jpg,8,A05_12_03_W_roh_BELLY.jpg,0.5897903442382812
IMG_20250807_105820_BELLY.jpg,9,IMG-20250829-WA0024_BELLY.jpg,0.585026741027832
IMG_20250807_105820_BELLY.jpg,10,IMG-20250919-WA0012_BELLY.jpg,0.5847696661949158
IMG_20250807_105820_BELLY.jpg,11,A07_17_03_W_roh_BELLY.jpg,0.5834670662879944
IMG_20250807_105820_BELLY.jpg,12,A04_15_05_W_roh_BELLY.jpg,0.5787314772605896
IMG_20250807_105820_BELLY.jpg,13,IMG-20250626-WA0013_BELLY.jpg,0.577562153339386
IMG_20250807_105820_BELLY.jpg,14,A02_03_02_M_roh_BELLY.jpg,0.5728365182876587
IMG_20250807_105820_BELLY.jpg,15,IMG-20250626-WA0024_BELLY.jpg,0.5712217092514038
IMG_20250807_105820_BELLY.jpg,16,A03_18_07_M_roh_BELLY.jpg,0.5687694549560547
IMG_20250807_105820_BELLY.jpg,17,A08_18_03_W_roh_BELLY.jpg,0.5639621019363403
IMG_20250807_105820_BELLY.jpg,18,A07_08_04_M_roh_BELLY.jpg,0.5639495253562927
IMG_20250807_105820_BELLY.jpg,19,A06_15_02_W_roh_BELLY.jpg,0.5601027011871338
IMG_20250807_105820_BELLY.jpg,20,IMG_20250807_110659_BELLY.jpg,0.5594420433044434
IMG_20250807_110659_BELLY.jpg,1,IMG-20250626-WA0013_BELLY.jpg,0.8502395153045654
IMG_20250807_110659_BELLY.jpg,2,IMG_20250807_104159_BELLY.jpg,0.6405292749404907
IMG_20250807_110659_BELLY.jpg,3,IMG-20250626-WA0025_BELLY.jpg,0.6186227202415466
IMG_20250807_110659_BELLY.jpg,4,IMG-20250626-WA0024_BELLY.jpg,0.6150794625282288
IMG_20250807_110659_BELLY.jpg,5,IMG-20250910-WA0062_BELLY.jpg,0.6053222417831421
IMG_20250807_110659_BELLY.jpg,6,A01_15_03_W_roh_BELLY.jpg,0.589409589767456
IMG_20250807_110659_BELLY.jpg,7,A02_08_05_M_roh_BELLY.jpg,0.5893478989601135
IMG_20250807_110659_BELLY.jpg,8,IMG_20250717_110833_BELLY.jpg,0.5879363417625427
IMG_20250807_110659_BELLY.jpg,9,A01_18_14_W_roh_BELLY.jpg,0.5817692279815674
IMG_20250807_110659_BELLY.jpg,10,A04_12_02_M_roh_BELLY.jpg,0.579684853553772
IMG_20250807_110659_BELLY.jpg,11,IMG-20250910-WA0064_BELLY.jpg,0.5789167881011963
IMG_20250807_110659_BELLY.jpg,12,A05_18_07_W_roh_BELLY.jpg,0.5784912109375
IMG_20250807_110659_BELLY.jpg,13,A06_03_02_W_roh_BELLY.jpg,0.5776918530464172
IMG_20250807_110659_BELLY.jpg,14,A08_18_21_M_roh_BELLY.jpg,0.5765219926834106
IMG_20250807_110659_BELLY.jpg,15,IMG-20250919-WA0012_BELLY.jpg,0.5726506114006042
IMG_20250807_110659_BELLY.jpg,16,A08_15_04_M_roh_BELLY.jpg,0.5720499753952026
IMG_20250807_110659_BELLY.jpg,17,A04_03_01_W_roh_BELLY.jpg,0.5714848041534424
IMG_20250807_110659_BELLY.jpg,18,AT01_06_03_W_roh_BELLY.jpg,0.5683606863021851
IMG_20250807_110659_BELLY.jpg,19,A05_18_06_W_roh_BELLY.jpg,0.567709743976593
IMG_20250807_110659_BELLY.jpg,20,IMG_20250717_111215_BELLY.jpg,0.5672464370727539
